{"type":"Topology","objects":{"formatted":{"type":"GeometryCollection","geometries":[{"type":"Polygon","arcs":[[0,1,2,3]],"id":"vablock_stadtbezirke_opendata.1","properties":{"objectid":5,"x":692846.0041,"y":5330905.9103,"sb_nummer":"17","name":"Obergiesing-Fasangarten","flaeche_qm":5720866.26584855}},{"type":"Polygon","arcs":[[4,5,6,-1,7,8,9]],"id":"vablock_stadtbezirke_opendata.2","properties":{"objectid":11,"x":693079.3261,"y":5333914.6223,"sb_nummer":"05","name":"Au-Haidhausen","flaeche_qm":4219982.79991746}},{"type":"Polygon","arcs":[[10,11,12,13,14,15,16]],"id":"vablock_stadtbezirke_opendata.3","properties":{"objectid":6,"x":687163.2043,"y":5336627.6164,"sb_nummer":"09","name":"Neuhausen-Nymphenburg","flaeche_qm":12914863.7572447}},{"type":"Polygon","arcs":[[17,18,19,20,-12,21,22]],"id":"vablock_stadtbezirke_opendata.4","properties":{"objectid":24,"x":683362.5274,"y":5336112.546,"sb_nummer":"21","name":"Pasing-Obermenzing","flaeche_qm":16497538.9250385}},{"type":"Polygon","arcs":[[23,24,25,26]],"id":"vablock_stadtbezirke_opendata.5","properties":{"objectid":7,"x":687175.6088,"y":5343003.1122,"sb_nummer":"24","name":"Feldmoching-Hasenbergl","flaeche_qm":28938452.2377297}},{"type":"Polygon","arcs":[[-15,27,28,29,30,31]],"id":"vablock_stadtbezirke_opendata.6","properties":{"objectid":16,"x":690746.7901,"y":5335985.0744,"sb_nummer":"03","name":"Maxvorstadt","flaeche_qm":4298192.33209179}},{"type":"Polygon","arcs":[[-30,32,-5,33,34]],"id":"vablock_stadtbezirke_opendata.7","properties":{"objectid":12,"x":692099.9966,"y":5335009.3765,"sb_nummer":"01","name":"Altstadt-Lehel","flaeche_qm":3145888.14344101}},{"type":"Polygon","arcs":[[35,36,-31,-35,37,38]],"id":"vablock_stadtbezirke_opendata.8","properties":{"objectid":10,"x":693837.5958,"y":5340723.4142,"sb_nummer":"12","name":"Schwabing-Freimann","flaeche_qm":25674767.4554856}},{"type":"Polygon","arcs":[[39,40,41,42]],"id":"vablock_stadtbezirke_opendata.9","properties":{"objectid":13,"x":699191.3166,"y":5333486.8626,"sb_nummer":"15","name":"Trudering-Riem","flaeche_qm":22453921.6262857}},{"type":"Polygon","arcs":[[43]],"id":"vablock_stadtbezirke_opendata.10","properties":{"objectid":9,"x":691525.6042,"y":5330725.1894,"sb_nummer":"18","name":"Untergiesing-Harlaching","flaeche_qm":8057218.13350494}},{"type":"Polygon","arcs":[[44,45,46,47,-2,-7]],"id":"vablock_stadtbezirke_opendata.11","properties":{"objectid":9,"x":691525.6042,"y":5330725.1894,"sb_nummer":"18","name":"Untergiesing-Harlaching","flaeche_qm":8057218.13350494}},{"type":"Polygon","arcs":[[-4,48,-41,49,-8]],"id":"vablock_stadtbezirke_opendata.12","properties":{"objectid":19,"x":696426.5439,"y":5330746.5029,"sb_nummer":"16","name":"Ramersdorf-Perlach","flaeche_qm":19897135.9697412}},{"type":"Polygon","arcs":[[-22,-11,50,-25,51]],"id":"vablock_stadtbezirke_opendata.13","properties":{"objectid":25,"x":686878.4758,"y":5339357.8748,"sb_nummer":"10","name":"Moosach","flaeche_qm":11093673.1350393}},{"type":"Polygon","arcs":[[-16,-32,-37,52]],"id":"vablock_stadtbezirke_opendata.14","properties":{"objectid":2,"x":690961.6772,"y":5337943.6606,"sb_nummer":"04","name":"Schwabing-West","flaeche_qm":4363287.4951641}},{"type":"Polygon","arcs":[[53,54,55,56,-20]],"id":"vablock_stadtbezirke_opendata.15","properties":{"objectid":18,"x":684742.4326,"y":5331884.6194,"sb_nummer":"20","name":"Hadern","flaeche_qm":9223789.35112984}},{"type":"Polygon","arcs":[[57,-18,58]],"id":"vablock_stadtbezirke_opendata.16","properties":{"objectid":3,"x":678872.3106,"y":5337432.7285,"sb_nummer":"22","name":"Aubing-Lochhausen-Langwied","flaeche_qm":34057321.8028648}},{"type":"Polygon","arcs":[[-26,-51,-17,-53,-36,59]],"id":"vablock_stadtbezirke_opendata.17","properties":{"objectid":4,"x":691329.649,"y":5341209.7953,"sb_nummer":"11","name":"Milbertshofen-Am Hart","flaeche_qm":13417212.1946763}},{"type":"Polygon","arcs":[[60,-59,-23,-52,-24]],"id":"vablock_stadtbezirke_opendata.18","properties":{"objectid":1,"x":682898.776,"y":5340522.0588,"sb_nummer":"23","name":"Allach-Untermenzing","flaeche_qm":15451185.1540924}},{"type":"Polygon","arcs":[[61,-56,62,63,64]],"id":"vablock_stadtbezirke_opendata.19","properties":{"objectid":8,"x":687455.0096,"y":5332376.6148,"sb_nummer":"07","name":"Sendling-Westpark","flaeche_qm":7814853.08893358}},{"type":"Polygon","arcs":[[65,66,-45,-6,-33,-29]],"id":"vablock_stadtbezirke_opendata.20","properties":{"objectid":15,"x":690462.8434,"y":5333822.6403,"sb_nummer":"02","name":"Ludwigsvorstadt-Isarvorstadt","flaeche_qm":4401650.66894224}},{"type":"Polygon","arcs":[[-38,-34,-10,67,-43,68]],"id":"vablock_stadtbezirke_opendata.21","properties":{"objectid":17,"x":696169.0417,"y":5337300.4625,"sb_nummer":"13","name":"Bogenhausen","flaeche_qm":23712962.0577367}},{"type":"Polygon","arcs":[[-21,-57,-62,69,-13]],"id":"vablock_stadtbezirke_opendata.22","properties":{"objectid":14,"x":686261.2808,"y":5334390.7015,"sb_nummer":"25","name":"Laim","flaeche_qm":5286014.77050238}},{"type":"Polygon","arcs":[[-9,-50,-40,-68]],"id":"vablock_stadtbezirke_opendata.23","properties":{"objectid":22,"x":695695.4633,"y":5333706.0917,"sb_nummer":"14","name":"Berg am Laim","flaeche_qm":6315330.58898593}},{"type":"Polygon","arcs":[[-14,-70,-65,70,-66,-28]],"id":"vablock_stadtbezirke_opendata.24","properties":{"objectid":23,"x":688848.7454,"y":5334532.6583,"sb_nummer":"08","name":"Schwanthalerhöhe","flaeche_qm":2070313.17766721}},{"type":"Polygon","arcs":[[-64,71,-46,-67,-71]],"id":"vablock_stadtbezirke_opendata.25","properties":{"objectid":21,"x":689587.7967,"y":5332129.9543,"sb_nummer":"06","name":"Sendling","flaeche_qm":3938931.87104538}},{"type":"Polygon","arcs":[[72]],"id":"vablock_stadtbezirke_opendata.26","properties":{"objectid":20,"x":687008.1953,"y":5328878.622,"sb_nummer":"19","name":"Thalkirchen-Obersendling-Forstenried-Fürstenried-Solln","flaeche_qm":17763489.7103392}},{"type":"Polygon","arcs":[[-63,-55,73,-47,-72]],"id":"vablock_stadtbezirke_opendata.27","properties":{"objectid":20,"x":687008.1953,"y":5328878.622,"sb_nummer":"19","name":"Thalkirchen-Obersendling-Forstenried-Fürstenried-Solln","flaeche_qm":17763489.7103392}}]}},"arcs":[[[658145,337864],[-483,908],[-130,259],[-53,-162],[-47,-67],[-49,-38],[-1240,-977],[-1893,-1255],[-2029,-1225],[-2333,-1368],[-132,139],[-1805,-680],[-1611,-615],[31,-113],[-2826,-1105],[-2593,-1027],[-185,-73],[-2909,-1133],[-7704,-3070],[-442,-173],[-6540,-2573],[-290,-117],[-142,-57],[-746,-303],[-223,143],[-663,-432],[-197,-116],[-369,-153],[-2676,-1007],[37,-159],[-378,-151],[-1785,-712],[-108,-43],[-31,159],[-215,-71],[-93,-35],[-300,-120],[-257,-103],[-64,-24],[-1429,-561],[-28,-83],[-27,-7],[-296,-91],[-535,-187],[-594,-232],[-987,-406],[-616,-265],[-334,-150],[-836,-423],[-769,-414],[-997,-559],[-230,-144],[-120,-82],[-1372,-857],[-2018,-1220],[-59,-58],[-43,-60],[-40,-77],[-23,-65],[-1213,-412],[-46,-15],[-21,315],[-18,261],[-36,-20],[-69,-36],[-227,-122],[-147,-79],[-58,-31],[-88,-47],[-427,-228]],[[600969,313860],[144,-447],[126,-1233],[56,-614],[-199,-2849],[-384,-7398],[-321,-2047],[-332,155],[-49,-39],[-148,-112],[-269,-696],[-115,-262],[-85,-197],[-306,-558],[-103,-156],[-112,-146],[-530,-788],[-79,-118],[-284,-445],[-132,-232],[-125,-241],[-112,-249],[-98,-261],[-185,-527],[-71,-128],[-176,-583],[-80,-275],[-149,-556],[-146,-557],[-139,-559],[-60,-284],[-52,-287],[-68,-446],[-31,-128],[-87,-271],[-280,-803],[-146,-420],[-274,-620],[-109,-258],[-107,-259],[-115,-255],[-94,-267],[-83,-274],[-132,-524],[-130,-553],[-144,-548],[-152,-545],[-161,-551],[-81,-274],[-88,-271],[-40,-111],[-1082,-2361],[-472,-1399],[-108,-829],[324,-1203],[1868,-180],[3461,-1119],[1149,-536],[865,-403],[1761,-1305],[1555,-1693],[1135,-1763],[366,-771],[807,-1699],[1655,-4175],[2638,-9262],[1255,-3509],[1158,-2629],[1933,-3568],[1814,-4025],[533,-1405],[346,-977],[-1865,-1143],[211,-663],[1602,-5112],[-702,-20886],[-123,-2632],[7,-567],[62,-336],[160,-424],[772,-1484],[490,439],[7457,6661],[682,611],[4002,-11611],[5006,-14411],[299,-834],[-248,-94],[-131,-128],[-63,-62],[-150,-147],[-62,-50],[-271,-219],[-2457,-1985],[-1551,-1253],[-2395,-1936],[-45,-37],[-21,-17],[-212,-173],[-176,-143]],[[627371,180346],[110,-67],[222,-136],[369,-151],[383,-25],[378,98],[363,176],[326,221],[306,267],[283,315],[1348,1356],[1220,-1674],[433,-277],[588,-98],[848,166],[552,250],[422,-67],[515,-499],[829,-2629],[229,-718],[-225,-105],[91,-257],[222,85],[387,-1233],[703,-2243],[628,-1993],[744,-2371],[701,-2250],[706,-2233],[736,-2350],[666,-2087],[679,-2162],[287,-909],[78,-249],[361,-1146],[689,-2179],[682,-2227],[657,-2253],[599,-2301],[478,-1999],[176,-1696],[87,-1492],[270,-2234],[634,-2229],[258,-916],[809,-116],[568,-81],[1380,-198],[568,383],[1873,1265],[-228,565],[-326,790],[535,320],[-256,738],[655,520],[118,94],[363,-831],[226,-518],[317,-724],[129,77],[832,487],[555,324],[1056,685],[1251,523],[1296,305],[1391,97],[804,212],[482,359],[421,703],[219,1495],[116,580],[256,475],[209,286],[103,74],[395,287],[3044,1430],[5762,2706],[3958,-9337],[34,21],[1160,-2715],[1926,2025],[1242,1484],[3239,3919],[1589,2376],[1530,119],[137,10],[158,14],[99,9],[605,53],[188,16],[53,5],[219,19],[52,5],[226,19],[124,11],[285,25],[32,2],[641,57],[672,56],[724,82],[319,36],[1710,195],[1311,204],[489,76],[981,191],[1252,243],[2819,650],[127,32],[-26,216],[-18,143],[-151,1245],[-349,1939],[-344,1787],[113,0],[98,1],[72,1],[583,4],[321,3],[224,-1],[107,4],[1513,12],[474,-9],[494,-8],[309,-5],[309,-5],[320,-5],[445,-5],[59,-2],[1681,-49],[814,43],[115,6],[248,12],[135,7],[116,6],[670,57],[668,37],[-158,1463],[-24,220],[-49,456],[1151,102],[171,15],[153,15],[291,0],[1189,7],[302,2]],[[713239,156753],[-31,189],[-626,3830],[-91,552],[-48,295],[-49,300],[-48,296],[-49,301],[-50,304],[-48,296],[-115,697],[-332,2033],[-239,1461],[-20,121],[-407,2488],[-109,669],[-49,298],[-99,608],[-169,1032],[-208,-155],[-242,-179],[-124,841],[421,394],[-552,3252],[-27,211],[-51,393],[-775,5117],[-89,583],[-575,4338],[-71,405],[-24,137],[-116,663],[-344,18],[-20,1],[-1081,17],[-2114,-97],[-1497,47],[-878,28],[-1852,-6],[1,193],[-695,-5],[-1769,-14],[-1030,-9],[-2535,108],[-512,22],[-55,2],[-373,-16],[-1497,-46],[-198,22],[-237,27],[-1191,136],[-191,21],[-762,265],[-946,328],[-810,281],[-863,299],[-46,16],[-619,421],[-323,219],[-323,220],[-663,450],[-620,421],[-493,335],[-151,179],[-564,669],[-563,668],[-543,644],[-463,549],[-210,249],[-6,9],[-219,425],[-378,730],[-373,721],[-204,393],[-174,335],[-42,82],[-336,650],[-353,683],[-294,569],[-104,351],[-228,775],[-229,776],[-277,938],[-325,-125],[-86,230],[-2123,5678],[-1624,4342],[-431,1149],[-1332,3549],[-110,779],[-1226,3292],[-1629,4336],[-1630,4336],[-773,2137],[-731,1227],[-195,706],[-200,722],[173,86],[-20,73],[-435,1602],[-263,1055],[-312,1250],[-35,132],[-243,912],[-327,1228],[163,72],[-592,2370],[-367,1469],[-317,1270],[-588,2351],[-252,1011],[-958,3839],[-327,1309],[-90,359],[-6,21],[-138,467],[-119,407],[67,256],[0,90],[-319,-141],[-168,-74],[-336,1303],[-58,249],[-333,2051],[-499,2642],[-405,1615],[-273,1051],[-487,1897],[-84,-37],[-663,2586],[86,37],[-140,547],[-1440,5640],[-12,51],[-258,1011],[-308,1013],[-876,2881],[-582,2591],[-104,607],[-103,596],[-195,1254],[-215,1289],[-305,1336],[-176,1189],[-100,763],[-83,697],[-28,315],[-25,282],[-31,346],[-93,1202],[-57,768],[-20,505],[-67,1390],[-1,758],[0,96],[-144,335],[-165,330],[-13,-2],[-16,69],[9,258],[-30,1362],[24,2433],[101,1941],[129,1525],[30,354],[185,1685],[245,2001],[77,626],[84,686],[160,1297],[247,2117],[132,1260],[73,293],[13,192],[36,488],[49,483],[9,99],[5,63],[18,9],[4,53],[-20,60],[-2,107],[111,1256],[118,1355],[1,35],[117,1293],[59,648],[158,3634],[16,167],[8,137],[44,691],[138,1140],[446,1959],[218,958],[61,268],[15,90],[262,837],[175,545],[170,440],[141,383],[274,659],[109,275],[102,280],[182,393],[518,953],[363,549],[409,782],[559,963],[118,-128],[162,222],[30,41]],[[646513,440043],[-33,-166],[-36,13],[-109,-514],[-35,13],[-1184,-5950],[37,-18],[-72,-389],[44,-84],[-137,-413],[-177,-534],[-122,-353],[-334,-853],[-1363,-3260],[-385,-823],[-291,-565],[-353,-630],[-329,-520],[-247,-356],[-2625,-3383],[-53,-68],[-52,-68],[-52,-68],[-53,-67],[-52,-68],[-52,-67],[-54,-70],[-53,-69],[-53,-68],[-52,-67],[-52,-68],[-54,-70],[-52,-68],[-52,-67],[-51,-66],[-54,-70],[-52,-67],[-35,-47],[-17,-22],[-53,-68],[-52,-69],[-53,-67],[-50,-66],[-54,-69],[-20,-26],[-31,-41],[-53,-69],[-54,-69],[-9,-12],[-43,-56],[-53,-68],[-53,-69],[-52,-68],[-53,-68],[-52,-67],[-53,-69],[-52,-68],[-51,-66],[-55,-71],[-44,-57],[-48,-63],[-19,-24],[-33,-44],[-51,-65],[-52,-68],[-52,-68],[-52,-67],[-53,-68],[-53,-69],[-51,-66],[-53,-69],[-53,-69],[-51,-66],[-53,-68],[-52,-67],[-53,-70],[-52,-67],[-52,-67],[-52,-69],[-53,-67],[-52,-68],[-25,-33],[-27,-35],[-52,-68],[-54,-69],[-51,-67],[-53,-68],[-52,-68],[-50,-64],[-53,-68],[-51,-67],[-55,-70],[-51,-66],[-52,-67],[-52,-68],[-51,-65],[-53,-67],[-51,-65],[-52,-66],[-50,-63],[-49,-62],[-50,-62],[-48,-60],[-52,-65],[-52,-65],[-137,-214],[-15,-27],[296,-97],[141,-46],[495,-163],[16,20],[22,8],[26,-10],[14,-20],[6,-25],[503,-165],[13,26],[515,1015],[499,834],[2703,3678],[241,97],[280,62],[46,-22],[43,-29],[41,-34],[38,-39],[35,-44],[31,-49],[27,-53],[24,-55],[18,-59],[14,-65],[10,-67],[3,-68],[-2,-68],[-8,-67],[-14,-65],[-536,-2807],[107,-35],[-107,-662],[-72,23],[-5,-28],[-18,-14],[-75,25],[-93,-348],[-130,-271],[-455,-641],[-316,-470],[-81,-224],[-75,-361],[-206,-1061],[-88,-361],[-100,-486],[-88,-266],[-103,-257],[-339,-754],[-613,-1306],[-712,-1469],[-177,-340],[-148,-300],[-167,-320],[-253,-467],[-758,-1230],[-848,-1172],[-324,-411],[-491,-555],[-336,-380],[-537,-525],[-26,-26],[-370,-246],[-473,-69],[-12,-14],[-116,-139],[-11,-13],[-380,-128],[-256,9],[-206,40],[-15,-44],[-262,158],[-232,-656],[8,-19],[-2,-20],[-11,-14],[-14,-2],[-234,-660],[10,-20],[-2,-21],[-12,-14],[-16,-1],[-233,-659],[10,-18],[-2,-22],[-12,-15],[-15,-1],[-235,-664],[12,-20],[-4,-25],[-16,-14],[-18,3],[-79,-209],[10,-18],[-1,-24],[-15,-17],[-17,1],[-81,-199],[11,-22],[-3,-21],[-13,-15],[-18,1],[-81,-199],[11,-20],[-3,-25],[-16,-14],[-15,1],[-81,-198],[11,-21],[-3,-23],[-14,-15],[-17,1],[-83,-204],[10,-22],[-4,-23],[-15,-13],[-16,2],[-291,-629],[9,-20],[-5,-23],[-15,-13],[-14,2],[-286,-619],[7,-20],[-5,-20],[-10,-10],[-15,-2],[-286,-618],[8,-21],[-5,-22],[-12,-12],[-16,1],[-286,-618],[185,-144],[-107,-231],[32,-25],[52,-6],[1096,72],[101,6],[108,15],[31,10],[94,31],[150,100],[-78,-391],[-48,-242],[-153,-338],[-477,-1094],[-446,-1109],[-464,-1045],[-406,-1079],[-646,-1175],[-663,-1349],[-85,-136],[-77,-81],[-140,-14],[-326,-697],[74,-24],[-23,-118],[-135,-693]],[[625141,385568],[2487,-825],[-135,-692],[-24,-120],[25,-7],[-64,-236],[-69,-232],[-77,-231],[-35,-89],[-4,0],[-86,-200],[-91,-203],[-115,-229],[-201,-341],[-628,-972],[38,-47],[-196,-295],[-35,37],[-221,-341],[-356,-561],[-353,-556],[-349,-563],[-344,-573],[-341,-570],[-337,-576],[-335,-581],[-330,-580],[-327,-587],[-324,-590],[-634,-1185],[-36,-71],[-17,-34],[-103,-200],[-66,-130],[-26,-48],[-2055,-3860],[-88,-160],[-72,-132],[-169,-288],[-181,-277],[-188,-264],[-198,-254],[-207,-245],[-211,-233],[-218,-222],[-223,-212],[-229,-194],[-238,-188],[-244,-174],[-251,-156],[-253,-144],[-260,-135],[-261,-114],[-267,-101],[-272,-86],[-269,-78],[-275,-61],[-275,-42],[-273,-27],[-277,-15],[-282,2],[-2552,49],[-181,4],[-470,9],[-130,-18],[-103,-38],[-146,-73],[-14,33],[-26,-18],[-58,-44],[-56,-50],[-14,-16],[-69,-75],[-197,-215],[-260,-283],[-15,-17],[-128,-137],[32,-74],[-252,-275],[-30,52],[-357,-345],[-178,-164],[-324,-265],[-517,-375],[-897,-587],[-632,-417],[-683,-463],[-381,-264],[-176,-130],[-173,-139],[-19,-14],[-121,-95],[-220,-184],[-164,-137],[-182,-153],[-163,-152],[-364,-330],[-300,-294],[-390,-407],[-443,-492],[-443,-565],[-3,-7],[-50,-61],[-18,-21],[21,-29],[-30,-39],[-277,-351],[-269,-347],[-28,-35],[31,-108],[-24,-111],[22,-43],[-12,-49],[-499,-581],[-481,-550],[-2088,-2314],[-2992,-3303],[-85,-95],[-87,-94],[-85,-95],[-86,-96],[-1503,-1662],[-73,-78],[-2121,-2336],[-83,-93],[-2135,-2334],[-592,-649],[-656,-780],[-108,-122],[-403,-488],[-392,-399],[-3107,-3506],[-3189,-3484],[-351,-383],[-362,-396],[-293,-321],[-426,-590]],[[579066,332372],[189,-161],[173,-191],[153,-216],[133,-240],[109,-258],[84,-274],[57,-285],[31,-292],[3,-289],[-23,-287],[-5,-35],[-19,-123],[-26,-127],[-28,-112],[-30,-106],[4803,-2613],[615,-456],[2355,-1750],[255,-172],[239,-161],[7580,-5566],[324,-150],[304,-146],[3093,-2298],[1032,-1043],[185,-259],[280,-796],[37,-106]],[[658145,337864],[233,327],[274,387],[45,69],[167,232],[-103,120],[612,779],[1492,1937],[31,47],[686,942],[2780,3608],[967,832],[45,82],[287,-113],[5,16],[51,254],[68,357],[13,68],[310,-257],[134,233]],[[666242,347784],[217,379],[214,318],[664,911],[166,137],[196,139],[215,119],[220,122],[465,223],[-2,68],[241,91],[706,248],[21,38],[-26,211],[292,64],[410,50],[193,5],[224,-12],[324,-38],[319,-61],[279,-89],[271,-111],[271,-138],[227,-128],[310,426],[1283,1781],[2568,3545],[2640,3645],[291,401],[1653,2273],[422,579],[1733,2381],[1919,2638],[653,896],[868,1192],[319,437],[427,662],[292,526],[318,687],[259,563],[2532,5510],[1613,3544],[186,560],[78,208],[90,212],[818,1755],[773,1692],[35,79],[126,279],[96,298],[23,236],[141,-112],[584,1247],[-307,202],[156,231],[44,65],[1699,2510],[152,225],[821,971],[198,235],[207,245],[1262,1247],[1357,1338],[278,227],[1273,1044],[1539,1038],[231,156],[647,385],[1045,623],[168,99],[204,93],[375,171],[315,117],[341,127],[456,169],[998,312],[1083,281],[1069,194],[137,11],[1398,108],[659,54],[1113,-37],[4,343],[-985,5362],[-126,547],[-6,29]],[[713204,407192],[-57,247],[-458,1988],[-1466,6365],[-88,384],[545,136],[-35,237],[1678,423],[2323,583],[548,138],[-165,1154],[-177,-33],[-366,-77],[-363,-85],[-160,961],[-148,884],[-47,824],[-44,808],[-44,797],[-37,696],[-6454,-206],[-6504,188],[-4517,130],[-5950,984],[-5140,1243],[-4211,1155],[-2680,733],[-28,-323],[-76,-825],[8,-391],[10,-574],[-63,-7],[-34,-45],[-1,-51],[-45,-27],[-19,-61],[20,-60],[47,-24],[48,30],[20,65],[31,0],[2,-119],[-460,-421],[-2693,-2686],[-787,134],[-375,61],[-275,-2924],[-362,73],[-41,9],[-1551,330],[-18,-53],[-2036,1003],[-391,193],[-1359,683],[3,181],[1,69],[0,13],[112,-7],[-8,81],[-11,600],[0,75],[-1,357],[-1,269],[-7,112],[-5,32],[79,-26],[34,184],[-174,87],[-403,932],[157,943],[95,668],[63,519],[39,590],[71,720],[60,553],[43,-6],[66,587],[216,1323],[154,772],[177,925],[-4166,1504],[-844,305],[-2895,1022],[-349,123],[-401,141],[-3039,1058],[-96,-464],[-66,-116],[-68,-99],[-80,-89],[-18,-17],[-44,-43],[-18,-17],[-94,-72],[-94,-60],[-108,-52],[-283,-14],[-272,-14],[-67,23],[-136,71],[-90,55],[-77,59],[-76,70],[-74,76],[-69,90],[-58,95],[-51,81],[-131,208],[-1690,588],[-209,73],[-312,109],[-116,32],[-63,7],[-53,7],[-53,-5],[-58,-5],[-109,-23],[-105,-37],[-106,-54],[-100,-72],[-91,-82],[-82,-93],[-76,-103],[-68,-120],[-54,-125],[-49,-131],[-578,-2277],[-116,-302],[-67,-123],[-83,-154],[-52,-74],[-123,-174],[-202,-211],[-226,-165],[-243,-119],[-253,-77],[-259,-18],[-258,32],[-252,80],[-238,134],[-219,180],[-193,224],[-165,261],[-34,77],[-94,217],[-88,317],[-49,331],[-3,338],[40,335],[599,2901],[-6,117],[-21,49],[-109,250],[-23,53],[-81,53],[-20,-80],[-86,32],[-5,-23],[-149,55],[5,23],[-39,13],[-50,18],[105,514],[-31,11],[35,165],[-2217,778]],[[486725,575494],[-597,-392],[-130,-74],[-3850,-2214],[187,-346],[-573,-374],[-164,-106],[-71,-47],[-600,-390],[-59,-16],[-128,-56],[-1528,-895],[-236,-140],[-63,214],[8,4],[-62,212],[-153,519],[-672,2272],[-55,167],[-63,162],[-83,160],[-2470,-1645],[-4084,-2074],[-1572,699],[-963,2876],[-609,1925],[-287,1283],[-183,736],[-169,783],[-274,1495],[-118,646],[-1386,-366],[-1025,-206],[-7859,-1162],[-995,-1572],[-349,-46],[-10342,-1495],[-2779,-617],[-1191,-355],[-919,-252],[-728,-200],[-1765,-485],[-631,-188],[-600,-203],[-3556,-1332],[-4675,-1809],[-305,-66],[-334,-49],[-155,-16],[-140,-12],[-495,42],[-491,84],[-485,125],[-462,161],[-486,212],[-458,246],[-829,542],[-468,289],[-434,297],[-429,320],[-566,350],[-857,483],[-1179,699],[-1986,1231],[-3353,3084],[-3153,2800],[-1247,-7102],[-1180,-5636],[-1746,-242],[-2382,-355],[-4100,-585],[-1392,-125],[-2665,-84],[-3816,-208],[-1664,-135],[-3723,-194],[-1196,-44],[-775,-18],[-3,-101],[-421,2],[-633,75],[-951,328],[-468,67],[-779,20],[-1752,243],[-751,250],[-1092,363],[-896,-5463],[-823,728],[-1132,252],[-1269,281],[-1129,-525],[-854,-6056],[319,-566],[1606,-352],[153,-34],[-644,-162],[-2853,-636],[-20,3],[-250,81],[-249,88],[-248,98],[-245,106],[-243,115],[-240,123],[-237,134],[-234,141],[-233,144],[-2560,1656],[-249,138],[-257,111],[-264,81],[-267,54],[-270,18],[-270,-10],[-1030,-117],[-485,-151],[-889,-510],[-663,-338],[-110,-86],[-928,-726],[-585,-492],[-193,-162],[-117,-98],[-9,-7],[-17,-15],[-4,-4]],[[359615,555773],[345,-704],[64,-131],[19,-35],[93,-174],[184,-346],[-203,-106],[-293,-185],[6,-164],[3,-74],[-107,-17],[-168,-26],[5,-53],[6,2],[34,-377],[-950,-1127],[-4,6],[-587,-696],[5,-7],[-882,-1041],[-2789,-3317],[-20,14],[-30,19],[-21,2],[-24,-6],[-29,-18],[-6,-8],[-18,-44],[-6,-42],[6,-34],[26,-62],[12,-17],[-105,-324],[-6,3],[-751,-2213],[6,-2],[-169,-501],[-1,-2],[-6,3],[-371,-1088],[7,-4],[-116,-319],[6,-3],[-389,-1148],[-1,-3],[-6,3],[-251,-742],[5,-4],[-103,-298],[-5,2],[-1228,638],[-41,21],[-124,-152],[-248,-255],[-201,-205],[-154,-134],[-307,-265],[-487,-346],[-669,-447],[-679,-399],[-641,-326],[-569,-228],[-587,-184],[-592,-184],[-714,-167],[-335,-38],[-67,-6],[-302,-29],[-374,-27],[-378,-4],[-376,9],[-378,25],[-326,33],[-48,5],[-391,52],[-396,66],[-186,45],[-237,57],[-47,13],[-405,115],[-1284,365],[-301,97],[-990,316],[-1009,592],[-63,-119],[-1159,-2504],[-66,-168],[-772,-1934],[-604,-1720],[-759,-2626],[-105,-362],[-225,-997],[-304,-1345],[-328,-1458],[-105,-648],[-100,-630],[-159,-988],[-78,-486],[-264,-2341],[-178,-2356],[-4,-691],[-27,-1414],[-18,-942],[129,-3774],[145,-1033],[51,-361],[232,-1761],[52,-371],[174,-1081],[199,-1268],[33,-188],[126,-588],[484,-2112],[105,-500],[57,-331],[154,-780],[16,-97],[5,-103],[-10,-85],[-18,-63],[-29,-56],[-48,-58],[-55,-30],[-133,-1],[13,-70],[108,-567],[92,31],[1255,-5559],[274,-1002],[747,-2813],[405,-1346],[500,-1465],[1514,-3925],[874,-2128],[989,-2327],[399,-899],[418,-851],[738,-1289],[982,-1713],[734,-1270],[574,-965],[1209,-1938],[2280,-3586],[637,-927],[338,-526],[431,-693],[318,-485],[354,-581],[656,-922],[515,-672],[680,-840],[732,-866],[478,-540],[487,-518],[611,-623],[667,-634],[725,-585]],[[355044,457954],[1089,-913],[1009,-789],[1058,-736],[1859,-1188],[-95,-232],[4237,-2576],[2287,-428],[2379,-760],[3102,-1401],[1512,-683],[422,-169],[27,52],[1821,-801],[6231,-1549],[3344,-536],[1343,-203],[1960,-282],[456,-154],[79,823],[447,-73],[-5,-48],[1186,-190],[4,45],[469,-74],[262,-42],[242,66],[323,-47],[48,-8],[0,4],[506,-85],[38,69],[378,-74],[413,-89],[847,-141],[392,-73],[219,-35],[-55,-574],[1138,-196],[1717,-284],[1642,-365],[161,-71],[865,-139],[112,-621],[-83,-832],[12960,-2079],[1504,-219],[1846,-241],[1867,-161],[1002,-32],[874,-29],[1877,55],[1719,155],[1799,209],[5516,728],[1537,153],[1471,111],[1521,14],[1362,-49],[1472,-94],[385,-31],[177,1113],[1053,-154],[3280,-399],[4074,-456],[839,64],[4849,-622],[3346,-373],[3717,-417],[3546,-391],[1301,-166],[1129,-114],[1226,-62],[729,-21],[1288,-5],[562,18],[808,53],[565,60],[788,112],[764,130],[498,122],[466,85],[442,46],[2959,115],[1263,-21],[1227,-68]],[[480038,438691],[775,38],[899,82],[-58,-684],[19,-420],[1240,107],[313,-406],[777,75],[-61,1242],[-16,349],[1830,136],[1554,52],[1373,-5],[956,-15],[1262,-38],[1617,-23]],[[492518,439181],[185,702],[575,2169],[117,445],[893,97],[303,48],[1276,2606],[285,602],[2662,5555],[287,688],[375,894],[1768,3750],[836,1499],[967,1215],[1059,1913],[5648,10127],[267,567],[146,324],[2960,5411],[3371,-1148],[489,2464],[1722,5412],[121,273],[98,236],[1393,4261],[11221,12803],[475,457],[487,469],[5271,6019]],[[537775,509039],[-4933,7422],[-6171,9284],[-7086,10682],[-23,31],[3072,3472],[1686,978],[4284,288],[-364,17712],[69,3866],[332,3541],[523,2506],[812,2384],[1084,2180],[935,1517]],[[531995,574902],[-1949,2381],[-1066,746],[-999,226],[-1485,-198],[-4232,-896],[-1056,-133],[-1105,252],[-1118,840],[-831,1362],[-653,1803],[-1912,5393],[-541,1291],[-925,1531],[-91,-123],[-213,-337],[-353,-458],[-62,-52],[-115,-89],[-136,-93],[-119,-73],[-136,-72],[-137,-69],[-139,-59],[-130,-48],[-150,-45],[-353,-82],[-542,-118],[-296,-74],[-753,-267],[-280,-122],[-719,-475],[-609,-402],[-486,-328],[-310,-186],[-867,-521],[-254,-68],[-254,-60],[-257,-48],[-257,-43],[-215,-32],[-42,-7],[-170,19],[-760,84],[-84,9],[-254,103],[-285,308],[-253,293],[-19,22],[-1719,-1014],[-3668,-2159],[-926,-566],[-246,-149],[-524,-320],[-1530,-934],[-3232,-1963],[-2216,-1368],[-526,-294],[-1269,-708],[-595,-461],[-847,-557]],[[221033,602867],[-3561,-2417],[-2005,-898],[-2387,-315],[-3942,-347],[41,-227],[190,-1112],[293,-1709],[299,-1340],[244,-746],[328,-889],[191,-304],[1,-2],[566,-659],[949,-1060],[709,-781],[752,-1065],[615,-1551],[60,-151],[352,-1226],[-54,-77],[-55,-78],[-652,-929],[-2548,-3623],[-40,-63],[-37,-67],[-31,-71],[-28,-74],[-22,-76],[-17,-79],[-12,-81],[-6,-82],[-2,-81],[4,-82],[10,-82],[14,-80],[20,-77],[23,-69],[26,-67],[31,-64],[34,-60],[37,-57],[41,-52],[1898,-2269],[2708,-3238],[142,-169],[173,-207],[524,-627],[34,-44],[26,-134],[-153,-42],[145,-254],[123,-273],[99,-289],[121,-402],[89,-298],[264,-878],[-209,-383],[-616,-1132],[-1201,-2061],[-3129,-4148],[-86,-112],[-77,-89],[-423,-495],[-1403,-1634],[-733,-896],[-602,-870],[-567,-810],[-567,-809],[-324,-466],[-682,-1124],[-380,-730],[-507,-889],[-405,-717],[-90,-158],[-352,-617],[-774,-1028],[-857,-1278],[-476,-1054],[-234,-598],[-372,-962],[-242,-662],[-225,-672],[-467,-1317],[-145,-445],[-365,-841],[-360,-590],[-360,-483],[-101,-331],[-87,-299],[-31,-714],[-37,-145],[55,-201],[432,-1589],[-300,-317],[-156,-226],[-103,-147],[-1302,-1933],[-144,-264],[-403,-735],[-275,-401],[3268,-3259],[1463,-1459],[916,-912],[719,-720],[1204,-1207],[1870,-1873],[987,-991],[588,-588],[529,-530],[558,-560],[59,-58],[517,-479],[576,-534],[577,-535],[1071,-992],[772,-716],[722,-713],[449,-453],[586,-595],[583,-598],[581,-604],[577,-608],[575,-613],[572,-619],[569,-623],[565,-629],[562,-633],[558,-638],[557,-643],[551,-648],[550,-653],[545,-658],[542,-662],[230,-285],[308,-382],[536,-673],[317,-403],[215,-273],[365,-471],[163,-210],[526,-682],[76,-100],[-41,-70],[294,-393],[300,-402],[611,-788],[602,-793],[479,-629],[1241,-1625],[1201,-1530],[1495,-1905],[2441,-3049],[1126,-1363],[550,-650],[1852,-1976],[609,-650],[61,-66],[681,-738],[2704,-2303],[940,-448],[185,-39],[881,-191],[169,-47],[597,-199],[1175,-428],[1105,-404],[327,-110],[408,-133],[1487,-565],[943,-451],[316,-158],[508,-151],[471,-166],[78,-26],[470,-155],[32,-17],[689,-223],[35,69],[665,-229],[109,-37],[22,-6],[545,-183],[1745,-565],[-331,-2523],[-320,-2747],[-3470,-416],[-927,-255],[-373,-212],[-1002,-107],[-3740,-1631],[-2924,-1341],[-71,-33],[-253,-118],[-1145,-580],[-1715,-1123],[-1202,-872],[-203,-145],[-1253,-1039],[-1265,-1197],[-816,-843],[-401,-468],[-359,-416],[-242,-282],[-637,-782],[-388,-478],[-913,-1287],[-252,-355],[-802,-1288],[-54,-88],[-91,-144],[-124,-196],[-304,-521],[-33,-65],[-110,-207],[-506,-950],[219,-40],[-889,-2062],[-780,-2210],[-494,-1395],[-679,-1919],[-180,93],[-19,9],[-271,-898],[-698,-2310],[-37,211],[-453,-1636],[-772,-2785],[-267,-899],[-135,-583],[-142,-616],[-39,0],[-20,10],[-33,-111],[-30,-102],[-230,-868],[-2,-11],[-64,-475],[-231,-802],[-43,-150],[-130,-466],[-329,-1151],[-329,-1151],[-297,-1037],[-323,-1136],[-263,-925],[-268,-937],[-302,-1042],[-256,-887],[-269,-941],[-269,-942],[-149,-519],[-72,-262],[-246,-855],[-236,-826],[-200,-695],[-317,-1121],[-321,-1134],[-848,-2999],[-50,242],[-903,-3153],[-399,-1390],[-343,-1219],[-271,-965],[-268,-950],[-238,-844],[-250,-908],[177,-893],[-947,-3286],[-828,-2866],[-275,-985],[-53,-176],[-49,-163],[-102,-362],[-4,-15],[-397,-1390],[-453,-1583],[-405,-1405],[-375,-1312],[-50,-177],[-368,-1285],[-432,-1511]],[[210915,394347],[1383,-1485],[858,-920],[858,-920],[857,-919],[858,-920],[1051,-1127],[96,-103],[74,-79],[86,-93],[89,-95],[-423,-842],[-678,-1393],[7,-1906],[748,-54],[876,-57],[703,-157],[1066,-238],[261,-58],[864,-192],[145,-32],[594,2],[317,1],[382,-97],[154,-41],[1003,-261],[42,-12],[689,-217],[556,-177],[237,-120],[1698,-886],[395,-231],[153,-90],[348,-204],[23,-6],[16,-5],[268,-86],[719,211],[2290,286],[2336,437],[2147,271],[1677,-749],[551,-246],[25,-11],[117,-52],[15,-7],[272,-121],[721,-322],[598,-278],[1315,-625],[111,-53],[1045,-497],[354,553],[513,-546],[-585,-181],[-141,-230],[-415,-672],[-266,-633],[-99,67],[-108,-553],[95,-482],[318,-571],[351,-1183],[60,-992],[388,-1108],[479,-558],[253,-802],[340,-369],[214,-233],[241,-632],[-106,-666],[-111,-601],[490,-1460],[161,-504],[31,-109],[33,47],[247,328],[15,11],[-3,48],[298,-150],[214,866],[198,679],[122,390],[341,243],[277,1125],[1258,2957],[1345,3167],[2372,-1374],[1040,-571],[344,-209],[91,-57],[289,2268],[111,1398],[18,201],[34,196],[13,207],[38,-9],[324,-73],[3,0],[31,4],[61,-4],[703,1],[421,-46],[641,-72],[1599,-123],[2089,-237],[2278,-337],[1242,-264],[302,-64],[-74,-240],[-162,-462],[-52,-215],[-87,-362],[-52,-591],[92,-23],[1688,-410],[1893,-293],[2564,-417],[1133,-196],[1330,-293],[77,1214],[163,-58],[2925,-962],[3176,-1048],[-341,-1474],[-293,-1176],[-498,-1820],[-500,-1588],[-56,-178],[766,-462],[792,-405],[102,-38],[2286,-846],[1844,-680],[1548,-502],[-192,-1594],[995,-309],[2962,43],[680,68],[114,-441],[88,-702],[106,-1227],[489,-398],[444,-275],[1163,-551],[533,-1808],[245,-1024],[172,-783],[285,-1371],[74,-387]],[[290776,352368],[86,18],[28,3],[12,2],[1542,287],[253,78],[382,123],[338,100],[721,223],[672,208],[47,19],[1292,503],[2623,1189],[1114,519],[796,349],[-80,470],[3038,-171],[-23,466],[1162,291],[355,112],[260,82],[255,78],[518,157],[522,158],[524,159],[150,46],[379,115],[97,29],[195,65],[205,68],[292,96],[393,130],[179,59],[213,77],[516,186],[510,185],[1005,364],[174,62],[74,27],[340,100],[414,122],[382,112],[82,24],[-314,450],[292,355],[194,244],[1675,1960],[496,581],[2609,1082],[439,177],[1510,607],[2365,967],[311,130],[594,253],[549,238],[730,316],[1045,483],[299,150],[432,216],[33,-119],[384,-1426],[1883,-6553],[236,107],[8858,3833],[2700,873]],[[340133,364582],[-333,2139],[-389,3367],[-57,2703],[213,2728],[745,4816],[946,4560],[2653,11312],[993,3594],[343,1107],[180,576],[1230,4540],[1483,4674],[918,2246],[2026,3612],[983,2258],[651,1919],[501,2063],[143,662],[1251,5825],[1939,11850],[-90,20],[-184,43],[-149,37],[-81,937],[-85,992],[-344,51],[-1760,231],[-253,33],[-281,38],[305,3835],[431,3274],[378,2803],[605,4527]],[[359615,555773],[-10,-8],[-83,516],[-164,2173],[-21,308],[-10,144],[-2,1],[0,4],[-14,193],[-2,27],[-1,5],[-177,2319],[12,-1],[-26,368],[-8,1],[-391,5110],[-248,44],[-907,163],[-25,5],[-699,167],[-355,85],[34,44],[931,1186],[-807,1071],[1296,1655],[-1126,1843],[-321,522],[82,97],[108,124],[214,252],[-439,1827],[-612,2497],[-542,3793],[18,2472],[-144,2918],[-259,3112],[-169,737],[-345,1501],[-112,184]],[[354291,593232],[-1127,-359],[-1575,-503],[-1625,-569],[-434,-21],[-436,765],[-2612,-213],[-3468,-319],[-2259,-175],[-1521,-271],[-1547,-629],[-1194,-772],[-3960,-5733],[-872,-1365],[-2807,3797],[-1153,1351],[-3166,3038],[-4533,5472],[-1252,1761],[-7523,10004],[-440,-192],[-380,210],[-1365,671],[-617,303],[-82,41],[-320,157],[-216,106],[-797,391],[-825,405],[-519,256],[-1130,969],[-1002,828],[-15336,-7757],[-968,-504],[-320,-179],[-50,-252],[-69,-345],[-207,-915],[-183,-709],[-191,-655],[-66,-198],[-2440,-685],[-63,-11],[-1349,-228],[2,481],[-412,39],[-1280,699],[-49,26],[-295,104],[-46,16],[-332,130],[-149,404],[-2199,-762],[-2084,-608],[-2359,-533],[-325,-73],[-154,-17],[-125,-10],[-82,1359],[5,926],[78,614],[362,2828],[124,2431],[-182,2842],[-1527,-941],[-1699,-1064],[-373,-234],[-1724,-1080],[-5524,-3039],[-6667,-2901],[-133,101],[-2667,-1092],[-1684,-556],[-1445,-566],[-990,-630],[-1011,-591],[-2078,-991],[-2089,-954],[-3133,-1308],[-267,-127],[-279,-141],[-1776,2747],[-1104,1396],[-1751,1824],[-1922,1477],[-2064,1146],[-2812,933],[-2134,246],[-1226,-78],[-1212,-327],[-2466,-1477]],[[311952,843901],[6956,-11248],[6891,-11229],[4050,-6761],[3522,-5836],[-131,-157],[-56,-118],[-16,-80],[-12,-57],[-13,-60],[13,-287],[14,-170],[145,-1704],[286,-3289],[95,-1091],[12,-168],[171,-2468],[20,-175],[85,-1209],[67,-978],[21,-300],[-270,-24],[-155,-36],[9,-114],[-697,-414],[-791,-455],[-1842,-1423],[-1536,-1188],[-998,-231],[-173,-39],[41,-592],[10,-144],[38,-560],[44,-636],[96,-1402],[124,-1819],[32,-461],[4,-59],[76,-1119],[67,-983],[645,-9479],[34,-504],[630,-9309],[696,-10416],[-384,-731],[-2015,-4343],[-760,-2007],[-55,-144],[74,-3424],[71,-3287]],[[327087,741173],[625,-391],[631,-286],[3124,-1325],[717,-370],[626,-163],[515,-134],[2673,-1048],[3210,-943],[1522,-119],[166,-93],[369,-205],[1175,-620],[1525,-585],[1712,-432],[1930,-249],[1864,-24],[1585,181],[354,48],[4695,872],[2,1],[1289,293],[1535,-60],[1,0],[1786,-623],[205,-38],[1189,-194],[360,-58],[4459,-1848],[1577,-596],[314,-118],[237,-87],[582,-221],[2451,-991],[2058,-811],[1281,-390],[1719,-524],[1903,-578],[2266,-1093],[794,-287],[834,-300],[6205,-2239],[4337,-1701],[2443,-974],[3919,-2472],[880,-846],[2113,-2440],[2181,-2165],[4194,-3670],[1668,-990],[504,-202],[177,-71],[4940,-1980],[2641,-869],[3501,-1577],[325,-143],[664,-245],[2430,-880],[1317,-355],[1479,-633],[1233,-657],[1013,-511],[2027,-646],[4239,-1488],[2131,-1029],[624,-211],[725,-244],[2224,-751],[2078,-916],[5517,-3293],[371,-187],[1741,-879],[1779,-1123],[987,-177],[186,-33],[2836,-508],[6120,-1988],[4349,-2083],[2306,-849],[207,-75],[163,-60],[462,-111],[319,-78],[475,-112],[330,-81],[10,-86],[19,-175],[789,-143],[124,-22],[184,-30],[183,-30],[184,-26],[552,-75],[230,-28],[184,-22],[369,-37],[369,-32],[370,-20],[554,-22],[925,-5],[565,22],[538,31],[369,31],[369,40],[467,60],[551,84],[671,119],[242,50],[492,110],[341,82],[410,102],[397,105],[622,171],[366,105],[280,79],[445,130],[409,114],[315,89],[352,109],[550,193],[175,62],[339,135],[100,41],[297,118],[79,32],[528,347],[150,7],[415,-145],[1035,246],[2506,782],[360,120],[360,105]],[[493448,687145],[1159,341],[1608,565],[906,248],[1873,654],[1941,702],[-44,597],[946,187],[813,222],[981,314],[1981,613],[259,82],[167,52],[222,71],[167,52],[1166,368],[947,295],[1034,321],[1984,620],[2589,1165],[684,308],[723,-30],[230,-10],[248,-10],[31,-1],[235,-10],[341,-14],[3505,450],[993,139],[203,118],[34,20],[75,-221],[952,210],[1314,244],[2247,410],[2577,9],[3323,234],[7763,550],[4440,315],[3047,216],[1275,-36],[172,-43],[761,-190],[832,39],[359,16],[101,5],[174,8],[1268,-177],[1076,237],[36,8],[417,92],[590,131],[2303,508],[292,65],[657,145],[91,20],[146,32],[935,210],[851,193],[-1102,11104],[-581,5875],[-538,5448],[-1427,14478],[-370,3760],[-55,558],[-934,9497],[-344,5750],[-134,2241],[-91,940],[-1552,15771],[-46,437],[-2035,20616],[-91,952],[-1779,18039],[-348,3493],[-2064,20768],[486,6110],[349,1974],[1789,8421],[-2151,1329],[-138,86],[30,-15],[29,-7],[2,-1],[32,0],[32,7],[30,13],[28,21],[25,26],[21,32],[810,1442],[2133,3798],[490,872],[2113,3761],[-402,1349],[-356,1202],[-197,664],[-486,1639],[1640,878],[-1696,5372],[-37,119],[-1092,78],[-1220,4642],[3277,9900],[249,750],[584,1764],[259,781]],[[552590,895538],[-4950,-579],[-5904,-561],[-719,-68],[-410,-403],[-213,-17],[-339,228],[-102,69],[-7157,-472],[-9137,-782],[-4066,-310],[-522,-411],[-4669,-216],[-592,-26],[-4067,-289],[-3706,203],[-1541,199],[-1667,557],[-1701,854],[-974,593],[-879,743],[-1018,1044],[-556,725],[-754,1256],[-1204,2226],[-427,791],[-178,946],[17,413],[301,1736],[-55,-203],[-110,-221],[-198,-121],[-205,-46],[-605,36],[-223,-224],[-43,-96],[-177,591],[-212,701],[-106,376],[-35,-164],[-165,-785],[-428,-2267],[-98,-513],[-803,47],[-402,23],[-602,35],[-325,19],[-1674,98],[-296,17],[-294,17],[16,364],[167,1494],[-167,51],[-10984,3391],[111,351],[-146,86],[-132,28],[-285,65],[-236,53],[-105,36],[-143,56],[-58,-178],[-4168,1315],[-1440,222],[-3930,604],[7,193],[23,607],[-56,4],[79,4185],[-7929,-735],[-521,849],[-602,1006],[-127,210],[-125,209],[-185,301],[-98,168],[-83,144],[-163,269],[-168,259],[-141,220],[-734,1133],[-200,40],[-212,396],[-290,544],[-690,2127],[-708,2534],[-99,353],[-762,2941],[-477,1422],[-540,1613],[-618,2283],[-528,1462],[-371,1459],[-588,1908],[-1025,4535],[-1872,6222],[-244,1125],[-297,1371],[-398,1129],[-577,1634],[-2212,7783],[-1032,2524],[-164,1035],[-259,1643],[-305,44],[-387,56],[-198,107],[-210,142],[-115,78],[-41,28],[-275,186],[-177,120],[-85,59],[-1881,1272],[-242,164],[-116,83],[-1150,829],[-1757,1263],[-6923,4836],[-844,536],[-238,151],[-853,542],[-105,67],[-2151,1366],[-46,28],[-139,88],[-1494,894],[-18,11],[-185,115],[-310,194],[-2110,1318],[-2109,1203],[-834,485],[-357,208],[-206,120],[-344,199],[-1291,759],[-19,11],[-1005,591],[-773,602],[-493,384],[-2290,1774],[-1200,927],[-675,448],[-389,172],[-2098,794],[-973,327],[-276,92],[-1962,658],[-76,25],[-2697,914],[-187,63],[-2883,965],[-1437,559],[-2259,929],[-351,196],[-1737,1036],[-1789,790],[-506,197],[-430,109],[-1520,308],[-2829,622],[-1471,254],[-1942,395],[-5043,1846],[-594,110],[-552,-8],[-2584,-197],[-203,-15],[-386,-30],[-18,-1653],[59,-835],[144,-590],[133,-354],[-42,-27],[-225,-43],[-414,-80],[-2558,-477],[-1002,-187],[-1703,-704],[-1955,-933],[-4866,-2445],[-657,-312],[-893,-397],[-1693,-722],[-2127,-906],[-4643,-1988],[-1075,-518],[-307,-197],[-205,-142],[-184,-386],[-170,-320],[-152,-412],[-79,-363],[-141,-393],[-25,-241],[41,-277],[-87,-848],[11,-2674],[7,-1526],[5,-1166],[16,-801],[-33,-7],[10,-862],[1,-1435],[11,-363],[34,-359],[32,-272],[50,-309],[55,-286],[93,-350],[163,-540],[192,-538],[2114,-5414],[80,-364],[97,-273],[32,-241],[6,-210],[-5,-260],[-23,-259],[-46,-224],[-66,-260],[-92,-231],[-173,-312],[-804,-1186],[-282,-422],[-160,-332],[-105,-283],[-75,-306],[-30,-310],[10,-318],[48,-290],[82,-328],[156,-425],[306,-607],[2003,-3814],[435,-833],[35,-67],[-179,-1656],[-84,-1],[-347,-3233],[-327,-3371],[-1877,-1279],[-1344,-84],[-1873,-115],[-186,-14],[-99,-12],[705,-3464],[351,-2394],[230,-1602],[648,-4436],[254,-1564],[-72,-731],[-322,-2669],[-156,-417],[-806,-1073],[-717,-1076],[-719,-1730],[-1269,-3009],[-300,-963],[-77,-262],[-646,-2067],[-829,-2607],[-372,-1141],[-35,-585],[502,-4259],[280,-2101],[1055,-4947],[337,-1313],[430,-2021],[-319,-2878],[-83,-1869],[-48,-1795],[-341,-6900],[-156,-3171],[42,-182],[131,-572],[483,-2130],[311,-1318],[380,-1502],[65,-279],[242,-1067],[534,-2238],[621,-2675],[-184,-2907],[152,-42],[5968,-1689],[-4109,-1992],[-2063,-1004],[-805,-391],[-714,-348],[-516,-251],[-522,-254],[-492,-239],[-559,-272],[-167,-81],[-5093,-2475],[-1,0],[-3544,-1749],[-8857,-4372],[-9743,-4784],[65,-578],[41,-360],[54,-485],[-503,-532],[-57,-60],[-300,-280],[-252,-124]],[[492518,439181],[679,-74],[4104,-453],[3689,-341],[653,-65],[4269,-428],[2561,-260],[4132,-418],[122,-18],[124,-13],[128,-12],[149,-10],[5671,-621]],[[518799,436468],[13,217],[28,-3],[29,512],[66,1156],[106,1830],[15,277],[-84,130],[161,2699],[-122,219],[-106,192],[-325,453],[145,653],[5645,-2220],[14635,-5212],[1081,-127],[1881,-205],[10841,-4034],[1084,-540],[871,-398],[11817,-6597]],[[566580,425470],[2034,3301],[1058,814],[178,137],[3067,2361],[3527,4956],[9280,6272],[2695,3323],[5002,-1794],[4830,-1743],[377,-132],[405,-142],[535,2541],[1372,6457],[9840,-3615],[4291,-1602],[263,1550],[181,1077],[73,426],[16,99],[159,939],[7,43],[47,280],[21,163],[7,148],[-2,152],[-14,117],[-72,260],[-124,225],[-4,74],[431,-112],[1,23],[187,-65],[39,186],[109,540],[136,666],[352,-117],[-14,193],[-2,116],[4,229],[3,109],[5,146],[21,493],[19,446],[1,26],[32,622],[45,652],[57,732],[16,171],[37,416],[23,220],[37,360],[28,70],[37,56],[51,36],[51,9],[87,499],[-8,145],[6,96],[24,201],[143,1106],[12,77],[329,1675],[109,532],[281,1389],[311,1538],[178,920],[65,374],[121,1129],[74,658],[61,921],[47,993],[20,997],[-13,1443],[-33,1190],[-35,605],[-36,605],[-15,306],[-56,616],[-66,840],[-102,839],[-93,612],[-139,772],[-56,228],[-463,2312],[-17,116],[-92,550],[50,90],[42,72],[109,180],[107,170],[168,266],[163,262],[794,-169],[928,-200],[215,-17],[145,19],[165,59],[53,23],[58,40],[144,138],[148,219],[62,92],[191,359],[208,485],[1845,6214],[38,-23],[-7,445],[47,359],[92,343],[394,799],[1352,2376],[144,264],[552,1158],[304,1029],[305,1344]],[[626795,499060],[-24,61],[-551,1371],[-259,438],[-279,172],[-255,156],[-50,30],[-4594,-4433],[-704,-841],[-780,-1421],[-410,-2057],[-367,94],[-3,1],[-835,217],[-5,-39],[-646,175],[-376,140],[-2601,648],[-2925,1017],[-391,131],[-287,-429],[-242,-152],[-213,-27],[-189,79],[-182,248],[-197,737],[-319,119],[33,403],[77,363],[707,3330],[172,809],[240,-85],[448,2047],[264,1278],[7,27],[286,1226],[27,123],[74,345],[-4994,1608],[-4427,838]],[[602025,507807],[-1185,200],[-5633,958],[-1407,260],[-663,58],[-1601,454],[-402,163],[-561,233],[-12014,6117],[-352,183],[-342,178],[-1347,367],[-3753,367],[-469,84],[-1324,248],[-5739,-92],[-783,-120],[-4833,565],[-652,77],[-3863,994],[-721,224],[-3793,1300],[-310,175],[-346,229],[-1296,318],[-10861,-12308]],[[566580,425470],[-1092,-2953],[-436,-6750],[-62,-1574],[-249,-6352],[92,-337],[875,-3180],[2994,-8437],[1459,-3946],[1320,-3843],[592,33],[-731,-1217],[62,-221],[84,-207],[118,-210],[710,-1172],[472,-794],[840,-1401],[213,-340],[128,-178],[105,-140],[236,-255],[165,-143],[187,-134],[299,-172],[424,-227],[3997,-2012],[866,-346],[207,-25],[219,1],[204,32],[181,45],[190,76],[149,83],[223,145],[198,149],[224,205],[214,232],[826,950],[765,837],[804,876],[799,850],[875,954],[1432,1583],[284,326],[983,1081],[180,210],[223,273],[179,239],[373,551],[1295,1954],[1027,1553],[148,190],[123,114],[148,94],[167,65],[182,31],[204,-16],[2247,-480],[255,-51],[291,-19],[264,15],[229,48],[176,54],[175,76],[1707,880],[1744,907],[1988,1031],[2239,1167],[391,179],[288,104],[237,59],[328,56],[236,11],[263,-9],[222,-23],[234,-44],[2640,-649],[1700,-324],[951,-182],[192,-16],[193,0],[199,25],[188,54],[199,85],[1414,964],[209,146],[1518,-3604],[532,-1252],[4853,-4034],[1315,-1133],[2250,-1093]],[[646513,440043],[175,846],[34,165],[-35,12],[106,516],[-40,14],[919,4420],[130,761],[310,2059],[-27,10],[51,396],[25,-4],[35,300],[200,1821],[134,1532],[67,756],[69,771],[33,383],[69,767],[34,385],[17,191],[21,239],[117,1344],[33,384],[26,288],[240,2787],[4,265],[240,2726],[87,1000],[106,844],[255,2101],[104,563],[123,602],[106,477],[110,447],[211,718],[337,1061],[324,975],[1149,2912],[2136,5186],[14,-11],[188,407]],[[654750,481459],[-613,489],[-3356,2772],[-4262,3497],[-1988,2946],[-1378,2254],[-987,2984],[-978,2338],[-229,2355],[-1491,5863],[-1265,3979],[-207,498],[-827,2398],[-689,2384],[-263,1193],[-140,483],[-171,320],[-368,428],[-769,329],[-809,150],[-1013,46],[-3043,1],[-234,-5],[96,-289],[73,-241],[12,-39],[-31,8],[314,-928],[386,-1342],[203,-801],[140,-523],[70,-232],[43,-144],[262,-865],[95,-349],[45,-248],[52,-595],[149,-1396],[96,-1611],[3,-404],[2,-416],[-56,-547],[-33,-254],[-15,-88],[-104,-425],[-129,-436],[-7,-23],[-173,-536],[-317,-1002],[-128,-391],[-161,-494],[-319,-695],[-87,-195],[-125,-289],[-57,-154],[-60,-123],[-87,-111],[-133,-131],[-247,-235],[-83,-70],[-82,-55],[-98,-64],[-90,-53],[-346,-249],[-238,-128],[-192,-134],[-363,-225],[-45,-39],[-29,-59],[-8,-70],[14,-68],[55,-77],[4,-8],[4,-8],[6,-50],[-14,-47],[-433,-648],[-359,-630],[-350,-875]],[[617101,824398],[-58,-1930],[-105,-1808],[-247,-3303],[-701,-9579],[-924,-12506],[-946,-12656],[-78,-560],[-1865,-25141],[4709,1056],[9837,2141],[-45,-500],[-60,-527],[-2,-23],[-43,-380],[-95,-829],[-206,-1811],[-694,-6064],[-48,-423],[-221,-1930],[-216,-1894],[1232,-200],[-333,-2641],[-8,-63],[-89,-711],[-905,-7121],[-256,54],[-924,198],[-628,134],[5,-95],[51,-727],[53,-775],[54,-774],[53,-774],[53,-775],[9,-123],[6,-86],[38,-565],[54,-773],[48,-703],[5,-72],[43,-629],[49,-702],[49,-715],[48,-688],[2,-27],[49,-715],[39,-812],[4,-422],[4,-390],[-23,-810],[-35,-496],[-22,-313],[-87,-802],[-14,-99],[-103,-695],[-142,-839],[-75,-444],[-67,-396],[-61,-363],[-81,-476],[-109,-645],[-174,-1033],[-1563,-374],[-618,-148],[-630,-152],[-624,-151],[-635,-130],[-631,-127],[-66,-13],[-52,-9],[-527,-88],[-638,-106],[-334,-56],[-317,-53],[-651,-110],[-322,-53],[-314,-53],[-77,-12],[-573,-96],[-623,-103],[-312,-53],[-319,-53],[-603,-101],[-597,-99],[-275,-46],[-819,-137],[-67,-7],[-58,45],[3,-60],[-934,-134],[185,-4435],[558,-8508],[44,-654],[894,-13183],[45,-746],[341,-5991],[831,-12246],[1100,-14752],[435,-6007],[1151,-15872]],[[615313,631755],[28,-388],[381,-5305],[-1086,-226],[-1610,-332],[-1092,-221],[-1939,-401],[-4492,-925],[1693,-13986],[1033,-7260],[950,-6547],[110,-884],[540,-4386],[803,-4053],[-248,-1559],[-487,-857],[-350,-3090],[-129,-2924],[70,-3311],[-3560,-412],[-627,-80],[-4913,-89],[-409,-4],[-255,-2363],[69,-792],[26,-332],[1448,-12986],[70,-400],[79,-438],[1272,-5342],[-22,-419],[-187,-3594],[-300,-5355],[2024,-226],[-22,-419],[-302,-5228],[-50,-863],[-280,-5125],[-59,-965],[-262,-4234],[-46,-737],[-34,-693],[-435,-10462],[-688,-5735]],[[654750,481459],[184,402],[46,-37],[1072,2410],[-85,61],[1671,3863],[1003,2308],[81,189],[2924,6875],[750,1760],[1924,4522],[451,1059],[3551,8347],[2890,6791],[726,1706],[314,740],[228,536],[232,544],[765,1799],[1581,3728],[1288,3031],[7680,18063],[582,1369],[354,835],[10521,24747],[1562,3672],[937,2669],[1618,4645],[21,65],[78,248],[206,104],[164,61],[231,158],[171,258],[18,-9],[68,23],[232,543],[160,375],[192,449],[-17,92],[286,554],[47,117],[32,125],[15,131],[-1,132],[187,434],[1114,2572],[401,882],[385,808],[1257,2420],[1728,3321],[600,1232],[1915,4517],[520,1707],[1793,4554],[1843,4306],[181,451],[3296,7722],[2799,6573],[2122,4970],[2150,5033],[2515,5889],[1687,3940],[180,-230],[222,-223],[1268,-1275],[101,-110],[166,-181],[555,-608],[190,-208],[96,-100],[105,-113],[421,-451],[215,-232],[139,-148],[356,-383],[353,-378],[120,-129],[79,-85],[809,-868],[306,-330]],[[733677,646798],[176,959],[269,954],[866,2678],[150,366],[69,517],[128,1349],[1932,5004],[615,1201],[417,1264],[218,-24],[317,619],[275,535],[173,336],[141,274],[133,260],[105,203],[448,576],[546,906],[567,771],[639,961],[-592,807],[-808,595],[153,406],[-36,27],[74,83],[141,157],[182,204],[-274,158],[-96,54],[-346,198],[-535,306],[-98,57],[-498,285],[-183,-415],[-2927,1955],[374,981],[-116,74],[-850,567],[242,566],[141,329],[13,27],[31,82],[258,664],[83,216],[1052,2718],[1540,4566],[1501,4248],[1620,4471],[1459,4322],[1282,4383],[1264,4590],[1227,4566],[1254,4646],[1196,4468],[1259,4662],[1217,4544],[1193,4583],[983,3807],[197,772],[1156,4622],[1157,4629],[1025,4603],[546,4244],[339,4702],[-119,5508],[-68,4875],[270,4281],[1073,4829],[1437,4595],[235,568],[358,807],[423,953],[878,1952],[159,261],[667,1092],[1455,2412],[2867,3490],[1063,1003],[1207,1138],[836,800],[2949,2795],[1344,1393],[1337,1385],[2928,3302],[2228,3122],[142,199],[56,77],[22,37],[1041,1701],[42,71],[37,62],[49,83],[10,56],[552,1537],[242,648],[275,700],[882,2443],[1935,5463],[471,63],[996,4054],[798,4734],[331,4703],[51,4759],[-326,4764],[-534,4911],[-8,356],[-5819,4079],[-551,395],[-115,82],[-261,184],[-518,366],[-1043,739],[-202,143],[-962,682],[-129,90],[-770,546],[-86,49],[-88,51],[-2563,1484],[-1508,963],[-6962,4607],[-245,456],[-292,528],[-275,344],[-237,246],[-26,183],[5,86],[134,528],[1184,1048],[203,589],[22,120],[-473,240],[-345,176],[-262,133],[-5554,2823],[-405,203],[-41,24],[-329,162],[-77,37],[-263,131],[-3041,1527],[-396,1477],[-591,1840],[-393,1460],[-87,303],[-254,946],[-118,440],[-102,594],[-119,679],[-4,67],[-29,513],[-29,502],[-30,1293],[-237,917],[-419,1808],[22,1176],[-74,1377],[114,610],[636,1128],[805,1145],[864,1208],[717,1445],[54,337],[-522,344],[-540,426],[-291,541],[-2293,628],[-2408,483],[-1702,478],[-50,-181],[-2812,1113],[-2744,1390],[-2513,1131],[-1744,849],[-220,107],[-85,41],[-319,-839],[-575,266],[-23,10],[-109,51],[-70,32],[-66,30],[-659,305],[-66,31],[-68,31],[-547,252],[-159,74],[-194,90],[-439,204],[-1580,699],[-397,176],[-279,124],[-2020,894],[-4824,2225],[53,329],[-4574,1985],[-4033,1815],[-2498,1026],[-970,-2048],[-328,-926],[-1838,161],[-1488,49],[-160,5],[-407,-68],[-909,-153],[177,-2403],[153,-1150],[25,-187],[68,-371],[78,-412],[57,-344],[34,-339],[4,-147],[4,-168],[-9,-321],[-59,-497],[-114,-8],[-361,-27],[-169,-13],[-907,-67],[-809,134],[-223,19],[-428,17],[-668,2],[-1072,-43],[-316,-13],[-231,-6],[-1059,60],[-1203,67],[-946,-37],[-852,-33],[-370,-9],[-234,-6],[-408,-70],[-873,-154],[-636,-165],[-111,-7],[-154,-11],[-1600,121],[-1283,275],[-1243,217],[-1602,43],[-267,23],[-4817,671],[-630,-2741],[-760,-2727],[-107,-382],[-32,-118],[-707,-2586],[-18,-67],[-129,-472],[-279,-1017],[-367,-2649],[-597,36],[-323,20],[-1812,109],[-89,5],[-346,21],[-341,22],[-305,16],[-298,-49],[-339,-60],[-319,-76],[-336,-89],[-286,-95],[-296,-108],[-343,-122],[-316,-30],[-337,-48],[-363,-33],[-337,-15],[-325,4],[-342,2],[-231,-14],[-94,-10],[-148,-25],[-99,-17],[-207,-25],[-130,-16],[-331,-13],[-354,23],[-327,53],[-334,80],[-329,127],[-319,155],[-308,139],[-464,197],[-1497,-316],[-596,3014],[-803,3494],[-488,2225],[906,400],[489,216],[2816,1243],[-111,685],[-11,68],[-69,430],[-502,3091],[-4884,-1581],[97,-467],[25,-119],[109,-518],[141,40],[620,-2341],[119,-447],[150,-565],[-1390,-787],[-2501,-1529],[-507,-353],[-447,-528],[447,-466],[272,-272],[474,-611],[304,-471],[77,-118],[164,-384],[130,-411],[268,-752],[308,-820],[285,-764],[299,-768],[309,-777],[302,-778],[109,-288],[1509,-4009],[172,-358],[855,-1705],[181,-361],[252,-502],[314,-601],[612,-1169],[387,-738],[136,-260],[443,-846],[325,-712],[766,-1788],[84,-196],[442,-1030],[147,-391],[591,-1639],[144,-416],[120,-395],[221,-798],[128,-384],[264,-692],[1091,-2814],[131,-395],[126,-381],[139,-388],[1837,-4291],[638,-1520],[315,-775],[727,-1940],[139,-394],[128,-408],[76,-269],[-1693,334],[-186,-1478],[-2648,133],[-1325,84],[-1652,149],[-318,32],[-348,27],[-2300,138],[-985,49],[-1990,100],[-338,6],[-987,-3],[162,-2995],[18,-193],[20,-219],[86,-771],[-418,-142],[-657,-205],[-658,-142],[-638,-65],[-946,-2],[-659,27],[60,-1036],[47,-395],[122,-826],[244,-1485],[161,-819],[-8642,-3718],[73,-1146],[11,-182],[241,-2038],[316,-3167],[167,-2847],[-537,-179],[43,-533],[-919,-229],[88,-1536],[186,-1316],[287,-1945],[101,-609],[441,-3117],[-1910,-317],[-486,-54],[-382,-15],[-959,3],[-950,-30],[-943,9],[-980,40],[-1598,219],[-1698,6],[-7540,-196],[-221,-6],[-1631,-42],[-3707,191],[-3566,186],[-4899,-400],[-846,-69],[-2820,-231],[-798,-67],[-1646,-132],[-410,-33],[-127,-11],[-112,-9],[-78,-6],[-398,-33],[-79,-6],[-39,-3]],[[809683,406572],[288,-1441],[160,-1787],[111,-466],[197,149],[462,-2149],[932,-4333],[216,-981],[64,-291],[738,-3354],[106,-455],[582,-2599],[571,-2551],[108,-68],[-121,-327],[199,-793],[22,59],[160,-633],[137,-264],[59,-106],[32,-23],[622,-1714],[570,-1404],[110,-271],[816,-1566],[945,-1436],[61,-255],[110,-223],[154,-179],[135,-117],[174,-151],[-299,-868],[-1577,-4607],[-1932,-6549],[-2256,-7277],[-144,-714],[-194,-919],[-3266,-10718],[321,-647],[-2596,-7897],[-155,-436],[-2630,-7735],[-1983,1178],[-35,-98],[-218,-609],[-303,-845],[-153,-420],[-795,-1755],[-2388,-7913],[-921,-2967],[-948,-3044],[-1051,-3580],[-1874,-6953],[-359,-1333],[-3844,2584],[-2350,1373],[-1510,-944]],[[784943,303150],[1871,-2068],[4966,-5847],[3439,-3805],[2660,-3171],[1486,-1691],[1057,-1189],[1322,-2744],[1001,69],[2966,223],[888,39],[302,14],[16,-20],[46,-52],[50,-46],[53,-41],[56,-35],[57,-28],[59,-22],[60,-14],[61,-8],[61,-1],[1144,50],[31,-1206],[2203,96],[537,23],[725,32],[503,22],[504,23],[504,21],[504,22],[503,22],[504,22],[763,34],[8,-314],[539,23],[536,23],[12,-427],[6987,-6586],[783,36],[14,-498],[650,31],[13,-479],[650,30],[13,-479],[651,31],[13,-479],[650,30],[13,-479],[651,30],[537,25],[537,26],[538,24],[353,16],[3960,-2624],[4534,-7044],[212,-277],[212,-282],[577,-782],[25,-34],[709,-1244],[5161,-6127],[2860,-1912],[-188,-478],[-54,-138],[-21,-52],[-60,-153],[2452,-2181],[-58,-151],[-71,-189],[-1991,-5229],[-392,-1031],[-281,-735],[-313,-775],[-186,-419],[-99,-223],[-307,-604],[-135,-246],[-179,-326],[-160,-301],[-147,-278],[-62,-130],[-204,-433],[-319,-901],[-179,-595],[-90,-595],[-19,-254],[-28,-385],[-105,-438],[-55,-138],[-68,-284],[105,-28],[107,-28],[230,-535],[151,-823],[217,-1489],[88,-509],[-17,-654],[70,-530],[87,-32],[1032,-396],[184,-43],[192,-46],[1798,-425],[325,-78],[507,-119],[215,-83],[532,-204],[533,-204],[532,-205],[532,-204],[790,-303],[209,-81],[505,-170],[536,-182],[537,-181],[37,-13],[751,-196],[310,-80],[652,-169],[188,-49],[475,-170],[659,-233],[622,-221],[329,-117],[212,-79],[529,-197],[527,-197],[299,-111],[221,-116],[510,-266],[510,-268],[596,-312],[359,-188],[295,-125],[663,-280],[823,-348],[709,-300],[658,-278],[63,-27],[353,-151],[671,-288],[330,-141],[211,-123],[534,-309],[533,-310],[476,-275],[57,-26],[544,-249],[544,-248],[545,-249],[542,-259],[542,-259],[261,-126],[284,-117],[548,-226],[214,-89],[331,-155],[543,-254],[543,-255],[318,-148],[229,-92],[549,-218],[549,-219],[550,-219],[547,-230],[547,-230],[198,-83],[346,-168],[546,-265],[277,-134],[65,-46],[105,-74],[123,-86],[107,-75],[111,-78],[148,-103],[668,-326],[677,-329],[657,-319],[19,-9],[676,-300],[7,-4],[656,-405],[136,-84],[548,-220],[691,-276],[171,-69],[234,-99],[490,-207],[496,-210],[277,-138],[765,-380],[239,-119],[525,-266],[765,-387],[457,-231],[574,-164],[659,-188],[-239,-802],[178,-69],[710,-274],[1707,-439],[1122,-215],[1334,-257],[673,-24],[60,758],[387,-108],[1525,38],[82,2],[186,5],[684,-1398],[296,-605],[87,-177],[1018,-1745],[775,-1635],[579,-1092],[330,-437],[1111,-1312],[561,-761],[476,-789],[499,-910],[21,-42],[82,-150],[545,-999],[238,-628],[115,-303],[889,-1365],[239,-367],[606,-1101],[561,-1113]],[[907663,192957],[546,272],[2257,1124],[2513,1337],[-632,4917],[1105,876],[2104,1891],[2292,1828],[2781,2225],[1815,1484],[2535,2073],[792,860],[955,1153],[109,61],[107,60],[944,533],[664,52],[1498,390],[296,152],[355,31],[1451,-135],[1224,891],[540,660],[729,1226],[1121,1212],[71,77],[272,293],[2275,2163],[1233,1108],[37,45],[39,24],[29,26],[2908,2688],[285,263],[3302,2358],[59,44],[95,73],[65,48],[2569,1937],[66,52],[633,501],[1682,1478],[1165,283],[993,366],[701,301],[1860,1831],[820,884],[107,115],[193,209],[984,1041],[212,196],[470,436],[612,535],[1627,1243],[592,452],[947,680],[674,480],[1183,931],[786,531],[1180,1027],[1152,1367],[2061,3102],[1180,1705],[1094,1575],[1199,2062],[464,799],[584,766],[1304,1666],[29,35],[252,262],[171,178],[32,34],[561,573],[49,169],[88,362],[58,239],[56,230],[46,191],[584,2639],[27,119],[26,141],[22,264],[22,246],[215,2438],[-19,973],[-2,56],[-19,976],[-11,567],[31,398],[41,509],[46,582],[13,94],[270,942],[256,1390],[252,1356],[192,1041],[291,1574],[39,209],[177,798],[84,464],[184,1026],[68,376],[2,24],[115,1141],[38,385],[39,390],[78,775],[78,776],[32,315],[8,184],[14,297],[13,296],[23,503],[160,1306],[109,884],[111,906],[42,337],[43,355],[1,9],[18,142],[216,1924],[5,45],[14,120],[8,74],[43,394],[26,219],[3,30],[14,152],[-24,254],[-10,102],[-9,93],[-1,6],[-2,23],[-5,51],[-7,74],[3,44],[14,170],[10,125],[38,478],[-506,-219],[-419,-167],[-436,-147],[-154,-28],[-95,-17],[-236,-42],[-54,48],[-92,81],[-58,53],[-1221,1083],[-1057,1016],[-314,302],[-960,1151],[-322,385],[-663,887],[-370,495],[-31,42],[-46,62],[-154,205],[-328,438],[-145,193],[-195,227],[-213,247],[-174,202],[-319,370],[-250,290],[-122,141],[-622,722],[-177,205],[-296,384],[-71,92],[-386,498],[-8,11],[-386,499],[-84,108],[-88,131],[-196,289],[-363,535],[-363,535],[-160,235],[-117,173],[-127,162],[-142,179],[-232,298],[-387,498],[-386,498],[-50,64],[-443,496],[-495,554],[-485,543],[-534,532],[-420,421],[-204,40],[285,445],[30,47],[267,418],[436,681],[447,699],[882,1382],[164,256],[64,100],[1188,1854],[772,1205],[155,241],[-1252,483],[-325,125],[-385,137],[-719,259],[-1364,489],[-877,314],[-555,199],[-352,132],[-916,343],[-938,353],[-446,167],[-447,168],[-894,335],[-893,336],[-230,86],[-426,161],[-739,274],[-1286,479],[-734,274],[-429,160],[-1037,386],[-178,67],[-442,165],[-449,162],[-470,172],[-642,236],[-525,192],[-621,227],[-496,182],[-497,182],[-356,130],[-358,131],[-797,292],[-525,197],[-1032,387],[-640,240],[-837,314],[-865,322],[-606,228],[-402,152],[-300,113],[-671,251],[-969,364],[-362,136],[-356,133],[-705,265],[-213,80],[-502,172],[-409,140],[-51,-231],[-304,116],[-35,14],[-1828,701],[-496,-311],[-205,-129],[-628,-44],[-366,270],[-673,495],[-161,119],[-215,158],[-769,645],[-34,30],[-426,159],[-1369,506],[-900,334],[-95,36],[-253,22],[-443,39],[-25,179],[-54,380],[-3068,1154],[-1157,435],[-445,168],[-1933,1702],[49,90],[36,66],[32,58],[120,222],[24,43],[16,30],[1215,2228],[385,707],[182,333],[-97,36],[613,1159],[254,481],[15,27],[95,-89],[573,-533],[950,-885],[1033,-961],[773,1419],[21,39],[514,945],[856,1576],[312,573],[193,354],[393,723],[393,723],[503,925],[-301,310],[-1014,1047],[-989,1019],[-567,584],[-564,582],[-279,287],[-278,286],[-551,568],[-549,566],[-271,279],[-271,280],[-538,554],[-117,121],[-416,429],[-528,543],[-523,540],[-518,534],[-529,545],[-87,90],[-701,718],[2188,3369],[2427,3737],[1387,73],[197,298],[1691,2607],[1577,2419],[2289,-2483],[435,-472],[1534,-1664],[120,-129],[136,-148],[35,-38],[128,-139],[301,-326],[299,-325],[143,-155],[457,-497],[661,-716],[710,-771],[606,-655],[229,-248],[255,-277],[483,-524],[583,-632],[584,-635],[584,-633],[598,-648],[599,-650],[598,-649],[426,-463],[609,-659],[231,-251],[464,-504],[573,-621],[569,-617],[288,-313],[282,-305],[286,-311],[284,-307],[288,-311],[281,-307],[866,-939],[599,-651],[79,-85],[65,-70],[650,698],[1868,2305],[1197,1279],[557,505],[660,434],[589,319],[932,313],[883,240],[278,-1],[55,0],[42,-28],[489,-331],[343,-385],[-13,77],[-87,510],[688,571],[814,677],[313,260],[1325,1102],[193,160],[337,-875],[334,-869],[1203,1871],[3447,5373],[208,326],[80,124],[51,66],[3567,-5447],[47,-71],[3386,4568],[875,1180],[928,1389],[457,1719],[798,3000],[245,920],[1516,5691],[1039,4127],[1503,5831],[-21,23],[-283,311],[-2531,2775],[573,887],[-202,286],[-2282,3201],[-1356,-1268],[-884,-828],[-112,-106],[-676,-631],[-19,21],[-4393,4525],[-207,215],[-178,183],[207,214],[232,235],[3319,3382],[2632,2684],[776,791],[-532,1106],[-184,326],[-1116,1981],[-1058,1753],[-2168,3612],[-256,425],[-792,1361],[102,64],[164,104],[2755,1740],[2928,1850],[1134,-3060],[525,-1418],[758,-2046],[2989,1891],[133,84],[1538,972],[869,550],[2012,1272],[2230,1410],[2668,1687],[162,102],[1424,902],[35,22],[-958,2570],[-1282,3445],[-51,133],[4363,4456],[4260,4352],[18,263],[-1333,1940],[-796,1160],[-1261,1832],[-782,1134],[-2345,3413],[-506,734],[-3882,-4168],[-3096,-3324],[-163,74],[-5977,2704],[-1683,761],[-137,62],[-174,78],[-1717,1427],[-1313,1759],[-142,191],[-121,162],[-242,187],[-117,91],[-45,34],[-147,-173],[-453,-531],[-195,269],[-2274,3156],[-2287,3171],[-305,423],[-444,616],[-1884,2614],[-2326,3231],[-102,141],[-40,55],[-61,86],[-102,141],[159,-15],[58,-5],[67,71],[525,549],[1203,1262],[527,551],[421,441],[171,180],[256,268],[128,134],[51,54],[3609,3785],[536,562],[-5284,7464],[5020,3835],[1195,913],[228,-44],[-100,142],[-103,145],[-101,142],[-1834,2587],[-2516,3548],[-98,140],[-110,153],[-100,142],[-2178,3073],[-1490,2103],[-5,127],[-15,420],[-141,95],[-601,411],[-65,44],[-938,653],[-796,-238],[-2282,-681],[-2801,-825],[-2371,-693],[-3074,-917],[-3904,-1177],[-3278,-950],[-213,307],[-267,385],[-323,465],[-160,-201],[193,-364],[184,-347],[197,-369],[-4015,-1245],[-2278,-643],[-2682,-778],[-1454,-441],[-981,-298],[-195,325],[-62,104],[-358,596],[-156,-138],[353,-775],[91,-199],[-2522,-763],[-986,-269],[-4160,-1200],[-2264,-713],[-629,-54],[-6,-2],[-151,-53],[-2568,-889],[-2626,-782],[-2757,-810],[-551,834],[-181,-172],[201,-390],[194,-373],[-2906,-831],[-606,-178],[-1200,-387],[-2610,-799],[-1905,-576],[-681,-189],[-1297,-389],[-1076,-323],[-399,-118],[-1279,-378],[-1907,-554],[-1525,-445],[-589,-171],[-456,-132],[-802,-234],[-2155,-663],[-616,190],[-72,17],[-180,57],[-295,92],[-689,209],[-5988,-1775],[-4580,-1360],[-2836,-848],[8,114],[145,2168],[74,1119],[171,2540],[176,2620],[4,58],[156,2338],[7,109],[186,2781],[213,3191],[45,676],[168,2547],[90,1342],[271,4057],[9,133],[2,30],[180,2707],[88,1345],[105,1592],[165,2474],[185,2779],[371,5576],[15,224],[24,361],[326,4834],[42,626],[-3757,3726],[-4358,4318],[-4695,4662],[-1693,1680],[-118,118],[-167,166],[-135,134],[-105,104],[-1610,1599],[776,1357]],[[863099,530362],[-543,-19],[26,196],[21,162],[-43,41],[-5438,5259],[-166,161],[-1555,1502],[-1617,1632],[-449,349],[-393,163],[-2627,737],[-4,-60],[-112,28],[-3524,897],[-3760,1306],[-28,-1863],[127,-6044],[73,-2009],[167,-3779],[118,-2841],[15,-2162],[107,-233],[-133,-538],[-53,-1196],[-24,-729],[83,-1131],[130,-3303],[81,-2109],[66,-1716],[239,-3003],[-35,-1403],[-175,-2235],[-171,-1648],[-343,-2165],[-249,-2038],[-158,-1300],[-325,-1758],[-283,-1894],[-436,-3039],[-484,-3629],[-353,-2647],[-255,-1911],[-523,-3659],[-628,-4844],[-372,-2545],[-25,-732],[-40,-289],[-60,14],[-191,-1415],[-56,-971],[279,-967],[618,-2121],[162,-651],[141,-920],[47,-1042],[-37,-1437],[-17,-705],[-144,-1072],[-60,-278],[-324,-1441],[-796,-3065],[-176,-723],[-16,-841],[312,-2682],[-150,-45],[-72,-21],[-532,-157],[65,-686],[55,-569],[6,-68],[-32,-933],[-173,-882],[-571,-2455],[-444,-1911],[-126,-543],[-316,-1353],[1405,43],[1064,-179],[1167,-374],[803,-292],[443,-156],[-360,-437],[-2051,-2191],[-2112,-2259],[-663,-707],[72,-20],[-1276,-1065],[-18,-13],[-640,-675],[-625,-657],[-25,-34],[-613,-845],[-1231,-2332],[-696,-442],[-788,-715],[-364,-382],[-259,-427],[-868,-913],[-2954,-3157],[-1282,-1370],[-1932,-2036],[-550,-579],[-6708,-7056],[-3438,-4077],[-2238,-2465]],[[551208,101185],[1833,975],[-3880,4417],[-850,-2711],[1174,-1338],[1347,-1534],[4,-5],[372,196]],[[579066,332372],[-130,-180],[-471,-524],[-167,-186],[-252,-281],[-84,-93],[10,-15],[-29,-31],[-9,15],[-174,-192],[-180,-197],[10,-15],[-28,-31],[-10,15],[-168,-182],[-402,-437],[-420,-457],[-153,-131],[-382,-328],[-439,-474],[-452,-507],[-1095,-1227],[-1957,-2177],[-750,-835],[-1255,-1429],[-1845,-2106],[-673,-772],[-162,-201],[-398,-509],[-370,-521],[-387,-552],[-263,-425],[-643,-1093],[-291,-500],[-1224,-2398],[-1580,-3132],[-720,-1385],[-23,-43],[-195,32],[-7,-15],[-20,3],[-25,-30],[-196,-368],[-161,-302]],[[560896,308156],[-17,-39],[-6,-17],[-1,-18],[3,-17],[7,-16],[11,-12],[-53,-88],[-214,-402],[99,-220],[-390,-767],[5,-8],[-78,-146],[-2487,-5020],[-139,-288],[-179,-425],[-196,-549],[-85,-265],[-163,-560],[-167,-647],[-41,-212],[-33,-186],[-29,-187],[-23,-188],[-20,-189],[-14,-190],[-14,-280],[-13,-1991],[12,-683],[20,-813],[91,-2072],[147,-3383],[33,-866],[10,-147],[7,-280],[126,-3073],[14,-517],[47,-645],[84,-783],[69,-452],[42,-230],[48,-260],[93,-456],[6,-27],[105,-510],[54,-359],[111,-728],[68,-494],[35,-189],[52,-341],[570,-3493],[160,-1012],[452,-2753],[103,-691],[104,-600],[159,-1203],[48,-413],[87,-1024],[25,-423],[16,-532],[2,-683],[-16,-835],[-18,-305],[-45,-623],[-43,-433],[-54,-438],[-407,-2277],[-93,-499],[-100,-482],[-129,-507],[-135,-485],[-149,-542],[-293,-930],[-137,-438],[-403,-1139],[-701,-1645],[-201,-421],[-135,-218],[-447,-884],[-482,-848],[-476,-762],[-506,-751],[-278,-368],[-367,-502],[-477,-620],[-4701,-6138],[-58,-91],[-649,-840],[-267,-337],[-402,-523],[-2284,-2980],[-1437,-1828],[-1420,1152]],[[542349,236557],[-166,-226],[-790,-1242],[-91,-180],[-306,-850],[-235,-624],[-217,-520],[-238,-524],[-296,-569],[-226,-422],[-225,-394],[-228,-368],[-298,-446],[-1299,-1778],[-1929,-1654],[-312,-255],[-44,2],[-59,45],[-139,-108],[-254,-184],[-85,-60],[-993,-883],[-378,-396],[-359,-370],[-266,-327],[-228,-294],[-266,-373],[-147,-221],[-217,-341],[-215,-363],[-203,-371],[-182,-361],[-231,-506],[-102,-243],[-143,-361],[-136,-375],[-275,-789],[-22,-47],[-95,-267],[-104,-325],[-101,-378],[-85,-388],[-153,-806],[-74,-443],[-54,-359],[-57,-450],[-62,-556],[-63,-552],[-32,-234],[-25,-234],[-408,-3510],[-33,-314],[-27,-293],[-75,-909],[9,-356],[11,-660],[8,-319],[22,-776],[18,-358],[29,-620],[229,-2918],[933,-11582],[202,-2919],[134,-3606],[59,-1558],[123,-3348],[143,-3940],[157,-4462],[-56,-273],[-26,-5],[-51,-10],[-44,-8],[-28,-6],[49,-586],[27,-119],[63,-287],[87,-391],[23,-119],[33,-123],[-36,-18],[22,-74],[211,-908],[53,-226],[7,-34],[89,0],[-199,-2640],[-63,-630],[-124,-856],[-50,-295],[-225,-1127],[-285,-1157],[-321,-1064],[-344,-978],[-193,-504],[-1655,-3975],[-1705,-4065],[-1651,-3978],[-5164,-12317],[-1028,-2487],[-794,-2042],[-1165,-3132],[-576,-1627],[-495,-1519],[-291,-879],[-301,-952],[-374,-1227],[-407,-1351],[-535,-1877],[-535,-1971],[-244,-968],[-3415,-14526],[-308,-1475],[-273,-1457],[-198,-1182],[-195,-1177],[-172,-1183],[-153,-1196],[-131,-1191],[-77,-839]],[[507955,91108],[1530,-13],[1372,-11],[-42,-183],[-59,-478],[-16,-253],[19,-393],[-57,-496],[-95,-477],[-10,-483],[-33,-482],[-30,-361],[-9,-605],[-5,-1550],[-219,-494],[-69,-377],[-65,-327],[-19,-246],[-37,-288],[-65,-227],[-104,-312],[-61,-279],[-19,-159],[-71,-7],[9,-211],[27,-167],[-26,-191],[-46,-332],[-118,-262],[-37,-187],[-55,-231],[-52,-231],[-98,-169],[-156,-498],[-87,-518],[-56,-404],[-98,-888],[0,-618],[171,-658],[83,-691],[55,-687],[72,-485],[5,-37],[80,-985],[32,-177],[9,-49],[80,-446],[143,32],[4,-29],[91,-80],[85,28],[4,-38],[83,17],[-2,9],[143,29],[128,26],[95,40],[125,41],[591,187],[-3,24],[94,29],[19,-143],[266,60],[97,-207],[162,-173],[322,-110],[73,-66],[81,-156],[161,-351],[0,-85],[27,-145],[141,-193],[117,-64],[59,-32],[100,-265],[89,-278],[147,-249],[181,-244],[199,-194],[202,-161],[89,-154],[107,-106],[49,-128],[149,-128],[42,-155],[53,-142],[-19,-179],[-69,-72],[127,-263],[-16,-238],[23,-38],[96,37],[60,-60],[48,-258],[14,-171],[213,-477],[103,-10],[155,-210],[-222,-470],[-1017,-2165],[2449,-5797],[686,-5551],[255,-2065],[187,-1511],[-702,-3302],[559,-2685],[-221,-4398],[2723,-518],[872,-256],[183,-56],[2044,7671],[626,2444],[329,1323],[698,2951],[979,4064],[202,477],[17,-2],[357,-140],[1469,6339],[2100,9041],[237,1042],[240,-82],[1795,-610],[43,115],[281,761],[71,193],[-583,386],[-945,627],[-148,98],[-144,96],[-90,60],[-204,-246],[1762,7932],[911,4078],[3813,17546],[126,583],[181,859],[282,1348],[214,1016],[293,1381],[296,1395],[133,626],[428,2015],[359,1693],[275,1291],[155,730],[383,1805],[341,1611],[171,816],[125,595],[410,1951],[387,1827],[399,1916],[376,1788],[820,-158],[4198,-813],[2781,-538],[9886,-1914],[601,-117],[10,-2],[-89,-938],[196,-240],[2378,-707],[84,-25],[2880,-856],[956,8160],[-8,338],[228,-45],[864,552],[6007,4624],[241,221],[3308,2529],[2516,1924],[9449,7274],[21,15],[142,111],[5179,4004],[3169,-308],[68,2813],[205,158],[78,60],[89,70],[31,23],[1862,1485],[1251,998],[3755,2993],[4531,3601],[1239,994],[1542,1228],[1286,1023],[1,1],[3,3],[10,8],[215,173],[6169,4984],[6360,5113],[1080,899]],[[713239,156753],[49,0],[33,0],[1034,10],[87,0],[138,81],[-151,993],[1739,-171],[17526,-1723],[101,-9],[-30,-495],[180,-14],[-52,-1008],[-106,-2702],[89,-9],[203,-21],[185,-18],[3177,-316],[3533,-344],[113,-160],[268,-73],[43,-12],[27,-7],[33,-9],[604,106],[420,38],[435,-58],[73,-1],[52,-65],[5,-94],[-46,-74],[-81,-184],[-286,-296],[-902,-659],[40,-206],[33,-6],[588,-115],[324,-53],[1937,-230],[248,-29],[107,-13],[101,-12],[128,18],[206,-25],[2118,-248],[1808,-201],[838,-74],[34,-1554],[108,3],[1935,-98],[1754,-136],[3084,-498],[2057,-323],[278,-44],[245,-38],[51,-766],[51,-1357],[31,-429],[50,-2446],[7,-812],[-24,-1029],[-3,-491],[7,-525],[55,-1233],[92,5],[194,-6],[1381,-49],[1405,-74],[1577,-177],[290,-46],[946,-153],[1396,-297],[1625,-379],[1436,-355],[1809,-466],[2304,-616],[-42,-239],[-2300,527],[-64,-565],[1139,-232],[1129,-252],[2451,-610],[1961,-520],[233,-68],[2426,-704],[1666,-486],[726,-213],[1835,-547],[1559,-516],[2752,-904],[1611,-575],[2198,-775],[652,-213],[1342,-440],[1170,-365],[1229,-364],[109,-32],[76,318],[2627,-1035],[564,-223],[821,-327],[3157,-1261],[201,-79],[57,-23],[842,-337],[295,-116],[189,-75],[519,-84],[222,-57],[1644,-545],[1286,-447],[680,-236],[2200,-722],[845,-250],[1336,-439],[1544,-526],[723,-228],[754,-248],[398,-145],[447,-162],[626,-192],[1266,-431],[904,-279],[1467,-434],[1836,-544],[1205,-341],[1010,-286],[2199,-688],[313,-104],[151,-50],[138,-46],[1581,-528],[252,-80],[287,-93],[2019,-578],[308,-88],[361,-103],[81,373],[176,-94],[1034,-582],[194,-64],[163,-53],[664,-219],[1111,-365],[61,-17],[301,-99],[470,-154],[479,-157],[153,-50],[538,-133],[176,-46],[515,-125],[120,-30],[335,-137],[236,-96],[181,-74],[558,-228],[649,-203],[610,-191],[272,988],[2523,-1414],[-109,-508],[255,-68],[922,-246],[112,-29],[236,-63],[372,-99],[1767,-474],[-171,-954],[-19,-95],[1119,-168],[1327,-199],[1097,-194],[847,-149],[750,-133],[97,-17],[900,-160],[110,-19],[1175,128],[888,96],[889,98],[889,99],[887,95],[815,89],[71,8],[925,113],[702,86],[223,10],[926,42],[925,43],[1017,46],[239,11],[206,9],[1,1],[351,79],[4353,989],[162,778],[38,187],[218,1051],[220,1062],[1347,-205],[183,-28],[19,-1],[293,-46],[1653,-254],[14,-3],[500,-77],[351,-54],[152,-22],[485,-75],[482,-74],[463,-71],[442,-68],[842,-129],[773,-119],[595,-92],[600,-92],[441,-68],[209,-32],[301,-46],[160,-24],[232,-36],[230,-35],[282,-43],[183,-28],[332,-51],[48,-7],[90,-14],[209,-31],[12,-2],[32,-5],[511,-79],[398,-63],[585,-87],[148,-24],[85,943],[418,-56],[392,-53],[203,-28],[552,-75],[460,-62],[-49,-540],[-42,-456],[186,-30],[641,-104],[407,-66],[293,-48],[1262,-204],[376,-61],[359,-58],[53,-11],[978,-217],[1977,-439],[1183,-260],[297,-66],[917,-202],[515,-113],[612,-67],[9,-1],[1623,-178],[1406,-154],[486,-89],[314,-57],[2624,-479],[985,-112],[-734,711],[-484,739],[-479,728],[-80,98],[-600,743],[-350,623],[-272,641],[-57,186],[-166,546],[-180,596],[-424,1251],[-27,65],[-273,645],[-372,882],[-106,252],[-875,3067],[-113,507],[-313,1392],[-43,194],[-41,195],[-117,570],[-44,1642],[-83,470],[-200,1147],[-72,413],[-106,614],[19,1407],[76,529],[44,344],[-781,557],[-390,277],[-387,582],[-176,104],[-84,49],[-398,682],[-95,161],[-371,635],[-477,826],[-293,510],[-375,468],[-513,642],[-308,386],[-240,234],[-578,564],[-645,779],[-163,196],[-119,541],[-8,35],[-94,429],[-50,118],[-336,1055],[-190,598],[-142,452],[-102,732],[-66,470],[-32,1209],[0,11],[4,417],[160,902],[186,1202],[28,175],[6,142],[22,432],[46,420],[5,46],[105,957],[22,193],[120,556],[153,704],[211,956],[236,1067],[16,72],[7,72],[160,1765],[71,997],[60,1427],[122,1312],[137,1037],[23,176],[148,213],[150,509],[47,465],[56,147],[147,392],[88,895],[142,896],[208,868],[127,1218],[70,693],[152,1145],[16,113],[107,1226],[40,885],[50,1109],[40,890],[40,958],[5,127],[-16,1374],[-113,1682],[-11,159],[-25,1482],[-8,436],[-20,1207],[-9,495],[60,2330],[23,860],[3,125],[68,1229],[12,104],[97,801],[27,226],[264,1668],[703,1574],[188,202],[308,330],[315,362],[179,39],[208,45],[544,356],[713,332],[566,262],[933,347],[420,-19],[1101,-52],[1778,369],[718,-79],[27,-7],[759,-196],[1659,-495],[1414,-539],[1212,-335],[196,-55],[4,340],[544,-9],[509,-7],[1378,177],[-608,843],[-737,1023],[-760,1038],[-357,575],[-598,752],[-862,1417],[-757,1296]],[[784943,303150],[-2309,2552],[-1060,1124],[-3089,2902],[-3850,2759],[-5534,2759],[-5066,1495],[-5099,1171],[-5919,1750],[-208,66],[-4591,1795],[-2242,877],[-504,198],[-6084,2380],[-4312,1435],[-4546,1002],[-5958,696],[-5202,432],[-9256,773],[-9909,854],[-762,70],[-2732,302],[-4435,317],[-5042,-348],[-6711,-1082],[-7053,10474],[-4707,5544],[-2521,2337]],[[486725,575494],[62,2275],[288,6800],[189,3257],[189,2594],[72,937],[198,2142],[310,2462],[377,2440],[651,3701],[613,2867],[1660,6800],[468,2346],[339,2299],[205,2485],[28,2430],[-53,1495],[-115,1434],[-155,1529],[-210,1501],[-976,5682],[-379,2442],[-273,2325],[-166,2513],[-19,2328],[43,2373],[158,2475],[206,2173],[304,2582],[1115,8115],[404,3294],[280,2873],[213,2882],[184,3266],[30,852],[32,913],[416,11762],[35,1007]],[[327087,741173],[-5083,3037],[-4893,3031],[-6480,3994],[-1508,787],[-59,30],[-87,44],[-560,284],[-2607,1298],[-234,198],[-259,120],[-168,89],[-704,252],[-1989,926],[-2140,1037],[-2368,794],[-2485,1246],[-1976,1265],[-198,138],[-3831,2456],[-48,31],[-190,122],[-162,104],[-733,469],[-4496,2738],[-218,-509],[-542,-1261],[-444,-1034],[2012,-1106],[2041,-1614],[1257,-1314],[145,35],[656,158],[118,29],[469,113],[450,102],[760,-354],[2998,-2620],[2145,-1590],[3132,-2467],[3251,-2645],[657,-1024],[951,-1581],[861,-1521],[210,-384],[105,-191],[102,-186],[241,-401],[4488,-7496],[2242,-2468],[4749,-4596],[3221,-2308],[284,-203],[415,-298],[3312,-2242],[2450,-999],[192,-79],[168,-68],[587,-240],[2586,-1057],[3536,-1444],[1134,-484],[1117,-547],[563,-314],[445,-247],[89,-50],[192,-114],[885,-158],[757,-101],[807,-164],[1137,-379],[1948,-792],[1497,-695],[1452,-869],[1612,-1108],[1292,-1069],[1476,-1222],[-615,-89],[-22,-3],[-341,-50],[1026,-6768],[20,-146],[875,-6661],[9,-1484],[1306,-10511],[205,-1326],[22,-345],[80,-95],[322,-378],[118,-139],[-234,-1497],[-8,-57],[-10,2],[-78,11],[-474,-972],[-95,-423],[-18,-916],[78,-3],[-324,-3612],[-130,-1165],[-110,-986],[83,-1965],[80,-859],[45,-480],[151,-1628],[-80,-1577],[-8,-92],[-53,-575],[-52,-572],[-1,-13],[-10,-33],[-33,-108],[801,-1856],[34,-958],[9,-927],[2,-922],[14,-979],[26,-883],[30,-959],[3,-888],[-28,-598],[-40,-500],[-2,-16],[-80,-643],[-6,-41],[-3,-22],[-67,-726],[-28,-580],[11,-134],[74,-352],[99,-356],[29,-2733],[-153,-3647],[-122,-4862],[-27,-534],[31,-3562],[146,-8012],[-608,-1023],[-517,-868],[-26,-3164],[-18,-2440],[-197,-5975],[-291,-4022],[-621,-7441],[274,67],[1661,343],[-74,-2106],[-43,-1235],[-44,-1234],[-1,-46],[1405,-81],[284,-17],[1377,-84],[356,-4581],[76,-1486],[26,-1251],[9,-859],[-1155,-359],[122,-188]],[[615313,631755],[-1139,-86],[-4399,-335],[-5683,-403],[-2012,-25],[-2019,202],[-1645,242],[-6426,945],[-3081,312],[-3103,50],[-3222,-246],[-200,-44],[-900,-188],[-375,-76],[-1669,-428],[-1663,-685],[-2082,-1208],[-203,-118],[-6182,-3739],[-2339,-1487],[-2073,-1311],[-1739,-1066],[-2385,-1030],[-3388,-606],[-7937,-79],[-7706,-85],[-363,-1054],[3220,-4858],[1221,-1678],[1310,-2349],[222,-460],[34,-1107],[10,-583],[32,-965],[51,-965],[71,-961],[92,-959],[110,-955],[120,-953],[98,-744],[29,-217],[132,-950],[165,-941],[194,-931],[156,-740],[38,-191],[149,-631],[69,-291],[-493,-107],[-71,-15],[998,-7977],[2066,-9195],[-4393,498],[-2195,145],[-2210,-72],[-2190,-285],[-1928,-436],[-1887,-682],[-1854,-993],[-1241,-1066],[-1510,-1691]],[[290776,352368],[104,-1068],[76,-782],[225,-2905],[105,-1005],[15,-144],[75,-724],[-233,-2011],[-93,-4234],[-245,-2789],[-195,-2802],[-10,-2110],[86,-1365],[27,-423],[33,-304],[25,-245],[106,-990],[53,-528],[39,-336],[42,-428],[7,-181],[0,-184],[-3,-211],[-8,-188],[-71,-1002],[-3,-441],[-39,-217],[12,-113],[122,-1331],[186,-1966],[84,-542],[19,-369],[222,-1697],[139,-361],[327,-2090],[520,-1732],[290,-1320],[205,-925],[446,-2368],[217,-1914],[100,-1829],[71,-3400],[118,-2408],[12,-1380],[2,-189],[1,-190],[1,-32],[1,-53],[0,-61],[11,-1136],[-350,-3793],[-183,-1923],[-52,-421],[-648,-5294],[-31,-2003],[49,-2510],[28,-1463],[2,-97],[1,-44],[-2212,-617],[-2360,-665],[-16,-971],[-4,-162],[-16,-782],[-60,-410],[-94,-666],[-72,-810],[-27,-856],[7,-251],[56,-647],[190,-1162],[28,-124],[267,-1195],[113,-519],[68,-426],[46,-368],[98,-998],[11,-285],[28,-735],[-20,-917],[-71,-655],[-313,-1527],[-106,-951],[-143,-1187],[-20,-220],[-71,-1457],[72,-984],[4,-63],[17,-167],[118,-194],[56,-90],[66,-109],[-51,-1160],[167,-3810],[117,-2219],[290,-618],[49,-162],[227,-741],[81,-486],[162,-1480],[4,-37],[46,-487],[37,-394],[-35,-1196],[-192,-1479],[-167,-810],[-71,-411],[-147,-851],[-114,-1109],[-80,-1200],[-20,-1543],[-17,-455],[-69,-584],[-50,-1031],[-20,-652],[-32,-1372],[-31,-1132],[-50,-1867],[-192,-2502],[2546,56],[1129,25],[2635,59],[287,6],[2818,134],[2345,68],[3649,42],[2967,105],[62,3384],[3306,-2220],[1262,-571],[2015,-911],[2693,-918],[954,-252],[796,-211],[754,-199],[1398,-369],[892,-236],[323,-111],[-910,-3788],[146,-74],[55,-29],[206,-109],[-133,-328],[-1329,-3301],[-3177,-7918],[-2760,-6836],[-2274,-5693],[-162,-430],[974,-2044],[8094,-16944]],[[319859,179226],[747,462],[224,139],[1206,843],[1211,722],[1211,723],[1490,1008],[318,421],[1257,589],[997,552],[3409,1944],[722,313],[704,566],[1003,554],[736,610],[801,478],[82,49],[570,324],[89,-295],[342,-1188],[863,-3099],[67,-228],[247,-899],[100,70],[721,551],[2560,-4508],[222,-206],[128,-114],[32,-28],[49,-44],[113,-100],[-42,-80],[19,-17],[42,80],[221,-304],[136,-991],[11793,3309],[1581,858],[11,3],[-32,371],[315,101],[45,14],[354,113],[221,179],[371,381],[6687,6953],[11726,10368],[661,-425],[2123,2239],[10317,10891],[-321,514],[83,1023],[197,209],[1179,1244],[775,-104],[153,-248],[-10,-8],[80,-127],[96,103],[-67,108],[697,746],[61,80],[51,97],[4,-14],[21,11],[-16,43],[81,137],[602,59],[51,11],[662,131],[39,17],[277,119],[1438,1517],[251,265]],[[395013,219411],[-231,1375],[-65,1226],[28,2160],[46,629],[47,446],[72,597],[77,518],[1005,6010],[107,1097],[69,1093],[66,2053],[-149,17173],[-159,14792],[-93,1575],[-58,5205],[-222,15395],[11,1938],[6,932],[-101,6262],[-224,22149],[-136,13884],[-103,7885]],[[395006,343805],[-1215,-22],[-2745,-228],[-2703,-475],[-3282,-926],[-2982,-1166],[-975,3163],[-1188,2698],[-1982,3222],[-2706,3594],[-2233,2429],[-1884,1917],[-212,214],[-2113,1967],[-2163,1655],[-1118,629],[-1268,728],[-1866,704],[-2026,308],[-1826,140],[-137,23],[-3712,594],[-11569,13],[-1191,-54],[-1777,-350]],[[190189,761673],[-102,-32],[-207,-66],[-817,-262],[-4569,-1469],[-145,-50],[-3802,-1224],[-2918,-940],[-290,-94],[-1168,-377],[-403,-128],[-2062,-657],[-48,-16],[-58,-225],[-157,14],[-414,50],[-1235,68],[-7453,-2359],[-5543,-1784],[-740,-200],[-1802,-486],[-585,-248],[-318,-560],[-116,-407],[-675,-2367],[-250,-468],[-279,-220],[-184,-21],[-217,-26],[-2823,1110],[-1708,671],[-541,43],[-8702,-2955],[-1418,-481],[-534,-181],[-195,-99],[-394,-118],[-7826,-2362],[-2222,-667],[-541,-689],[-3945,-1227],[-1739,-541],[-370,-76],[-213,252],[-4861,-1625],[-232,-60],[-221,-173],[-9,104],[-4784,-1418],[-134,-39],[-1100,1350],[-101,-212],[-375,-528],[-371,-523],[-34,-47],[-243,297],[-901,-1256],[-96,-76],[-305,-150],[-316,-76],[-1424,-180],[-958,-132],[-664,-65],[-191,-46],[-173,-21],[-1953,-239],[-868,-103],[-2323,-319],[-2062,-268],[-686,-111],[-64,12],[-562,-72],[-11564,-1464],[-5568,-734],[-36,-117],[-43,-134],[-326,-1477],[-84,-1424],[-79,-1033],[33,4],[-68,-724],[-102,-1262],[-129,-1317],[-12,-163],[-16,-222],[-29,-402],[-92,-885],[-99,-956],[-66,9],[-128,-1341],[-91,-958],[-92,-957],[49,-8],[-4,-42],[-226,-2648],[-57,6],[-203,-2596],[100,-84],[-55,-206],[-45,-19],[-89,-1156],[-173,-2242],[-164,-2119],[-105,-1522],[-107,-1312],[-151,-1491],[-138,-1173],[-111,-945],[-209,-1529],[-199,-1360],[-218,-1438],[-161,-1058],[-414,-2712],[-253,-1803],[-181,-1488],[-133,-1532],[-78,-1788],[-126,-4011],[-39,-925],[-71,-778],[-62,-533],[4638,-907],[1347,-265],[-382,-1684],[802,-670],[2007,-1668],[1831,-1171],[217,-137],[-78,-1492],[14,-3252],[65,-2655],[3,-1508],[-77,-1372],[0,-1],[-220,-2904],[-60,-1127],[-32,-597],[-42,-281],[-82,-556],[-125,-834],[-330,-1696],[-504,-1468],[-379,-855],[-423,-1014],[1850,-1853],[3484,-3488],[91,-90],[106,-107],[81,-82],[-167,-453],[-252,-679],[-492,-1326],[-982,-2702],[-1496,-4064],[-1400,-3815],[-1224,-3349],[-172,-382],[-192,-285],[-523,-781],[-386,-485],[-3697,-3472],[-505,-460],[-85,-122],[-422,-365],[-646,-659],[-280,-396],[-767,-1489],[-1443,-4826],[-199,-545],[-184,-295],[-1525,-1963],[-1564,-1919],[-2418,-3044],[-44,31],[-92,66],[-935,672],[-188,110],[-187,109],[-418,175],[-426,108],[-2637,404],[-557,203],[-531,346],[-267,257],[-124,119],[-84,81],[-54,65],[-694,831],[-416,498],[-512,614],[-95,114],[-231,276],[-477,571],[-319,382],[-335,402],[-34,40],[-219,262],[-184,220],[-382,457],[-211,254],[-262,308],[-835,980],[-77,90],[-106,-134],[-3105,-804],[-1105,-286],[-3339,-815],[-1727,-422],[-658,-165],[-3456,321],[-2372,221],[-398,-30],[-137,-12],[-85,-7],[-11,-121],[-86,-388],[-152,-275],[-194,-215],[-2980,-2141],[-332,-186],[-244,-79],[-374,-79],[-5149,-337],[-382,-73],[-402,-218],[-314,-268],[-233,-308],[-883,-1632],[-1634,-2996],[-2499,-4582],[-220,-447],[-129,-447],[-69,-309],[-7,-395],[73,-528],[1922,-9987],[-67,-569],[-487,-2133],[-77,-222],[-35,-273],[-348,-1512],[-56,-200],[-379,-1626],[-206,-1053],[-346,-1426],[-84,-1110],[-143,-2387],[23,-346],[4,-238],[-64,-492],[-114,-793],[11,-441],[11,-408],[-108,-977],[-18,-412],[30,-682],[-169,-1851],[-4,-411],[-13,-367],[-114,-327],[64,-212],[14,-474],[-82,-573],[-168,-2917],[-18,-700],[-206,-1284],[-91,-366],[-215,-1015],[-107,-411],[-116,-504],[-22,-316],[-130,-432],[-380,-1945],[-535,-2030],[-51,26],[-17,10],[-116,-174],[-183,-728],[-179,-712],[57,-34],[-78,-235],[-656,-2034],[-265,-1259],[-462,-1786],[-933,-3693],[-665,-2592],[-566,-2299],[-542,-2273],[-407,-1290],[-565,-1466],[-493,-931],[-462,-828],[-556,-905],[-621,-764],[-566,-642],[-802,-802],[-802,-682],[-541,-411],[-2335,-1393],[45,-103],[-67,-27],[-105,-760],[-108,-858],[-856,-6392],[-713,-5408],[-476,-3554],[-57,-330],[-229,-914],[-840,-3103],[-273,-957],[-65,-295],[-1045,-3969],[-63,-277],[34,-5],[62,-12],[96,-26],[540,177],[89,28],[90,29],[1867,650],[1766,613],[1071,467],[2220,641],[275,35],[1813,325],[973,35],[850,49],[1111,171],[129,16],[1650,386],[1422,247],[1653,140],[3033,-137],[3050,-216],[2244,-202],[1189,-287],[592,-34],[350,-20],[466,-34],[-202,-1299],[-574,-535],[-563,265],[-302,-412],[-361,237],[-5,-50],[-227,-226],[-323,-498],[40,-371],[24,-217],[226,-31],[62,-224],[-65,-284],[-12,-51],[-186,86],[-370,-1259],[-349,-1188],[-32,-22],[387,-202],[-97,-309],[-659,-2105],[105,-33],[54,-17],[73,-23],[2583,-811],[3068,-1730],[3748,-973],[1479,-202],[2882,-173],[143,-10],[721,-2625],[-3560,125],[159,-714],[744,-3336],[146,-654],[5,-21],[670,-2983],[-2215,416],[-111,20],[998,-3400],[4716,-776],[3786,-186],[2846,-322],[-50,3282],[453,1],[1475,30],[2178,106],[-6,-565],[-10,-1020],[3003,-163],[1324,-249],[1647,-459],[3407,-1229],[159,-1503],[129,-1223],[68,-805],[59,-697],[134,-1581],[134,-1573],[6,-115],[190,-3843],[45,-871],[176,-3479],[116,-2223],[11,-265],[2,-50],[2167,569],[98,27],[27,9],[49,-1752],[64,-2258],[580,506],[2065,1807],[1431,1251],[4988,-12279],[175,138],[441,385],[1758,1538],[658,452],[2156,930],[2187,-6776],[69,-213],[694,-2158],[73,-228],[166,-514],[145,-450],[-781,-451],[-1562,-902],[24,-67],[109,-299],[279,-768],[3213,-8835],[-498,-371],[71,-224],[-872,-594],[358,-1008],[2961,-8311],[-3301,-2653],[0,-3],[-805,-646],[-618,-495],[14,-44],[51,-156],[3922,-11981],[2456,-7507],[579,-1771],[571,-1742],[16,-50],[43,-130],[96,-291],[105,-317],[9,-27],[50,-150],[-132,-84],[-1772,-1136],[-386,-248],[-1507,-1047],[-790,-533],[-1415,-881],[583,-2864],[-2692,-1757],[84,-504],[141,-637],[-679,-257],[-1060,-926],[-1121,-776],[181,-949],[11,-55],[22,-117],[80,-426],[243,-1286],[164,-872],[9,-45],[26,-149],[93,-522],[42,-222],[34,-155],[241,-1292],[-108,-39],[635,-3070],[695,289],[58,-234],[471,-2152],[425,-2135],[318,-1610],[86,-398],[-42,-323],[-7,-58],[35,-250],[22,-238],[11,-241],[0,-242],[-11,-235],[-23,-243],[-69,-618],[-38,-259],[-46,-124],[46,-218],[-152,-66],[-174,-75],[-52,-311],[-363,-2210],[-38,-234],[-121,-734],[-35,-208],[-156,-960],[-428,-2603],[125,-346],[350,-1321],[2233,-8290],[372,128],[2738,951],[5556,2565],[573,264],[293,-1147],[2785,-10893],[824,-3226],[403,-758],[267,-1],[122,-1],[75,1],[3855,-176],[6945,-315],[6996,-321],[3203,-147],[181,-8],[58,869],[530,218],[64,26],[330,137],[383,157],[2198,906],[452,186],[225,92],[53,18],[228,74],[168,56],[3648,1200],[7431,1629],[386,85],[1012,295],[1147,335],[2791,2437],[3401,2418],[2259,1809],[1617,1013],[375,-188],[188,-94],[168,161],[257,246],[835,776],[3209,2903],[2645,2613],[274,327],[3566,4258],[294,368],[883,1105],[526,658],[407,510],[470,588],[215,269],[980,1182],[1224,1476],[62,62],[30,30],[1140,1140],[818,819],[3139,3132],[4318,4269],[103,139],[1470,2042],[674,1124],[380,628],[532,1553],[62,181],[488,2971],[197,1166],[466,2631],[440,1060],[430,1036],[424,1020],[425,1024],[477,735],[476,736],[29,45],[163,251],[523,802],[354,543],[149,227],[50,77],[163,272],[63,105],[280,467],[114,191],[8,11],[422,705],[106,176],[265,441],[240,399],[132,219],[103,173],[123,76],[224,139],[101,63],[385,239],[499,309],[153,94],[1207,750],[174,98],[165,94],[150,85],[12,-28],[527,399],[28,-63],[511,277],[523,283],[352,190],[170,98],[285,166],[534,311],[535,311],[537,312],[538,313],[292,169],[483,282],[586,341],[1023,593],[1271,-403],[1279,-407],[395,-125],[960,-355],[1455,-536],[110,-41],[313,-111],[1423,-508],[262,-93],[1100,-393],[515,65],[390,52],[1142,147],[382,51],[64,-15],[101,-20],[928,-196],[753,-157],[49,-10],[545,-333],[1070,-656],[937,-1173],[133,-167],[77,-142],[6,19],[207,-339],[521,-769],[131,-200],[25,-18],[333,-232],[470,1645],[386,1350]],[[221033,602867],[-91,116],[-507,642],[-53,67],[-2319,2621],[-2672,3163],[-30,36],[-3685,4370],[-289,356],[-100,122],[-102,125],[-323,397],[-105,137],[-1884,2467],[-1390,2771],[-542,1080],[-1061,2594],[-350,4063],[-29,3102],[-83,4591],[10,3919],[760,3148],[1638,3345],[42,64],[125,191],[-2693,2749],[-240,229],[-1366,1287],[-1186,905],[-771,498],[-89,60],[-417,271],[-558,361],[-3209,2082],[-458,296],[-3532,2277],[-2005,1292],[-443,293],[117,124],[-405,2000],[-497,1774],[-447,1596],[-567,2406],[-184,589],[-31,642],[-268,1220],[-1000,3661],[-62,228],[-39,141],[5428,2189],[2551,922],[2474,825],[2104,413],[1547,423],[2686,888],[2680,1156],[69,992],[27,656],[25,978],[30,1744],[21,1290],[-2,1100],[-4,1300],[-26,1239],[-43,1235],[-67,1671],[-121,2138],[-76,848],[-80,963],[-103,1054],[-146,1455],[-209,1956],[-198,1520],[-179,1239],[-317,2286],[-296,1999],[-502,3115],[-347,2164],[-267,1688],[-162,1085],[-188,1361],[-251,1948],[-159,1683],[-85,1306],[-53,981],[-30,972],[15,1412],[68,1788],[42,826],[119,1388],[135,1149],[124,843],[206,1190],[236,1145],[154,746],[379,1424],[314,1134],[313,1036],[424,1194],[825,2057],[605,1348],[697,1359],[826,1468],[1255,1922],[779,1072],[799,997],[1112,1278],[1102,1115],[1108,1012],[1598,1281],[822,584],[818,520],[591,338],[-5655,-68],[-2760,28],[-3067,96],[-3208,95],[-6594,432],[-3541,259],[-2357,184],[-1866,136],[80,1000],[149,1283],[70,675],[82,1222],[16,588]],[[617101,824398],[-132,-11],[-380,-31],[-45,-3],[-31,-3],[-24,-2],[-2,0],[-91,-7],[5,888],[-6,954],[-16,948],[-50,1927],[-140,4712],[-231,7796],[-177,5992],[-174,5930],[-39,1350],[11,-1],[-151,4946],[-2,72],[-1,34],[-22,728],[-38,1289],[-29,859],[2,30],[-59,1946],[19,-3],[-76,2664],[-8,108],[-87,3195],[153,110],[-20,202],[-117,1162],[-251,2489],[-799,6170],[-13,-3],[-87,404],[-231,755],[-62,209],[38,66],[-130,525],[-226,478],[-320,642],[-444,756],[-1315,1888],[-1296,1777],[-2077,2802],[-1760,2644],[-1162,1890],[-1811,2841],[-928,1354],[-898,1870],[105,23],[-252,542],[-1061,2280],[-55,120],[-145,-32],[-7262,-1612],[-3006,-686],[-1921,-438],[-817,-145],[-428,-249],[-5101,-1059],[-4599,-1024],[-6853,-1310],[-6940,-1140],[-1857,-272],[-5402,-795],[-919,-135],[-2268,-266]],[[311952,843901],[-250,-128],[-359,-38],[-806,-82],[-7350,-756],[-2283,-444],[-1921,-938],[-3795,-2572],[-3157,-2685],[-4690,-4657],[-813,-710],[-3370,-3032],[-3412,-3163],[-2345,-2026],[-2298,-2098],[-1247,-1401],[-836,-983],[-1186,-1636],[-977,-1438],[-199,-292],[-87,-164],[-437,-818],[-117,-214],[-291,-550],[-189,-353],[-156,-358],[-226,-522],[-297,-683],[-402,-856],[-903,-1926],[-258,115],[-260,-625],[63,-88],[-179,-608],[-65,-902],[500,-1748],[67,-252],[24,-90],[102,-389],[224,-842],[-4,-24],[-108,-678],[-243,-653],[-439,-591],[-168,-88],[-177,-90],[-1044,-536],[-937,-480],[-916,-469],[-207,-337],[-251,-1300],[-71,-755],[-90,-941],[-66,-692],[-179,-1847],[-34,-353],[-223,-1054],[-621,-1962],[-123,83],[-27,18],[-188,-538],[-12,-32],[-111,-381],[-889,-2988],[-220,-679],[-239,-737],[-157,-453],[-156,-448],[-294,-76],[-92,-28],[-266,-82],[-465,-144],[-318,-98],[-2002,-619],[-236,-73],[-2814,-870],[-162,-50],[-1232,-381],[-1340,-414],[-1301,-402],[-1396,-432],[-1654,-510],[-299,-94],[-2266,-702],[-2142,-664],[-1142,-353],[-127,-39],[-126,-40],[-2882,-909],[-2829,-894],[-3285,-1037],[-2865,-905],[-509,-160],[-4663,-1473],[-248,-78],[-245,-524],[-339,-722],[-726,-1550],[-167,-355],[-4613,-491],[-4612,-490],[-4728,-504],[-179,-170],[31,-855],[37,-979],[-16510,-1055],[132,-1525],[88,-1239],[-78,-24],[-149,-48],[-404,-128],[-265,-85]],[[458053,403605],[-2045,-2244],[-1935,-2366],[-2598,-3564],[-1059,-1465],[-1315,-1875],[-881,-1284],[-2852,-4136],[-2666,-3925],[-1373,-2159],[-2486,-4531],[-2648,-4905],[-571,-1065],[-738,-1375],[-1195,-1826],[-1703,-2254],[-2108,-2474],[-1736,-1789],[-1752,-1724],[-3132,-2823],[-1405,-1179],[-1767,-1402],[-1691,-1432],[-3223,-2673],[-758,-685],[-885,-1087],[-619,-972],[-545,-1130],[-349,-721],[-228,-1345],[-331,-1893],[-528,117],[-4281,952],[-5004,905],[-3075,386],[-2113,128],[-1126,12],[-326,3]],[[395013,219411],[317,-1134],[205,-665],[739,-1655],[919,-1472],[1122,-1264],[1142,-1119],[1537,-1417],[1310,-1238],[828,-948],[1353,-1705],[3228,-4746],[981,-1372],[432,524],[1173,-167],[93,-77],[1240,91],[111,4],[314,10],[459,22],[721,10],[233,17],[220,-44],[214,-79],[204,-113],[525,-341],[402,277],[18,343],[-28,310],[-15,177],[-78,476],[-110,507],[-8,38],[-8,38],[-94,392],[-34,166],[-57,3],[104,667],[28,282],[27,272],[55,506],[41,334],[65,542],[36,290],[190,1622],[21,170],[154,1318],[51,437],[-9,0],[-13,458],[-30,625],[-38,796],[320,129],[1242,418],[475,142],[1420,425],[148,44],[-180,2396],[183,45],[57,14],[218,54],[212,52],[551,105],[576,94],[610,98],[426,54],[436,12],[479,-22],[400,-35],[863,-81],[93,-9],[64,-5],[419,-112],[1891,2761],[1829,2418],[1943,2258],[493,498],[2330,2333],[5938,5719],[439,-177],[671,-1320],[79,-218],[45,-234],[37,-292],[80,-619],[127,-995],[59,-364],[75,-324],[127,-237],[202,-347],[227,-327],[279,-347],[81,-102],[293,-295],[587,-588],[283,-313],[197,-262],[140,-225],[423,344],[47,39],[497,324],[524,242],[542,155],[549,116],[290,39],[262,36],[553,62],[2077,229],[2077,417],[367,11],[762,57],[656,-44],[1251,108],[3445,354],[669,-15],[629,-18],[3030,344],[-31,284],[346,67],[357,57],[631,100],[695,112],[286,45],[21,6],[343,99],[665,194],[333,96],[378,110],[756,219],[626,181],[370,107],[7,-33],[508,100],[85,17],[328,79],[410,102],[434,126],[382,109],[310,89],[676,220],[391,117],[286,98],[144,50],[532,173],[62,20],[2564,-1704],[782,198],[248,719],[267,708],[283,687],[8,16],[99,216],[51,9],[600,125],[146,32],[440,97],[685,164],[144,33],[452,82],[473,91],[939,180],[828,160],[208,41],[67,13],[456,85],[329,64],[382,64],[91,16],[519,56],[97,10],[-33,506],[341,35],[-55,629],[-334,28],[-52,5],[168,1924],[288,-25],[-146,1192],[1253,273],[3291,716],[814,-3792],[98,-461],[312,-1454],[-5,-807],[-2,-264],[-12,-1891],[-76,-312],[666,311],[418,195],[73,34]],[[489913,228546],[-6,1084],[9,5588],[-26,1466],[-166,4156],[-549,13880],[-69,2148],[9,1187],[-148,4013],[92,6],[-39,2572],[11,434],[-37,1047],[-18,1042],[-8,434],[-220,-13],[-11,1777],[-6,222],[-36,1151],[-51,1339],[-21,782],[-44,1808],[1,225],[-55,1485],[-315,2432],[-150,5646],[-157,1979],[-47,5735],[-78,2778],[9,1670],[-66,1837],[43,588],[56,704],[62,726],[364,4262],[33,322],[94,1071],[102,1094],[291,3665],[51,723],[178,1788],[205,2116],[156,1932],[30,361],[28,333],[29,357],[33,409],[211,2379],[188,2154],[142,1567],[-1,47],[137,-12],[246,3019],[1160,13815],[19,734],[40,956],[-1,99],[6,355],[16,473],[19,-2],[14,453],[11,939],[14,152],[4,46],[30,332],[37,424],[4,152],[47,-5],[-1,253],[-3,231],[0,56],[-5,220],[-6,220],[-11,289],[-11,274],[-14,280],[-20,324],[-13,217],[-20,276],[-18,246],[-41,425],[-35,351],[-34,303],[-26,218],[-41,337],[-27,179],[-62,344],[-47,221],[-251,1634],[-24,55],[-4,-3],[-43,249],[-49,276],[-55,275],[-55,258],[-56,243],[-61,266],[-63,270],[-65,269],[-68,266],[-149,555],[-51,190],[-56,206],[-33,116],[-73,266],[-137,459],[-97,314],[-96,309],[-149,458],[-111,327],[-147,421],[-156,428],[-175,463],[-115,298],[-121,306],[-165,412],[-216,525],[-170,393],[-184,417],[-49,103],[-106,227],[-27,57],[-228,481],[-35,69],[-228,455],[-159,316],[-206,392],[-221,407],[-240,431],[-230,405],[-118,201],[-141,238],[-298,486],[-94,147],[-122,192],[-240,369],[-391,584],[-275,389],[-76,109],[-74,103]],[[484631,369330],[-155,213],[-275,365],[-270,361],[-1039,1375],[-378,512],[-651,863],[-587,542],[-318,469],[-648,955],[-1999,2544],[-2007,2532],[-388,487],[-327,411],[-143,180],[-62,-84],[-61,-83],[-180,227],[-349,442],[-369,467],[-49,10],[-283,56],[134,336],[45,111],[-121,153],[-1956,2466],[-1309,1650],[-149,189],[-116,147],[-501,633],[-644,615],[-183,175],[-74,395],[-2575,3249],[-1141,1440],[-328,415],[-1870,2403],[-208,296],[-894,1131],[-1062,1453],[-1237,1808],[-1302,2012],[-200,-219],[-349,573]],[[518799,436468],[-23,-396],[-8,-138],[-360,-6096],[31,-7],[-28,-325],[-15,-19],[-79,-99],[-99,-1706],[-18,-159],[-24,-145],[-35,-141],[-46,-140],[-64,-142],[-5,2],[-626,-1009],[-171,-277],[-561,-909],[-197,-322],[-407,-674],[-343,-700],[-73,-157],[12,-9],[-81,-184],[-11,2],[-327,-749],[-115,-81],[60,-672],[962,-262],[3551,-903],[3275,-723],[45,-6301],[15,-2919],[-602,-3070],[-2819,-4480],[-360,-338],[-330,-387],[-311,-415],[-282,-446],[-261,-470],[-229,-497],[-248,-648],[-209,-670],[-164,-692],[-178,-938],[-153,-945],[-57,-442],[-66,-511],[-68,-656],[-26,-305],[-114,-1441],[-58,-963],[-26,-962],[8,-966],[19,-966],[-1,-662],[-33,-494],[-81,-714],[-136,-702],[-178,-687],[-232,-660],[-270,-631],[-314,-597],[-349,-562],[-258,-472],[-212,-508],[-161,-539],[-117,-577],[-25,-117],[-83,-725],[-5,-470],[136,-961],[207,-921],[221,-924],[79,-387],[23,-172],[131,-707],[539,-1668],[-697,-807],[-2057,-4707],[-163,-554],[-97,-433],[-329,-1383],[-106,-562],[-69,-572],[-307,-3714],[-103,-1222],[-39,-459],[-114,-961],[-7,-49],[-31,-198],[-362,-2321],[-59,-380],[-86,-482],[-104,-466],[-139,-457],[-158,-449],[-27,-78],[20,-16],[-37,-87],[-18,6],[-83,-209],[-69,-164],[-63,-140],[-54,-116],[-44,-94],[-58,-119],[-60,-125],[-61,-121],[-53,-100],[-64,-121],[-56,-103],[-58,-104],[-47,-86],[-56,-98],[-54,-92],[-66,-110],[-74,-120]],[[509272,351670],[45,-308],[260,-376],[177,-52],[260,-123],[-31,-443],[753,-81],[456,17],[1442,-1132],[266,-28],[10,76],[222,-202],[252,-229],[239,-215],[198,-169],[3948,-3452],[3608,-3127],[27,37],[441,-379],[443,-387],[48,-40],[175,-134],[374,-326],[280,622],[2018,-1763],[1144,-1015],[1361,-1293],[5133,-4661],[4222,-3686],[534,-455],[2044,-1743],[4221,-3683],[1651,-1441],[3510,-3102],[2987,-2553],[153,-140],[198,-171],[239,-208],[184,-161],[65,-56],[5,10],[757,-651],[8,-6],[-54,-211],[2275,-1907],[170,-142],[182,-49],[18,-6],[19,1],[18,6],[15,13],[13,18],[8,22],[327,-282],[1029,-890],[123,-107],[-27,-53],[-1,-25],[4,-24],[9,-22],[13,-19],[17,-13],[22,0],[22,7],[19,14],[15,21],[12,25],[751,-649],[59,-50],[668,-589],[-22,-48],[-4,-22],[1,-22],[6,-22],[10,-18],[14,-13],[16,-7],[17,-2],[17,6],[15,11],[30,48],[1471,-1285]],[[713204,407192],[1646,250],[759,280],[2262,745],[1036,457],[1187,425],[1838,497],[407,162],[4744,1888],[72,29],[-14,183],[-44,593],[523,-368],[236,-155],[136,-81],[99,-59],[240,-126],[366,-157],[176,-64],[-143,-53],[1171,-370],[4063,469],[3676,429],[1997,375],[2864,401],[2,-41],[28,-400],[1191,-130],[1137,-234],[7664,-2095],[-22,84],[-34,123],[-63,225],[85,2],[446,11],[283,6],[138,4],[139,3],[63,219],[811,113],[590,83],[1343,661],[652,495],[339,258],[276,210],[280,245],[1147,1164],[1191,1067],[184,742],[1827,378],[2822,582],[2812,580],[987,173],[992,116],[708,44],[289,16],[996,-3],[996,-58],[994,-117],[1378,-203],[366,-53],[902,-133],[2648,-388],[553,-81],[2098,-308],[2207,-324],[2395,-351],[655,-96],[1124,4],[1124,151],[2245,-255],[1025,-67],[1530,-177],[290,-67],[1872,-377],[2044,-417],[19,-3],[127,-26],[359,91],[170,185],[2247,-180],[298,-74],[817,-203],[647,-83],[638,-81],[96,-12],[719,-91],[2097,-268],[1032,-128],[539,-67],[600,-2088],[789,-3531],[52,-257],[187,-938]],[[863099,530362],[103,183],[224,390],[104,183],[96,167],[367,640],[56,98],[72,349],[423,757],[810,1129],[2075,3832],[2315,4227],[2515,4824],[1572,2882],[517,950],[76,135],[59,118],[69,143],[63,149],[56,146],[49,143],[35,119],[42,169],[39,135],[44,137],[49,137],[54,134],[60,139],[56,118],[69,133],[76,134],[2562,5115],[2013,4022],[613,1226],[1247,3063],[26,48],[248,468],[1257,2373],[1013,2201],[2743,5537],[2284,5025],[609,1341],[1252,2755],[136,354],[508,1446],[347,258],[292,273],[158,176],[170,218],[173,287],[110,224],[146,366],[105,348],[84,326],[64,300],[45,266],[32,263],[-5,279],[-20,239],[-36,219],[-80,350],[-29,238],[-57,372],[-62,376],[-50,271],[-23,241],[9,126],[48,109],[93,85],[73,92],[60,76],[118,102],[90,9],[100,-21],[92,3],[60,34],[52,69],[39,110],[1,153],[10,143],[11,49],[1014,1589],[91,210],[55,140],[53,182],[47,220],[86,1012],[188,661],[24,122],[0,104],[-23,135],[-210,794],[106,633],[246,418],[47,163],[3,153],[-25,138],[-13,44],[-111,202],[-221,450],[-209,426],[-401,900],[-226,906],[-73,481],[-34,171],[-66,252],[-160,468],[-134,357],[-142,358],[-113,229],[-121,207],[-106,158],[-187,225],[20,91],[0,237],[11,356],[48,321],[43,255],[29,176],[0,186],[-23,195],[-47,148],[-88,228],[-148,269],[-110,114],[-28,554],[-33,369],[-42,371],[-59,378],[-62,359],[-90,272],[3109,-302],[513,-55],[4685,-563],[12433,-4552],[1705,4794],[362,1015],[2118,5945],[1557,4549],[1464,3840],[22,57],[52,136],[-1036,1453],[-1646,2220],[-1558,2001],[-786,1243],[-1113,1361],[-67,94],[-51,72],[-561,779],[-460,637],[-780,1085],[-126,169],[751,468],[-7986,8528],[1615,1280],[39,31],[1904,1519],[2034,1628],[877,701],[250,200],[407,319],[1767,1383],[425,335],[3784,2990],[-117,135],[-897,1034],[-1139,1338],[-3398,3927],[-895,1302],[-3103,4514],[-170,246],[-499,727],[-196,81],[-1169,251],[-1885,391],[-391,47],[-430,52],[-402,49],[-401,48],[-40,5],[-214,26],[-150,3],[-760,16],[-384,8],[-382,8],[-380,9],[-1140,24],[0,-5],[255,-5182],[-1,-2],[-1042,-1141],[-948,-1039],[-1679,-3028],[-2112,-2838],[-2022,556],[-157,44],[-196,54],[-157,43],[-1356,373],[-1478,407],[-1394,383],[-668,184],[-773,216],[-1450,405],[-691,193],[-642,179],[-1266,354],[-1295,361],[-840,235],[-741,207],[-531,91],[-147,25],[-1077,182],[-1842,312],[-1920,324],[-1899,322],[-2202,234],[-2171,230],[-997,106],[-150,15],[-970,101],[-1965,205],[-1881,196],[-1087,113],[-758,97],[-1784,230],[-1879,242],[-1690,217],[-226,34],[-236,35],[-8352,1238],[-2778,269],[-6494,643],[-4432,347],[-5542,412],[-257,-407],[-84,-620],[-4,-53],[-42,-500],[103,-432],[-49,-146],[-186,-560],[-199,-599],[-190,-572],[-181,-545],[-169,-509],[-174,-526],[-1173,50],[-222,-535],[-267,-642],[-40,-1036],[1,-18],[43,-542],[47,-583],[1,-5],[-257,14],[-128,8],[842,-3745],[40,-572],[-211,-2203],[-27,-1149],[67,-744],[114,-363],[788,-1231],[1726,-2023],[1760,-2065],[872,-1024],[1352,-1589],[883,-1037],[1038,-1221],[514,-603],[522,-614],[107,-126],[148,-136],[266,-70],[506,75],[420,-33],[69,-48],[48,-33],[875,-860],[181,-244],[374,-506],[95,-128],[470,-1107],[135,-567],[-197,-1280],[-92,-605],[-150,-973],[-10595,-2151],[-146,-29],[-9545,-1939],[-69,-14],[-60,-12],[-14,-3],[-6208,-1268],[-2078,-423],[-224,-45],[-1140,-236],[-283,-59],[-909,-184],[-1951,-401],[-3346,-686],[-411,-84],[-38,-8],[-717,-146],[-75,-16],[-1980,-405],[-41,-9],[-140,-28],[-33,-7],[219,-2414],[-3606,-237],[-3888,-229],[59,-1597],[18,-508],[-130,-21],[-178,-29],[-376,-60],[0,-8],[-1112,-172],[-109,-18],[-4585,-741],[-578,-89],[64,-162],[231,-687],[198,-688],[-198,13],[-707,44],[-367,22],[-241,15],[-518,31],[-3536,228],[-145,9],[-332,23],[-131,7],[-208,13],[-6092,388],[-785,-2811],[-37,-132],[-225,103],[-1624,828],[-259,132],[-1064,541],[-2719,1086],[-1321,527],[-454,208],[-229,105],[-1625,746],[-2923,1977],[-242,156],[-1323,879],[-239,182],[88,-8],[114,-12],[659,350],[580,1011],[206,621],[96,288],[190,569],[117,351],[828,2478],[153,906],[122,720],[154,911],[39,233],[-4877,2087],[-398,171],[-2204,944],[-2814,1203],[-1857,794],[-747,320],[-3090,1323],[-138,-824],[-181,-1077],[-380,161],[-389,165],[-248,105],[-87,36],[-479,203],[-106,48],[-70,31],[-16,-143],[-197,-1189],[-324,-8],[-34,-1],[-79,-1261],[-23,-385],[-193,18],[-453,44],[-555,50],[-134,10],[-299,21],[-306,22],[-554,46],[-556,38],[-95,4],[-461,18],[-461,26],[-92,5],[-555,42],[-315,26],[-159,13],[-79,7],[-555,71],[-242,35],[-312,44],[-468,90],[-111,21],[-182,35],[-88,18],[-73,14],[-56,9],[-163,32],[395,2126],[64,378],[59,622],[56,1110],[21,492],[-55,545],[112,882],[109,806],[-17,646],[153,202],[207,274],[184,357],[127,362],[61,350],[50,1218],[-76,909],[69,382]],[[458053,403605],[-212,349],[-173,172],[195,205],[636,829],[191,248],[24,27],[147,162],[229,253],[41,21],[32,15],[-361,1392],[-200,845],[-110,573],[-249,1606],[-117,1169],[-76,1049],[-12,2223],[66,1089],[94,1146],[252,1796],[-34,8],[-17,5],[231,1126],[299,1131],[312,1109],[560,1640],[213,752],[166,-21],[426,876],[1180,-124],[560,941],[61,-5],[249,390],[626,677],[1159,956],[1058,614],[551,168],[59,18],[163,115],[1125,791],[164,116],[1269,528],[888,370],[846,-33],[-53,952],[95,32],[102,39],[104,32],[102,33],[99,34],[104,28],[101,30],[101,27],[102,26],[96,25],[98,25],[96,21],[99,24],[99,23],[96,22],[99,23],[97,22],[97,23],[98,22],[97,23],[106,24],[105,24],[104,23],[107,19],[101,18],[103,20],[101,17],[100,18],[103,17],[95,14],[104,13],[94,12],[97,9],[101,11],[94,10],[98,12],[98,11],[97,11],[106,11],[103,10],[100,10],[105,12],[106,14],[98,5],[94,5],[96,5],[97,3],[101,4],[102,2],[89,-3],[93,-3],[180,-19],[120,-13],[361,-51],[239,-46],[239,-54],[270,-68],[63,-20],[142,-46],[233,-89],[214,-90],[129,-62],[321,-168],[9,25],[205,-115],[-9,-24],[263,-166],[167,-118],[557,-378],[2,9],[30,-21],[298,-204],[72,1277],[75,1372],[85,1613],[50,912],[65,1207],[67,1262]],[[484631,369330],[679,166],[85,-72],[1543,-1299],[780,-710],[384,-452],[1094,-288],[197,42],[60,13],[84,18],[57,12],[232,50],[10,-6],[2518,-1530],[252,-147],[183,-106],[291,-168],[601,-340],[-8,-605],[56,-29],[341,-176],[330,-170],[13,36],[87,222],[798,-484],[602,-363],[538,-323],[54,-34],[1586,-1006],[429,-272],[1518,-1065],[874,-653],[1925,-1617],[602,-534],[1559,-1370],[1392,-1254],[1741,-1567],[696,-608],[47,-41],[266,-232],[51,-45],[41,-287],[53,-366]],[[489913,228546],[227,106],[40,19],[185,86],[137,64],[141,66],[261,122],[5,2],[-20,-274],[-8,-108],[-23,-296],[4186,717],[3547,797],[3271,957],[529,149],[22,-223],[134,-1028],[108,-678],[97,-507],[73,-380],[387,-1885],[21,-104],[25,-127],[-17,-49],[119,-628],[123,-675],[454,-2402],[143,-835],[74,-473],[26,-184],[41,-291],[19,-147],[17,-139],[22,-288],[69,-9],[239,-14],[-22,1812],[-214,3600],[27,607],[243,737],[818,1345],[1768,2798],[721,1272],[533,1115],[940,2297],[655,1506],[749,989],[1113,1238],[2139,67],[1672,-411],[2036,-84],[659,-125],[1284,-407],[1928,-846],[1072,3918],[2261,-1033],[286,-194],[819,-538],[3552,-2087],[-32,-71],[-74,-131],[-21,-42],[-494,-883],[985,-550],[285,-160],[485,-268],[253,648],[263,652],[161,445],[182,550],[147,512],[57,244],[122,467],[114,504],[111,512],[115,679],[83,519],[76,570],[-126,11],[10,347],[161,2413],[-147,6],[18,2190],[125,7],[2,58],[22,2],[0,362],[0,28],[57,192],[524,-9],[-1,-12],[171,1],[2,90],[203,-3],[0,-91],[164,-4],[-2,17],[532,-2],[48,-106],[-2,-142],[19,0],[0,-43],[-21,1],[-1,-76],[22,0],[-3,-44],[-17,-1],[-4,-74],[22,-1],[0,-188],[-9,0],[-9,-5],[-6,-11],[-2,-13],[2,-10],[5,-9],[7,-5],[8,-2],[8,2],[-3,-173],[215,-9],[367,-463],[-15,-470],[-32,-310],[-278,-2096],[663,-545],[1180,-968],[159,-128],[24,1],[7,-29],[939,-763],[636,-521],[184,156],[685,371],[185,22],[-118,-133],[-715,-605],[131,-107],[827,-680],[555,-456],[300,323],[82,-111],[-263,-333],[1898,-1538],[294,-239],[216,-175]],[[369527,64719],[109,166],[-352,395],[-268,301],[-96,108],[-510,-773],[144,-162],[-49,-74],[-913,-1396],[221,-245],[912,1389],[72,-77],[287,-308],[198,302],[245,374]],[[319859,179226],[-73,-588],[-29,-374],[1,-1103],[558,-61],[-8,-61],[-22,-175],[-22,-178],[-30,-239],[-299,-2387],[-237,-2249],[-44,-522],[-154,-1836],[-325,-2108],[-43,-279],[-58,-1031],[-63,-1134],[-123,-2211],[-1142,-4589],[-33,-132],[-162,-648],[-455,-1830],[-632,-2540],[-530,-2123],[-170,-686],[-181,-724],[-194,-781],[1808,-1390],[914,-764],[1765,-1648],[888,-801],[646,-507],[370,-226],[403,-247],[757,-394],[4,-75],[8,-148],[-87,-141],[828,-298],[491,-111],[187,-30],[556,-36],[880,7],[1200,55],[334,15],[-44,-117],[-105,-272],[-251,-652],[-250,-632],[-449,-1134],[-535,-1240],[-87,-229],[-329,-741],[-678,-1556],[-110,-257],[-336,-721],[-436,-952],[-377,-827],[-246,-426],[-290,-275],[-287,-228],[-362,-224],[-918,-543],[-488,-284],[-50,-31],[-201,-106],[-79,-24],[-306,-132],[-528,-1231],[-748,-2111],[-109,-308],[-246,-725],[-61,-178],[-833,-2455],[-409,-1007],[-398,-900],[-1227,-2758],[-412,-929],[-107,-288],[-58,-177],[-394,-1039],[-148,-390],[-95,-319],[-230,-771],[-40,-139],[-61,-218],[-98,-331],[-216,-753],[-13,-46],[-214,-998],[-143,-503],[-225,-437],[14,-2],[595,-461],[639,-488],[639,-487],[639,-488],[319,-244],[320,-243],[639,-488],[532,-405],[268,-204],[66,-51],[33,-25],[700,-534],[98,-75],[537,-409],[352,-268],[154,-118],[33,-24],[-877,-1293],[-242,243],[-895,899],[-155,156],[-267,268],[-1131,-2524],[1085,-1093],[636,-902],[18,-17],[1055,-1000],[1236,2219],[-1066,1010],[19,446],[904,1347],[1012,-754],[804,-599],[770,-574],[740,-553],[772,-575],[417,-311],[417,-311],[316,-236],[361,-269],[739,-551],[17,-13],[741,-572],[832,-643],[445,-344],[456,-353],[638,-492],[64,-48],[64,-49],[347,-265],[269,-207],[21,-16],[291,-223],[97,-74],[206,-159],[636,-489],[317,-245],[318,-245],[635,-489],[634,-489],[635,-490],[634,-489],[1795,-1382],[778,-599],[473,-365],[413,-318],[490,-376],[291,-226],[36,-28],[249,-189],[1428,-1096],[1284,-984],[817,-629],[239,-184],[1046,-795],[1774,-1379],[455,-354],[1073,-834],[247,-192],[1701,-1322],[1065,-829],[1772,-1385],[947,-737],[1787,-1389],[446,-346],[165,-128],[407,-316],[322,-250],[245,-190],[209,-166],[35,-26],[16,-12],[260,-201],[537,-414],[52,-42],[122,-96],[203,-156],[534,-396],[95,-70],[-1507,-5360],[-572,-1301],[-280,-968],[62,-34],[72,-39],[264,-143],[165,-89],[-325,-1016],[-995,-2661],[3723,-2234],[2256,6502],[-3657,1992],[-152,83],[1504,4793],[62,-50],[646,-514],[20,41],[77,-62],[284,-226],[207,-164],[31,-25],[57,-42],[788,-564],[139,-106],[636,-489],[350,-270],[364,-279],[389,-299],[371,-285],[376,-289],[356,-274],[571,-437],[133,-103],[616,-473],[65,-50],[518,-399],[583,-447],[99,-76],[4575,-3523],[8,13],[4312,-3292],[1554,-1204],[2882,-2231],[5628,-4308],[6035,-4649],[5575,-4305],[4370,-3450],[1013,-800],[2267,-1849],[-1794,-3750],[-337,-2718],[33,-463],[151,-2111],[765,-3405],[-488,-245],[-747,-17],[983,-3913],[485,-2717],[1767,-1168],[7,-52],[494,-4138],[59,-645],[321,-3552],[687,-5508],[317,-2548],[3437,-1062],[2207,-403],[39,-6],[2593,-986],[3162,-951],[1230,-188],[7182,15205],[3676,-1630],[355,-157],[1117,-495],[2979,-1321],[3337,-1480],[63,320],[157,939],[129,906],[468,4364],[128,973],[209,1138],[510,2574],[420,-143],[410,-140],[166,913],[6,33],[156,863],[87,478],[86,473],[151,832],[162,895],[140,767],[23,125],[107,-35],[309,-96],[695,-215],[449,-140],[66,404],[65,393],[17,101],[148,896],[1475,197],[-49,791],[-22,364],[-9,153],[-21,337],[1564,741],[49,-131],[94,-270],[84,49],[194,119],[189,115],[-185,522],[-372,1055],[56,6],[4523,459],[357,-36],[3712,87],[454,-26],[63,-1121],[358,-11],[-340,-2767],[-20,-451],[2263,-284],[114,-14],[61,1589],[135,3563],[15,940],[6,359],[1292,2597],[791,1324],[1338,534],[2245,-401],[1427,-39],[1422,-14],[95,0],[5,729],[5,384],[9,1105],[0,108],[2,201],[2,153],[1,62],[9,760],[1222,25],[190,4],[420,9],[464,23],[68,4],[1295,65],[21,1],[170,7],[194,11],[194,9],[352,17],[799,38],[1,368],[5,1076],[0,52],[9,-1],[134,-11],[43,627],[84,1154],[524,-146],[16,242],[26,584],[55,-22],[69,1566],[33,762],[49,694],[58,829],[44,479],[29,170],[163,944],[39,227],[106,830],[70,984],[9,124],[73,1329],[42,731],[12,237],[94,1821],[23,308],[102,-30],[124,418],[88,-30],[19,63],[553,1767],[431,1378],[446,1424],[284,893],[14,57],[47,150],[46,149],[-69,33],[172,491],[95,268],[17,53],[73,235],[26,82],[99,315],[29,92],[250,795],[236,755],[44,139],[156,497],[387,1232],[114,365],[497,1579],[94,301],[56,179],[763,2681],[10,56],[71,387],[310,1687],[190,1725],[483,2686],[584,1677],[999,2084],[73,-65],[177,347],[273,519],[30,60],[747,1244],[357,507],[104,151],[66,91],[411,555],[102,101],[343,356],[355,322],[192,172],[183,257],[134,55],[115,12],[130,-4],[119,-23],[114,-41],[101,1],[25,16],[62,37],[52,56],[-47,64],[27,33],[8,-10],[13,36],[52,51],[79,77],[16,16],[26,34],[31,-38],[97,37],[51,42],[10,-20],[228,41],[96,20],[173,42],[608,34],[290,-59],[738,95],[293,55],[255,61],[362,100],[359,128],[535,217],[360,119],[365,76],[112,0],[130,-15],[41,15],[281,107],[158,57],[140,50],[158,63],[344,132],[467,104],[229,43],[1531,291],[63,0],[169,0],[391,0],[462,0],[698,-1],[1573,-22],[1122,-9],[3280,-28],[2589,-21],[1974,-17]]],"bbox":[675559.40690054,5326194.46019826,702569.7734011,5346902.2312983],"transform":{"scale":[0.027010393510953475,0.020707791807832335],"translate":[675559.40690054,5326194.46019826]}}
