{"type":"FeatureCollection","features":[{"type":"Feature","id":"wc_finder_opendata.1","geometry":{"type":"Point","coordinates":[690895.83,5338610.02]},"geometry_name":"shape","properties":{"name":"Öffentliche Toilette DSMDecaux GmbH","stadt":"München","plz":80804,"strasse":"Brunnerstraße, 40m n. Burgunderstr. ggü,v. Spielpl. im Luitpoldpark","hausnr":null,"etage":"EG","raumnummer":"6002 (DSMDecaux)","oeffnungszeiten":"Durchgehend","kategorie":"divers/unisex","preis":0.5,"wickeln":null,"standort_beschreibung":null,"zustand":"voll funktionsfähig","einschraenkungen":null,"mail":"info@dsmdecaux.de","website":null,"telefon":null,"zustaendiges_referat":"DSMDecaux GmbH","erzeugt_bearbeitet":"06.09.2023 / 06.09.2023","din_18040_1":null,"toilette_fuer_alle":null,"eignung_blindenhunde":null,"eingangstuer_typ":null,"eingangstuer_glasmarkierung":null,"eingangstuer_klingel_taster":null,"eingangstuer_leichte_fuehrung":null,"eingangstuer_radar_schluessel":null,"eingangstuer_euro_schluessel":null,"eingangstuer_wendekreis":null,"eingangstuer_breite":null,"rampe":null,"rampe_steigung":null,"treppe_vorhanden":null,"treppe_antirutsch":null,"treppe_blindenschrift":null,"treppe_gelaender":null,"treppe_kontrast_visuell":null,"treppe_kontrast_taktil":null,"treppe_stufenanzahl":null,"treppe_stufenhoehe":null,"rollstuhllift":null,"eingangsbereich_beschreibung":null,"gebaeudeinneres_gangbreite":null,"gebaeudeinneres_induktionsschleifen":null,"gebaeudeinneres_fuehrungsrillen":null,"gebaeudeinneres_ruhig":null,"gebaeudeinneres_beleuchtet":null,"aufzug_vorhanden":null,"aufzug_tuerbreite":null,"aufzug_tiefe":null,"aufzug_breite":null,"wctuer_typ":null,"wctuer_glasmarkierung":null,"wctuer_klingel_taster":null,"wctuer_leichte_fuehrung":null,"wctuer_radar_schluessel":null,"wctuer_euro_schluessel":null,"wctuer_wendekreis":null,"wctuer_breite":null,"wctuer_bemerkung":null,"wc_badewanne":null,"wc_dusche":null,"wc_spiegel":null,"wc_gelaender":null,"wc_deckenlifter":null,"wc_standlifter":null,"wc_liege":null,"wc_spiegelhoehe":null,"wc_handtuchspenderhoehe":null,"wc_seifenspender_hoehe":null,"wc_waschbecken_oberkante":null,"wc_waschbecken_hoehe_unterfahrbar":null,"wc_waschbecken_tiefe_unterfahrbar":null,"wc_buegel_rechts":null,"wc_buegel_links":null,"wc_buegel_distanz":null,"wc_buegelhoehe":null,"wc_sitzhoehe":null,"wc_platz_davor":null,"wc_platz_rechts":null,"wc_platz_links":null,"wc_spuelknopf_hinten":null,"wc_spuelknopf_rechts":null,"wc_spuelknopf_links":null,"wc_spuelknopf_hoehe":null,"wc_position_notruf":null,"wc_hoehe_notruf":null,"wc_bermerkung":null,"foto":"https://geoportal.muenchen.de/resource/download/gsm/dokumente/wc_finder/bild/Luitpoldpark.jpg"}},{"type":"Feature","id":"wc_finder_opendata.2","geometry":{"type":"Point","coordinates":[688566,5334578.1]},"geometry_name":"shape","properties":{"name":"Öffentliche Toilette DSMDecaux GmbH","stadt":"München","plz":80339,"strasse":"10m v. Gollierpl., ggü Trappentreustr. 23","hausnr":null,"etage":"EG","raumnummer":"6003 (DSMDecaux GmbH)","oeffnungszeiten":"Durchgehend","kategorie":"divers/unisex","preis":0.5,"wickeln":null,"standort_beschreibung":null,"zustand":"voll funktionsfähig","einschraenkungen":null,"mail":"info@dsmdecaux.de","website":null,"telefon":null,"zustaendiges_referat":"DSMDecaux GmbH","erzeugt_bearbeitet":"06.09.2023 / 06.09.2023","din_18040_1":null,"toilette_fuer_alle":null,"eignung_blindenhunde":null,"eingangstuer_typ":null,"eingangstuer_glasmarkierung":null,"eingangstuer_klingel_taster":null,"eingangstuer_leichte_fuehrung":null,"eingangstuer_radar_schluessel":null,"eingangstuer_euro_schluessel":null,"eingangstuer_wendekreis":null,"eingangstuer_breite":null,"rampe":null,"rampe_steigung":null,"treppe_vorhanden":null,"treppe_antirutsch":null,"treppe_blindenschrift":null,"treppe_gelaender":null,"treppe_kontrast_visuell":null,"treppe_kontrast_taktil":null,"treppe_stufenanzahl":null,"treppe_stufenhoehe":null,"rollstuhllift":null,"eingangsbereich_beschreibung":null,"gebaeudeinneres_gangbreite":null,"gebaeudeinneres_induktionsschleifen":null,"gebaeudeinneres_fuehrungsrillen":null,"gebaeudeinneres_ruhig":null,"gebaeudeinneres_beleuchtet":null,"aufzug_vorhanden":null,"aufzug_tuerbreite":null,"aufzug_tiefe":null,"aufzug_breite":null,"wctuer_typ":null,"wctuer_glasmarkierung":null,"wctuer_klingel_taster":null,"wctuer_leichte_fuehrung":null,"wctuer_radar_schluessel":null,"wctuer_euro_schluessel":null,"wctuer_wendekreis":null,"wctuer_breite":null,"wctuer_bemerkung":null,"wc_badewanne":null,"wc_dusche":null,"wc_spiegel":null,"wc_gelaender":null,"wc_deckenlifter":null,"wc_standlifter":null,"wc_liege":null,"wc_spiegelhoehe":null,"wc_handtuchspenderhoehe":null,"wc_seifenspender_hoehe":null,"wc_waschbecken_oberkante":null,"wc_waschbecken_hoehe_unterfahrbar":null,"wc_waschbecken_tiefe_unterfahrbar":null,"wc_buegel_rechts":null,"wc_buegel_links":null,"wc_buegel_distanz":null,"wc_buegelhoehe":null,"wc_sitzhoehe":null,"wc_platz_davor":null,"wc_platz_rechts":null,"wc_platz_links":null,"wc_spuelknopf_hinten":null,"wc_spuelknopf_rechts":null,"wc_spuelknopf_links":null,"wc_spuelknopf_hoehe":null,"wc_position_notruf":null,"wc_hoehe_notruf":null,"wc_bermerkung":null,"foto":"https://geoportal.muenchen.de/resource/download/gsm/dokumente/wc_finder/bild/Gollierplatz.jpg"}},{"type":"Feature","id":"wc_finder_opendata.3","geometry":{"type":"Point","coordinates":[686327.13,5339290.97]},"geometry_name":"shape","properties":{"name":"Öffentliche Toilette DSMDecaux GmbH","stadt":"München","plz":80992,"strasse":"36m v. Großbeerenstr., v. Hs.Nr. 3, Wendeschleife","hausnr":null,"etage":"EG","raumnummer":"6004 (DSMDecaux GmbH)","oeffnungszeiten":"Durchgehend","kategorie":"divers/unisex","preis":0.5,"wickeln":null,"standort_beschreibung":null,"zustand":"voll funktionsfähig","einschraenkungen":null,"mail":"info@dsmdecaux.de","website":null,"telefon":null,"zustaendiges_referat":"DSMDecaux GmbH","erzeugt_bearbeitet":"06.09.2023 / 06.09.2023","din_18040_1":null,"toilette_fuer_alle":null,"eignung_blindenhunde":null,"eingangstuer_typ":null,"eingangstuer_glasmarkierung":null,"eingangstuer_klingel_taster":null,"eingangstuer_leichte_fuehrung":null,"eingangstuer_radar_schluessel":null,"eingangstuer_euro_schluessel":null,"eingangstuer_wendekreis":null,"eingangstuer_breite":null,"rampe":null,"rampe_steigung":null,"treppe_vorhanden":null,"treppe_antirutsch":null,"treppe_blindenschrift":null,"treppe_gelaender":null,"treppe_kontrast_visuell":null,"treppe_kontrast_taktil":null,"treppe_stufenanzahl":null,"treppe_stufenhoehe":null,"rollstuhllift":null,"eingangsbereich_beschreibung":null,"gebaeudeinneres_gangbreite":null,"gebaeudeinneres_induktionsschleifen":null,"gebaeudeinneres_fuehrungsrillen":null,"gebaeudeinneres_ruhig":null,"gebaeudeinneres_beleuchtet":null,"aufzug_vorhanden":null,"aufzug_tuerbreite":null,"aufzug_tiefe":null,"aufzug_breite":null,"wctuer_typ":null,"wctuer_glasmarkierung":null,"wctuer_klingel_taster":null,"wctuer_leichte_fuehrung":null,"wctuer_radar_schluessel":null,"wctuer_euro_schluessel":null,"wctuer_wendekreis":null,"wctuer_breite":null,"wctuer_bemerkung":null,"wc_badewanne":null,"wc_dusche":null,"wc_spiegel":null,"wc_gelaender":null,"wc_deckenlifter":null,"wc_standlifter":null,"wc_liege":null,"wc_spiegelhoehe":null,"wc_handtuchspenderhoehe":null,"wc_seifenspender_hoehe":null,"wc_waschbecken_oberkante":null,"wc_waschbecken_hoehe_unterfahrbar":null,"wc_waschbecken_tiefe_unterfahrbar":null,"wc_buegel_rechts":null,"wc_buegel_links":null,"wc_buegel_distanz":null,"wc_buegelhoehe":null,"wc_sitzhoehe":null,"wc_platz_davor":null,"wc_platz_rechts":null,"wc_platz_links":null,"wc_spuelknopf_hinten":null,"wc_spuelknopf_rechts":null,"wc_spuelknopf_links":null,"wc_spuelknopf_hoehe":null,"wc_position_notruf":null,"wc_hoehe_notruf":null,"wc_bermerkung":null,"foto":"https://geoportal.muenchen.de/resource/download/gsm/dokumente/wc_finder/bild/Moosach_Bf.jpg"}},{"type":"Feature","id":"wc_finder_opendata.4","geometry":{"type":"Point","coordinates":[693678.14,5333795.67]},"geometry_name":"shape","properties":{"name":"Öffentliche Toilette DSMDecaux GmbH","stadt":"München","plz":81667,"strasse":"17m v. Orleansstr., ggü. Hs.Nr. 2","hausnr":null,"etage":"EG","raumnummer":"6005 (DSMDecaux GmbH)","oeffnungszeiten":"Durchgehend","kategorie":"divers/unisex","preis":0.5,"wickeln":null,"standort_beschreibung":null,"zustand":"voll funktionsfähig","einschraenkungen":null,"mail":"info@dsmdecaux.de","website":null,"telefon":null,"zustaendiges_referat":"DSMDecaux GmbH","erzeugt_bearbeitet":"06.09.2023 / 06.09.2023","din_18040_1":null,"toilette_fuer_alle":null,"eignung_blindenhunde":null,"eingangstuer_typ":null,"eingangstuer_glasmarkierung":null,"eingangstuer_klingel_taster":null,"eingangstuer_leichte_fuehrung":null,"eingangstuer_radar_schluessel":null,"eingangstuer_euro_schluessel":null,"eingangstuer_wendekreis":null,"eingangstuer_breite":null,"rampe":null,"rampe_steigung":null,"treppe_vorhanden":null,"treppe_antirutsch":null,"treppe_blindenschrift":null,"treppe_gelaender":null,"treppe_kontrast_visuell":null,"treppe_kontrast_taktil":null,"treppe_stufenanzahl":null,"treppe_stufenhoehe":null,"rollstuhllift":null,"eingangsbereich_beschreibung":null,"gebaeudeinneres_gangbreite":null,"gebaeudeinneres_induktionsschleifen":null,"gebaeudeinneres_fuehrungsrillen":null,"gebaeudeinneres_ruhig":null,"gebaeudeinneres_beleuchtet":null,"aufzug_vorhanden":null,"aufzug_tuerbreite":null,"aufzug_tiefe":null,"aufzug_breite":null,"wctuer_typ":null,"wctuer_glasmarkierung":null,"wctuer_klingel_taster":null,"wctuer_leichte_fuehrung":null,"wctuer_radar_schluessel":null,"wctuer_euro_schluessel":null,"wctuer_wendekreis":null,"wctuer_breite":null,"wctuer_bemerkung":null,"wc_badewanne":null,"wc_dusche":null,"wc_spiegel":null,"wc_gelaender":null,"wc_deckenlifter":null,"wc_standlifter":null,"wc_liege":null,"wc_spiegelhoehe":null,"wc_handtuchspenderhoehe":null,"wc_seifenspender_hoehe":null,"wc_waschbecken_oberkante":null,"wc_waschbecken_hoehe_unterfahrbar":null,"wc_waschbecken_tiefe_unterfahrbar":null,"wc_buegel_rechts":null,"wc_buegel_links":null,"wc_buegel_distanz":null,"wc_buegelhoehe":null,"wc_sitzhoehe":null,"wc_platz_davor":null,"wc_platz_rechts":null,"wc_platz_links":null,"wc_spuelknopf_hinten":null,"wc_spuelknopf_rechts":null,"wc_spuelknopf_links":null,"wc_spuelknopf_hoehe":null,"wc_position_notruf":null,"wc_hoehe_notruf":null,"wc_bermerkung":null,"foto":"https://geoportal.muenchen.de/resource/download/gsm/dokumente/wc_finder/bild/Orleansplatz.jpg"}},{"type":"Feature","id":"wc_finder_opendata.5","geometry":{"type":"Point","coordinates":[687776.67,5338200.43]},"geometry_name":"shape","properties":{"name":"Besuchertoilette Westfriedhof","stadt":"München","plz":80637,"strasse":"Baldurstraße","hausnr":"28","etage":"EG","raumnummer":null,"oeffnungszeiten":"Täglich währen der Öffnungszeiten des Friedhofes","kategorie":"männlich","preis":null,"wickeln":0,"standort_beschreibung":"Vor dem Eingang zu Aufbahrung an der Straßenseite","zustand":"voll funktionsfähig","einschraenkungen":null,"mail":"im-bfv.kom@muenchen.de","website":null,"telefon":"089/23326198","zustaendiges_referat":"Kommunalreferat","erzeugt_bearbeitet":"06.09.2023 / 06.09.2023","din_18040_1":null,"toilette_fuer_alle":null,"eignung_blindenhunde":null,"eingangstuer_typ":null,"eingangstuer_glasmarkierung":null,"eingangstuer_klingel_taster":null,"eingangstuer_leichte_fuehrung":null,"eingangstuer_radar_schluessel":null,"eingangstuer_euro_schluessel":null,"eingangstuer_wendekreis":null,"eingangstuer_breite":null,"rampe":null,"rampe_steigung":null,"treppe_vorhanden":null,"treppe_antirutsch":null,"treppe_blindenschrift":null,"treppe_gelaender":null,"treppe_kontrast_visuell":null,"treppe_kontrast_taktil":null,"treppe_stufenanzahl":null,"treppe_stufenhoehe":null,"rollstuhllift":null,"eingangsbereich_beschreibung":null,"gebaeudeinneres_gangbreite":null,"gebaeudeinneres_induktionsschleifen":null,"gebaeudeinneres_fuehrungsrillen":null,"gebaeudeinneres_ruhig":null,"gebaeudeinneres_beleuchtet":null,"aufzug_vorhanden":null,"aufzug_tuerbreite":null,"aufzug_tiefe":null,"aufzug_breite":null,"wctuer_typ":null,"wctuer_glasmarkierung":null,"wctuer_klingel_taster":null,"wctuer_leichte_fuehrung":null,"wctuer_radar_schluessel":null,"wctuer_euro_schluessel":null,"wctuer_wendekreis":null,"wctuer_breite":null,"wctuer_bemerkung":null,"wc_badewanne":null,"wc_dusche":null,"wc_spiegel":null,"wc_gelaender":null,"wc_deckenlifter":null,"wc_standlifter":null,"wc_liege":null,"wc_spiegelhoehe":null,"wc_handtuchspenderhoehe":null,"wc_seifenspender_hoehe":null,"wc_waschbecken_oberkante":null,"wc_waschbecken_hoehe_unterfahrbar":null,"wc_waschbecken_tiefe_unterfahrbar":null,"wc_buegel_rechts":null,"wc_buegel_links":null,"wc_buegel_distanz":null,"wc_buegelhoehe":null,"wc_sitzhoehe":null,"wc_platz_davor":null,"wc_platz_rechts":null,"wc_platz_links":null,"wc_spuelknopf_hinten":null,"wc_spuelknopf_rechts":null,"wc_spuelknopf_links":null,"wc_spuelknopf_hoehe":null,"wc_position_notruf":null,"wc_hoehe_notruf":null,"wc_bermerkung":null,"foto":null}},{"type":"Feature","id":"wc_finder_opendata.6","geometry":{"type":"Point","coordinates":[687779.05,5338200.71]},"geometry_name":"shape","properties":{"name":"Besuchertoilette Westfriedhof","stadt":"München","plz":80637,"strasse":"Baldurstraße","hausnr":"28","etage":"EG","raumnummer":null,"oeffnungszeiten":"Täglich währen der Öffnungszeiten des Friedhofes","kategorie":"weiblich","preis":null,"wickeln":0,"standort_beschreibung":"Vor dem Eingang zu Aufbahrung an der Straßenseite","zustand":"voll funktionsfähig","einschraenkungen":null,"mail":"im-bfv.kom@muenchen.de","website":null,"telefon":"089/23326198","zustaendiges_referat":"Kommunalreferat","erzeugt_bearbeitet":"06.09.2023 / 06.09.2023","din_18040_1":null,"toilette_fuer_alle":null,"eignung_blindenhunde":null,"eingangstuer_typ":null,"eingangstuer_glasmarkierung":null,"eingangstuer_klingel_taster":null,"eingangstuer_leichte_fuehrung":null,"eingangstuer_radar_schluessel":null,"eingangstuer_euro_schluessel":null,"eingangstuer_wendekreis":null,"eingangstuer_breite":null,"rampe":null,"rampe_steigung":null,"treppe_vorhanden":null,"treppe_antirutsch":null,"treppe_blindenschrift":null,"treppe_gelaender":null,"treppe_kontrast_visuell":null,"treppe_kontrast_taktil":null,"treppe_stufenanzahl":null,"treppe_stufenhoehe":null,"rollstuhllift":null,"eingangsbereich_beschreibung":null,"gebaeudeinneres_gangbreite":null,"gebaeudeinneres_induktionsschleifen":null,"gebaeudeinneres_fuehrungsrillen":null,"gebaeudeinneres_ruhig":null,"gebaeudeinneres_beleuchtet":null,"aufzug_vorhanden":null,"aufzug_tuerbreite":null,"aufzug_tiefe":null,"aufzug_breite":null,"wctuer_typ":null,"wctuer_glasmarkierung":null,"wctuer_klingel_taster":null,"wctuer_leichte_fuehrung":null,"wctuer_radar_schluessel":null,"wctuer_euro_schluessel":null,"wctuer_wendekreis":null,"wctuer_breite":null,"wctuer_bemerkung":null,"wc_badewanne":null,"wc_dusche":null,"wc_spiegel":null,"wc_gelaender":null,"wc_deckenlifter":null,"wc_standlifter":null,"wc_liege":null,"wc_spiegelhoehe":null,"wc_handtuchspenderhoehe":null,"wc_seifenspender_hoehe":null,"wc_waschbecken_oberkante":null,"wc_waschbecken_hoehe_unterfahrbar":null,"wc_waschbecken_tiefe_unterfahrbar":null,"wc_buegel_rechts":null,"wc_buegel_links":null,"wc_buegel_distanz":null,"wc_buegelhoehe":null,"wc_sitzhoehe":null,"wc_platz_davor":null,"wc_platz_rechts":null,"wc_platz_links":null,"wc_spuelknopf_hinten":null,"wc_spuelknopf_rechts":null,"wc_spuelknopf_links":null,"wc_spuelknopf_hoehe":null,"wc_position_notruf":null,"wc_hoehe_notruf":null,"wc_bermerkung":null,"foto":null}},{"type":"Feature","id":"wc_finder_opendata.7","geometry":{"type":"Point","coordinates":[687633.62,5343394.46]},"geometry_name":"shape","properties":{"name":"Besuchertoilette Friedhof Feldmoching","stadt":"München","plz":80995,"strasse":"Am Gottesackerweg","hausnr":"53","etage":"EG","raumnummer":null,"oeffnungszeiten":"Täglich währen der Öffnungszeiten des Friedhofes","kategorie":"männlich","preis":null,"wickeln":0,"standort_beschreibung":"Im Friedhof bei der Aussegnungshalle","zustand":"voll funktionsfähig","einschraenkungen":null,"mail":"im-bfv.kom@muenchen.de","website":null,"telefon":"089/23326199","zustaendiges_referat":"Kommunalreferat","erzeugt_bearbeitet":"06.09.2023 / 06.09.2023","din_18040_1":null,"toilette_fuer_alle":null,"eignung_blindenhunde":null,"eingangstuer_typ":null,"eingangstuer_glasmarkierung":null,"eingangstuer_klingel_taster":null,"eingangstuer_leichte_fuehrung":null,"eingangstuer_radar_schluessel":null,"eingangstuer_euro_schluessel":null,"eingangstuer_wendekreis":null,"eingangstuer_breite":null,"rampe":null,"rampe_steigung":null,"treppe_vorhanden":null,"treppe_antirutsch":null,"treppe_blindenschrift":null,"treppe_gelaender":null,"treppe_kontrast_visuell":null,"treppe_kontrast_taktil":null,"treppe_stufenanzahl":null,"treppe_stufenhoehe":null,"rollstuhllift":null,"eingangsbereich_beschreibung":null,"gebaeudeinneres_gangbreite":null,"gebaeudeinneres_induktionsschleifen":null,"gebaeudeinneres_fuehrungsrillen":null,"gebaeudeinneres_ruhig":null,"gebaeudeinneres_beleuchtet":null,"aufzug_vorhanden":null,"aufzug_tuerbreite":null,"aufzug_tiefe":null,"aufzug_breite":null,"wctuer_typ":null,"wctuer_glasmarkierung":null,"wctuer_klingel_taster":null,"wctuer_leichte_fuehrung":null,"wctuer_radar_schluessel":null,"wctuer_euro_schluessel":null,"wctuer_wendekreis":null,"wctuer_breite":null,"wctuer_bemerkung":null,"wc_badewanne":null,"wc_dusche":null,"wc_spiegel":null,"wc_gelaender":null,"wc_deckenlifter":null,"wc_standlifter":null,"wc_liege":null,"wc_spiegelhoehe":null,"wc_handtuchspenderhoehe":null,"wc_seifenspender_hoehe":null,"wc_waschbecken_oberkante":null,"wc_waschbecken_hoehe_unterfahrbar":null,"wc_waschbecken_tiefe_unterfahrbar":null,"wc_buegel_rechts":null,"wc_buegel_links":null,"wc_buegel_distanz":null,"wc_buegelhoehe":null,"wc_sitzhoehe":null,"wc_platz_davor":null,"wc_platz_rechts":null,"wc_platz_links":null,"wc_spuelknopf_hinten":null,"wc_spuelknopf_rechts":null,"wc_spuelknopf_links":null,"wc_spuelknopf_hoehe":null,"wc_position_notruf":null,"wc_hoehe_notruf":null,"wc_bermerkung":null,"foto":null}},{"type":"Feature","id":"wc_finder_opendata.8","geometry":{"type":"Point","coordinates":[687634.18,5343390.82]},"geometry_name":"shape","properties":{"name":"Besuchertoilette Friedhof Feldmoching","stadt":"München","plz":80996,"strasse":"Am Gottesackerweg","hausnr":"54","etage":"EG","raumnummer":null,"oeffnungszeiten":"Täglich währen der Öffnungszeiten des Friedhofes","kategorie":"weiblich","preis":null,"wickeln":0,"standort_beschreibung":"Im Friedhof bei der Aussegnungshalle","zustand":"voll funktionsfähig","einschraenkungen":null,"mail":"im-bfv.kom@muenchen.de","website":null,"telefon":"089/23326200","zustaendiges_referat":"Kommunalreferat","erzeugt_bearbeitet":"06.09.2023 / 06.09.2023","din_18040_1":null,"toilette_fuer_alle":null,"eignung_blindenhunde":null,"eingangstuer_typ":null,"eingangstuer_glasmarkierung":null,"eingangstuer_klingel_taster":null,"eingangstuer_leichte_fuehrung":null,"eingangstuer_radar_schluessel":null,"eingangstuer_euro_schluessel":null,"eingangstuer_wendekreis":null,"eingangstuer_breite":null,"rampe":null,"rampe_steigung":null,"treppe_vorhanden":null,"treppe_antirutsch":null,"treppe_blindenschrift":null,"treppe_gelaender":null,"treppe_kontrast_visuell":null,"treppe_kontrast_taktil":null,"treppe_stufenanzahl":null,"treppe_stufenhoehe":null,"rollstuhllift":null,"eingangsbereich_beschreibung":null,"gebaeudeinneres_gangbreite":null,"gebaeudeinneres_induktionsschleifen":null,"gebaeudeinneres_fuehrungsrillen":null,"gebaeudeinneres_ruhig":null,"gebaeudeinneres_beleuchtet":null,"aufzug_vorhanden":null,"aufzug_tuerbreite":null,"aufzug_tiefe":null,"aufzug_breite":null,"wctuer_typ":null,"wctuer_glasmarkierung":null,"wctuer_klingel_taster":null,"wctuer_leichte_fuehrung":null,"wctuer_radar_schluessel":null,"wctuer_euro_schluessel":null,"wctuer_wendekreis":null,"wctuer_breite":null,"wctuer_bemerkung":null,"wc_badewanne":null,"wc_dusche":null,"wc_spiegel":null,"wc_gelaender":null,"wc_deckenlifter":null,"wc_standlifter":null,"wc_liege":null,"wc_spiegelhoehe":null,"wc_handtuchspenderhoehe":null,"wc_seifenspender_hoehe":null,"wc_waschbecken_oberkante":null,"wc_waschbecken_hoehe_unterfahrbar":null,"wc_waschbecken_tiefe_unterfahrbar":null,"wc_buegel_rechts":null,"wc_buegel_links":null,"wc_buegel_distanz":null,"wc_buegelhoehe":null,"wc_sitzhoehe":null,"wc_platz_davor":null,"wc_platz_rechts":null,"wc_platz_links":null,"wc_spuelknopf_hinten":null,"wc_spuelknopf_rechts":null,"wc_spuelknopf_links":null,"wc_spuelknopf_hoehe":null,"wc_position_notruf":null,"wc_hoehe_notruf":null,"wc_bermerkung":null,"foto":null}},{"type":"Feature","id":"wc_finder_opendata.9","geometry":{"type":"Point","coordinates":[678870.0222,5339559.437]},"geometry_name":"shape","properties":{"name":"Öffentliche Toilette \"Friedhof Lochhausen\"","stadt":"München","plz":81249,"strasse":"Schussenrieder Straße","hausnr":"36","etage":"EG","raumnummer":"0.4.1.002","oeffnungszeiten":"Saisonal abhängig von Öffnungszeiten der städt. Friedhöfe","kategorie":"weiblich","preis":null,"wickeln":0,"standort_beschreibung":null,"zustand":"voll funktionsfähig","einschraenkungen":null,"mail":"im-bfv.kom@muenchen.de","website":null,"telefon":"891465590","zustaendiges_referat":"Kommunalreferat","erzeugt_bearbeitet":"06.09.2023 / 06.09.2023","din_18040_1":null,"toilette_fuer_alle":null,"eignung_blindenhunde":null,"eingangstuer_typ":null,"eingangstuer_glasmarkierung":null,"eingangstuer_klingel_taster":null,"eingangstuer_leichte_fuehrung":null,"eingangstuer_radar_schluessel":null,"eingangstuer_euro_schluessel":null,"eingangstuer_wendekreis":null,"eingangstuer_breite":null,"rampe":null,"rampe_steigung":null,"treppe_vorhanden":null,"treppe_antirutsch":null,"treppe_blindenschrift":null,"treppe_gelaender":null,"treppe_kontrast_visuell":null,"treppe_kontrast_taktil":null,"treppe_stufenanzahl":null,"treppe_stufenhoehe":null,"rollstuhllift":null,"eingangsbereich_beschreibung":null,"gebaeudeinneres_gangbreite":null,"gebaeudeinneres_induktionsschleifen":null,"gebaeudeinneres_fuehrungsrillen":null,"gebaeudeinneres_ruhig":null,"gebaeudeinneres_beleuchtet":null,"aufzug_vorhanden":null,"aufzug_tuerbreite":null,"aufzug_tiefe":null,"aufzug_breite":null,"wctuer_typ":null,"wctuer_glasmarkierung":null,"wctuer_klingel_taster":null,"wctuer_leichte_fuehrung":null,"wctuer_radar_schluessel":null,"wctuer_euro_schluessel":null,"wctuer_wendekreis":null,"wctuer_breite":null,"wctuer_bemerkung":null,"wc_badewanne":null,"wc_dusche":null,"wc_spiegel":null,"wc_gelaender":null,"wc_deckenlifter":null,"wc_standlifter":null,"wc_liege":null,"wc_spiegelhoehe":null,"wc_handtuchspenderhoehe":null,"wc_seifenspender_hoehe":null,"wc_waschbecken_oberkante":null,"wc_waschbecken_hoehe_unterfahrbar":null,"wc_waschbecken_tiefe_unterfahrbar":null,"wc_buegel_rechts":null,"wc_buegel_links":null,"wc_buegel_distanz":null,"wc_buegelhoehe":null,"wc_sitzhoehe":null,"wc_platz_davor":null,"wc_platz_rechts":null,"wc_platz_links":null,"wc_spuelknopf_hinten":null,"wc_spuelknopf_rechts":null,"wc_spuelknopf_links":null,"wc_spuelknopf_hoehe":null,"wc_position_notruf":null,"wc_hoehe_notruf":null,"wc_bermerkung":null,"foto":null}},{"type":"Feature","id":"wc_finder_opendata.10","geometry":{"type":"Point","coordinates":[678870.58,5339556.99]},"geometry_name":"shape","properties":{"name":"Öffentliche Toilette \"Friedhof Lochhausen\"","stadt":"München","plz":81249,"strasse":"Schussenrieder Straße","hausnr":"36","etage":"EG","raumnummer":"0.4.1.003","oeffnungszeiten":"Saisonal abhängig von Öffnungszeiten der städt. Friedhöfe","kategorie":"männlich","preis":null,"wickeln":0,"standort_beschreibung":null,"zustand":"voll funktionsfähig","einschraenkungen":null,"mail":"im-bfv.kom@muenchen.de","website":null,"telefon":null,"zustaendiges_referat":"Kommunalreferat","erzeugt_bearbeitet":"06.09.2023 / 06.09.2023","din_18040_1":null,"toilette_fuer_alle":null,"eignung_blindenhunde":null,"eingangstuer_typ":null,"eingangstuer_glasmarkierung":null,"eingangstuer_klingel_taster":null,"eingangstuer_leichte_fuehrung":null,"eingangstuer_radar_schluessel":null,"eingangstuer_euro_schluessel":null,"eingangstuer_wendekreis":null,"eingangstuer_breite":null,"rampe":null,"rampe_steigung":null,"treppe_vorhanden":null,"treppe_antirutsch":null,"treppe_blindenschrift":null,"treppe_gelaender":null,"treppe_kontrast_visuell":null,"treppe_kontrast_taktil":null,"treppe_stufenanzahl":null,"treppe_stufenhoehe":null,"rollstuhllift":null,"eingangsbereich_beschreibung":null,"gebaeudeinneres_gangbreite":null,"gebaeudeinneres_induktionsschleifen":null,"gebaeudeinneres_fuehrungsrillen":null,"gebaeudeinneres_ruhig":null,"gebaeudeinneres_beleuchtet":null,"aufzug_vorhanden":null,"aufzug_tuerbreite":null,"aufzug_tiefe":null,"aufzug_breite":null,"wctuer_typ":null,"wctuer_glasmarkierung":null,"wctuer_klingel_taster":null,"wctuer_leichte_fuehrung":null,"wctuer_radar_schluessel":null,"wctuer_euro_schluessel":null,"wctuer_wendekreis":null,"wctuer_breite":null,"wctuer_bemerkung":null,"wc_badewanne":null,"wc_dusche":null,"wc_spiegel":null,"wc_gelaender":null,"wc_deckenlifter":null,"wc_standlifter":null,"wc_liege":null,"wc_spiegelhoehe":null,"wc_handtuchspenderhoehe":null,"wc_seifenspender_hoehe":null,"wc_waschbecken_oberkante":null,"wc_waschbecken_hoehe_unterfahrbar":null,"wc_waschbecken_tiefe_unterfahrbar":null,"wc_buegel_rechts":null,"wc_buegel_links":null,"wc_buegel_distanz":null,"wc_buegelhoehe":null,"wc_sitzhoehe":null,"wc_platz_davor":null,"wc_platz_rechts":null,"wc_platz_links":null,"wc_spuelknopf_hinten":null,"wc_spuelknopf_rechts":null,"wc_spuelknopf_links":null,"wc_spuelknopf_hoehe":null,"wc_position_notruf":null,"wc_hoehe_notruf":null,"wc_bermerkung":null,"foto":null}},{"type":"Feature","id":"wc_finder_opendata.11","geometry":{"type":"Point","coordinates":[693150.0945,5332921.5487]},"geometry_name":"shape","properties":{"name":"Öffentliche Toilette \"Behindertengerecht\"","stadt":"München","plz":81541,"strasse":"St.-Martin-Str.","hausnr":"41","etage":"EG","raumnummer":null,"oeffnungszeiten":"Täglich 08:00 Uhr bis 16:00 Uhr","kategorie":"barrierefrei","preis":null,"wickeln":0,"standort_beschreibung":null,"zustand":"voll funktionsfähig","einschraenkungen":null,"mail":"gsr-sfm@muenchen.de","website":null,"telefon":null,"zustaendiges_referat":"GSR","erzeugt_bearbeitet":"06.09.2023 / 06.09.2023","din_18040_1":1,"toilette_fuer_alle":1,"eignung_blindenhunde":0,"eingangstuer_typ":"Öffnet nach außen/Türanschlag links","eingangstuer_glasmarkierung":1,"eingangstuer_klingel_taster":1,"eingangstuer_leichte_fuehrung":1,"eingangstuer_radar_schluessel":0,"eingangstuer_euro_schluessel":0,"eingangstuer_wendekreis":"150","eingangstuer_breite":110,"rampe":null,"rampe_steigung":null,"treppe_vorhanden":0,"treppe_antirutsch":0,"treppe_blindenschrift":0,"treppe_gelaender":0,"treppe_kontrast_visuell":0,"treppe_kontrast_taktil":0,"treppe_stufenanzahl":0,"treppe_stufenhoehe":0,"rollstuhllift":0,"eingangsbereich_beschreibung":null,"gebaeudeinneres_gangbreite":"150","gebaeudeinneres_induktionsschleifen":0,"gebaeudeinneres_fuehrungsrillen":0,"gebaeudeinneres_ruhig":1,"gebaeudeinneres_beleuchtet":1,"aufzug_vorhanden":1,"aufzug_tuerbreite":110,"aufzug_tiefe":150,"aufzug_breite":150,"wctuer_typ":"Öffnet nach außen/Türanschlag links","wctuer_glasmarkierung":0,"wctuer_klingel_taster":0,"wctuer_leichte_fuehrung":0,"wctuer_radar_schluessel":0,"wctuer_euro_schluessel":0,"wctuer_wendekreis":"150","wctuer_breite":90,"wctuer_bemerkung":"Tür klemmt leicht","wc_badewanne":0,"wc_dusche":0,"wc_spiegel":1,"wc_gelaender":0,"wc_deckenlifter":0,"wc_standlifter":0,"wc_liege":1,"wc_spiegelhoehe":"90- 210","wc_handtuchspenderhoehe":100,"wc_seifenspender_hoehe":100,"wc_waschbecken_oberkante":78,"wc_waschbecken_hoehe_unterfahrbar":"65","wc_waschbecken_tiefe_unterfahrbar":54,"wc_buegel_rechts":1,"wc_buegel_links":1,"wc_buegel_distanz":70,"wc_buegelhoehe":75,"wc_sitzhoehe":48,"wc_platz_davor":150,"wc_platz_rechts":"130","wc_platz_links":"50","wc_spuelknopf_hinten":1,"wc_spuelknopf_rechts":1,"wc_spuelknopf_links":null,"wc_spuelknopf_hoehe":95,"wc_position_notruf":"links","wc_hoehe_notruf":"100","wc_bermerkung":null,"foto":null}},{"type":"Feature","id":"wc_finder_opendata.12","geometry":{"type":"Point","coordinates":[693151.78,5332919.03]},"geometry_name":"shape","properties":{"name":"Öffentliche Toilette \"Herren\"","stadt":"München","plz":81541,"strasse":"St.-Martin-Str.","hausnr":"41","etage":"1.UG","raumnummer":null,"oeffnungszeiten":"Wie Friedhof","kategorie":"männlich","preis":null,"wickeln":0,"standort_beschreibung":null,"zustand":"voll funktionsfähig","einschraenkungen":null,"mail":"gsr-sfm@muenchen.de","website":null,"telefon":null,"zustaendiges_referat":"GSR","erzeugt_bearbeitet":"06.09.2023 / 06.09.2023","din_18040_1":null,"toilette_fuer_alle":null,"eignung_blindenhunde":null,"eingangstuer_typ":null,"eingangstuer_glasmarkierung":null,"eingangstuer_klingel_taster":null,"eingangstuer_leichte_fuehrung":null,"eingangstuer_radar_schluessel":null,"eingangstuer_euro_schluessel":null,"eingangstuer_wendekreis":null,"eingangstuer_breite":null,"rampe":null,"rampe_steigung":null,"treppe_vorhanden":null,"treppe_antirutsch":null,"treppe_blindenschrift":null,"treppe_gelaender":null,"treppe_kontrast_visuell":null,"treppe_kontrast_taktil":null,"treppe_stufenanzahl":null,"treppe_stufenhoehe":null,"rollstuhllift":null,"eingangsbereich_beschreibung":null,"gebaeudeinneres_gangbreite":null,"gebaeudeinneres_induktionsschleifen":null,"gebaeudeinneres_fuehrungsrillen":null,"gebaeudeinneres_ruhig":null,"gebaeudeinneres_beleuchtet":null,"aufzug_vorhanden":null,"aufzug_tuerbreite":null,"aufzug_tiefe":null,"aufzug_breite":null,"wctuer_typ":null,"wctuer_glasmarkierung":null,"wctuer_klingel_taster":null,"wctuer_leichte_fuehrung":null,"wctuer_radar_schluessel":null,"wctuer_euro_schluessel":null,"wctuer_wendekreis":null,"wctuer_breite":null,"wctuer_bemerkung":null,"wc_badewanne":null,"wc_dusche":null,"wc_spiegel":null,"wc_gelaender":null,"wc_deckenlifter":null,"wc_standlifter":null,"wc_liege":null,"wc_spiegelhoehe":null,"wc_handtuchspenderhoehe":null,"wc_seifenspender_hoehe":null,"wc_waschbecken_oberkante":null,"wc_waschbecken_hoehe_unterfahrbar":null,"wc_waschbecken_tiefe_unterfahrbar":null,"wc_buegel_rechts":null,"wc_buegel_links":null,"wc_buegel_distanz":null,"wc_buegelhoehe":null,"wc_sitzhoehe":null,"wc_platz_davor":null,"wc_platz_rechts":null,"wc_platz_links":null,"wc_spuelknopf_hinten":null,"wc_spuelknopf_rechts":null,"wc_spuelknopf_links":null,"wc_spuelknopf_hoehe":null,"wc_position_notruf":null,"wc_hoehe_notruf":null,"wc_bermerkung":null,"foto":null}},{"type":"Feature","id":"wc_finder_opendata.13","geometry":{"type":"Point","coordinates":[693152.27,5332915.8]},"geometry_name":"shape","properties":{"name":"Öffentliche Toilette \"Damen\"","stadt":"München","plz":81541,"strasse":"St.-Martin-Str.","hausnr":"41","etage":"1.UG","raumnummer":null,"oeffnungszeiten":"Wie Friedhof","kategorie":"weiblich","preis":null,"wickeln":0,"standort_beschreibung":null,"zustand":"voll funktionsfähig","einschraenkungen":null,"mail":"gsr-sfm@muenchen.de","website":null,"telefon":null,"zustaendiges_referat":"GSR","erzeugt_bearbeitet":"06.09.2023 / 06.09.2023","din_18040_1":null,"toilette_fuer_alle":null,"eignung_blindenhunde":null,"eingangstuer_typ":null,"eingangstuer_glasmarkierung":null,"eingangstuer_klingel_taster":null,"eingangstuer_leichte_fuehrung":null,"eingangstuer_radar_schluessel":null,"eingangstuer_euro_schluessel":null,"eingangstuer_wendekreis":null,"eingangstuer_breite":null,"rampe":null,"rampe_steigung":null,"treppe_vorhanden":null,"treppe_antirutsch":null,"treppe_blindenschrift":null,"treppe_gelaender":null,"treppe_kontrast_visuell":null,"treppe_kontrast_taktil":null,"treppe_stufenanzahl":null,"treppe_stufenhoehe":null,"rollstuhllift":null,"eingangsbereich_beschreibung":null,"gebaeudeinneres_gangbreite":null,"gebaeudeinneres_induktionsschleifen":null,"gebaeudeinneres_fuehrungsrillen":null,"gebaeudeinneres_ruhig":null,"gebaeudeinneres_beleuchtet":null,"aufzug_vorhanden":null,"aufzug_tuerbreite":null,"aufzug_tiefe":null,"aufzug_breite":null,"wctuer_typ":null,"wctuer_glasmarkierung":null,"wctuer_klingel_taster":null,"wctuer_leichte_fuehrung":null,"wctuer_radar_schluessel":null,"wctuer_euro_schluessel":null,"wctuer_wendekreis":null,"wctuer_breite":null,"wctuer_bemerkung":null,"wc_badewanne":null,"wc_dusche":null,"wc_spiegel":null,"wc_gelaender":null,"wc_deckenlifter":null,"wc_standlifter":null,"wc_liege":null,"wc_spiegelhoehe":null,"wc_handtuchspenderhoehe":null,"wc_seifenspender_hoehe":null,"wc_waschbecken_oberkante":null,"wc_waschbecken_hoehe_unterfahrbar":null,"wc_waschbecken_tiefe_unterfahrbar":null,"wc_buegel_rechts":null,"wc_buegel_links":null,"wc_buegel_distanz":null,"wc_buegelhoehe":null,"wc_sitzhoehe":null,"wc_platz_davor":null,"wc_platz_rechts":null,"wc_platz_links":null,"wc_spuelknopf_hinten":null,"wc_spuelknopf_rechts":null,"wc_spuelknopf_links":null,"wc_spuelknopf_hoehe":null,"wc_position_notruf":null,"wc_hoehe_notruf":null,"wc_bermerkung":null,"foto":null}},{"type":"Feature","id":"wc_finder_opendata.14","geometry":{"type":"Point","coordinates":[692610.3378,5332674.3922]},"geometry_name":"shape","properties":{"name":"Ostfriedhof ","stadt":"München","plz":81541,"strasse":"St.-Martins-Platz","hausnr":"1","etage":"EG","raumnummer":"4.1.005","oeffnungszeiten":"Täglich 08:00 Uhr bis 17.00 Uhr","kategorie":"barrierefrei","preis":null,"wickeln":0,"standort_beschreibung":null,"zustand":"voll funktionsfähig","einschraenkungen":null,"mail":"ostfriedhof@muenchen.de","website":null,"telefon":"858367910","zustaendiges_referat":"Gesundheitsreferat","erzeugt_bearbeitet":"06.09.2023 / 06.09.2023","din_18040_1":1,"toilette_fuer_alle":1,"eignung_blindenhunde":1,"eingangstuer_typ":"Öffnet nach innen/Türanschlag links","eingangstuer_glasmarkierung":0,"eingangstuer_klingel_taster":1,"eingangstuer_leichte_fuehrung":1,"eingangstuer_radar_schluessel":0,"eingangstuer_euro_schluessel":0,"eingangstuer_wendekreis":"150","eingangstuer_breite":93,"rampe":null,"rampe_steigung":null,"treppe_vorhanden":0,"treppe_antirutsch":null,"treppe_blindenschrift":null,"treppe_gelaender":null,"treppe_kontrast_visuell":null,"treppe_kontrast_taktil":null,"treppe_stufenanzahl":null,"treppe_stufenhoehe":null,"rollstuhllift":null,"eingangsbereich_beschreibung":null,"gebaeudeinneres_gangbreite":null,"gebaeudeinneres_induktionsschleifen":0,"gebaeudeinneres_fuehrungsrillen":0,"gebaeudeinneres_ruhig":1,"gebaeudeinneres_beleuchtet":1,"aufzug_vorhanden":null,"aufzug_tuerbreite":null,"aufzug_tiefe":null,"aufzug_breite":null,"wctuer_typ":null,"wctuer_glasmarkierung":null,"wctuer_klingel_taster":null,"wctuer_leichte_fuehrung":null,"wctuer_radar_schluessel":null,"wctuer_euro_schluessel":null,"wctuer_wendekreis":null,"wctuer_breite":null,"wctuer_bemerkung":null,"wc_badewanne":0,"wc_dusche":0,"wc_spiegel":1,"wc_gelaender":1,"wc_deckenlifter":0,"wc_standlifter":0,"wc_liege":0,"wc_spiegelhoehe":"136","wc_handtuchspenderhoehe":118,"wc_seifenspender_hoehe":95,"wc_waschbecken_oberkante":80,"wc_waschbecken_hoehe_unterfahrbar":"70","wc_waschbecken_tiefe_unterfahrbar":null,"wc_buegel_rechts":1,"wc_buegel_links":1,"wc_buegel_distanz":71,"wc_buegelhoehe":72,"wc_sitzhoehe":51,"wc_platz_davor":130,"wc_platz_rechts":"95","wc_platz_links":"240","wc_spuelknopf_hinten":1,"wc_spuelknopf_rechts":null,"wc_spuelknopf_links":null,"wc_spuelknopf_hoehe":110,"wc_position_notruf":"rechts","wc_hoehe_notruf":"95","wc_bermerkung":null,"foto":null}},{"type":"Feature","id":"wc_finder_opendata.15","geometry":{"type":"Point","coordinates":[692607.8888,5332674.3958]},"geometry_name":"shape","properties":{"name":"Ostfriedhof ","stadt":"München","plz":81541,"strasse":"St.-Martins-Platz","hausnr":"1","etage":"EG","raumnummer":"4.1.002","oeffnungszeiten":"Täglich 08:00 Uhr bis 17.00 Uhr","kategorie":"weiblich","preis":null,"wickeln":0,"standort_beschreibung":null,"zustand":"voll funktionsfähig","einschraenkungen":null,"mail":"ostfriedhof@muenchen.de","website":null,"telefon":"858367910","zustaendiges_referat":"Gesundheitsreferat","erzeugt_bearbeitet":"06.09.2023 / 06.09.2023","din_18040_1":null,"toilette_fuer_alle":null,"eignung_blindenhunde":null,"eingangstuer_typ":null,"eingangstuer_glasmarkierung":null,"eingangstuer_klingel_taster":null,"eingangstuer_leichte_fuehrung":null,"eingangstuer_radar_schluessel":null,"eingangstuer_euro_schluessel":null,"eingangstuer_wendekreis":null,"eingangstuer_breite":null,"rampe":null,"rampe_steigung":null,"treppe_vorhanden":null,"treppe_antirutsch":null,"treppe_blindenschrift":null,"treppe_gelaender":null,"treppe_kontrast_visuell":null,"treppe_kontrast_taktil":null,"treppe_stufenanzahl":null,"treppe_stufenhoehe":null,"rollstuhllift":null,"eingangsbereich_beschreibung":null,"gebaeudeinneres_gangbreite":null,"gebaeudeinneres_induktionsschleifen":null,"gebaeudeinneres_fuehrungsrillen":null,"gebaeudeinneres_ruhig":null,"gebaeudeinneres_beleuchtet":null,"aufzug_vorhanden":null,"aufzug_tuerbreite":null,"aufzug_tiefe":null,"aufzug_breite":null,"wctuer_typ":null,"wctuer_glasmarkierung":null,"wctuer_klingel_taster":null,"wctuer_leichte_fuehrung":null,"wctuer_radar_schluessel":null,"wctuer_euro_schluessel":null,"wctuer_wendekreis":null,"wctuer_breite":null,"wctuer_bemerkung":null,"wc_badewanne":null,"wc_dusche":null,"wc_spiegel":null,"wc_gelaender":null,"wc_deckenlifter":null,"wc_standlifter":null,"wc_liege":null,"wc_spiegelhoehe":null,"wc_handtuchspenderhoehe":null,"wc_seifenspender_hoehe":null,"wc_waschbecken_oberkante":null,"wc_waschbecken_hoehe_unterfahrbar":null,"wc_waschbecken_tiefe_unterfahrbar":null,"wc_buegel_rechts":null,"wc_buegel_links":null,"wc_buegel_distanz":null,"wc_buegelhoehe":null,"wc_sitzhoehe":null,"wc_platz_davor":null,"wc_platz_rechts":null,"wc_platz_links":null,"wc_spuelknopf_hinten":null,"wc_spuelknopf_rechts":null,"wc_spuelknopf_links":null,"wc_spuelknopf_hoehe":null,"wc_position_notruf":null,"wc_hoehe_notruf":null,"wc_bermerkung":null,"foto":null}},{"type":"Feature","id":"wc_finder_opendata.16","geometry":{"type":"Point","coordinates":[692604.5529,5332675.1371]},"geometry_name":"shape","properties":{"name":"Ostfriedhof ","stadt":"München","plz":81541,"strasse":"St.-Martins-Platz","hausnr":"1","etage":"EG","raumnummer":"4.1.001","oeffnungszeiten":"Täglich 08:00 Uhr bis 17.00 Uhr","kategorie":"männlich","preis":null,"wickeln":0,"standort_beschreibung":null,"zustand":"voll funktionsfähig","einschraenkungen":null,"mail":"ostfriedhof@muenchen.de","website":null,"telefon":"858367910","zustaendiges_referat":"Gesundheitsreferat","erzeugt_bearbeitet":"06.09.2023 / 06.09.2023","din_18040_1":null,"toilette_fuer_alle":null,"eignung_blindenhunde":null,"eingangstuer_typ":null,"eingangstuer_glasmarkierung":null,"eingangstuer_klingel_taster":null,"eingangstuer_leichte_fuehrung":null,"eingangstuer_radar_schluessel":null,"eingangstuer_euro_schluessel":null,"eingangstuer_wendekreis":null,"eingangstuer_breite":null,"rampe":null,"rampe_steigung":null,"treppe_vorhanden":null,"treppe_antirutsch":null,"treppe_blindenschrift":null,"treppe_gelaender":null,"treppe_kontrast_visuell":null,"treppe_kontrast_taktil":null,"treppe_stufenanzahl":null,"treppe_stufenhoehe":null,"rollstuhllift":null,"eingangsbereich_beschreibung":null,"gebaeudeinneres_gangbreite":null,"gebaeudeinneres_induktionsschleifen":null,"gebaeudeinneres_fuehrungsrillen":null,"gebaeudeinneres_ruhig":null,"gebaeudeinneres_beleuchtet":null,"aufzug_vorhanden":null,"aufzug_tuerbreite":null,"aufzug_tiefe":null,"aufzug_breite":null,"wctuer_typ":null,"wctuer_glasmarkierung":null,"wctuer_klingel_taster":null,"wctuer_leichte_fuehrung":null,"wctuer_radar_schluessel":null,"wctuer_euro_schluessel":null,"wctuer_wendekreis":null,"wctuer_breite":null,"wctuer_bemerkung":null,"wc_badewanne":null,"wc_dusche":null,"wc_spiegel":null,"wc_gelaender":null,"wc_deckenlifter":null,"wc_standlifter":null,"wc_liege":null,"wc_spiegelhoehe":null,"wc_handtuchspenderhoehe":null,"wc_seifenspender_hoehe":null,"wc_waschbecken_oberkante":null,"wc_waschbecken_hoehe_unterfahrbar":null,"wc_waschbecken_tiefe_unterfahrbar":null,"wc_buegel_rechts":null,"wc_buegel_links":null,"wc_buegel_distanz":null,"wc_buegelhoehe":null,"wc_sitzhoehe":null,"wc_platz_davor":null,"wc_platz_rechts":null,"wc_platz_links":null,"wc_spuelknopf_hinten":null,"wc_spuelknopf_rechts":null,"wc_spuelknopf_links":null,"wc_spuelknopf_hoehe":null,"wc_position_notruf":null,"wc_hoehe_notruf":null,"wc_bermerkung":null,"foto":null}},{"type":"Feature","id":"wc_finder_opendata.17","geometry":{"type":"Point","coordinates":[693778.0326,5334396.0177]},"geometry_name":"shape","properties":{"name":"Friedhof Haidhausen","stadt":"München","plz":81675,"strasse":"Einsteinstr.","hausnr":"74","etage":"EG","raumnummer":"1.1.005","oeffnungszeiten":"Täglich 08:00 Uhr bis 17.00 Uhr","kategorie":"weiblich","preis":null,"wickeln":0,"standort_beschreibung":null,"zustand":"voll funktionsfähig","einschraenkungen":null,"mail":"ostfriedhof@muenchen.de","website":null,"telefon":"858367910","zustaendiges_referat":"Gesundheitsreferat","erzeugt_bearbeitet":"06.09.2023 / 06.09.2023","din_18040_1":null,"toilette_fuer_alle":null,"eignung_blindenhunde":null,"eingangstuer_typ":null,"eingangstuer_glasmarkierung":null,"eingangstuer_klingel_taster":null,"eingangstuer_leichte_fuehrung":null,"eingangstuer_radar_schluessel":null,"eingangstuer_euro_schluessel":null,"eingangstuer_wendekreis":null,"eingangstuer_breite":null,"rampe":null,"rampe_steigung":null,"treppe_vorhanden":null,"treppe_antirutsch":null,"treppe_blindenschrift":null,"treppe_gelaender":null,"treppe_kontrast_visuell":null,"treppe_kontrast_taktil":null,"treppe_stufenanzahl":null,"treppe_stufenhoehe":null,"rollstuhllift":null,"eingangsbereich_beschreibung":null,"gebaeudeinneres_gangbreite":null,"gebaeudeinneres_induktionsschleifen":null,"gebaeudeinneres_fuehrungsrillen":null,"gebaeudeinneres_ruhig":null,"gebaeudeinneres_beleuchtet":null,"aufzug_vorhanden":null,"aufzug_tuerbreite":null,"aufzug_tiefe":null,"aufzug_breite":null,"wctuer_typ":null,"wctuer_glasmarkierung":null,"wctuer_klingel_taster":null,"wctuer_leichte_fuehrung":null,"wctuer_radar_schluessel":null,"wctuer_euro_schluessel":null,"wctuer_wendekreis":null,"wctuer_breite":null,"wctuer_bemerkung":null,"wc_badewanne":null,"wc_dusche":null,"wc_spiegel":null,"wc_gelaender":null,"wc_deckenlifter":null,"wc_standlifter":null,"wc_liege":null,"wc_spiegelhoehe":null,"wc_handtuchspenderhoehe":null,"wc_seifenspender_hoehe":null,"wc_waschbecken_oberkante":null,"wc_waschbecken_hoehe_unterfahrbar":null,"wc_waschbecken_tiefe_unterfahrbar":null,"wc_buegel_rechts":null,"wc_buegel_links":null,"wc_buegel_distanz":null,"wc_buegelhoehe":null,"wc_sitzhoehe":null,"wc_platz_davor":null,"wc_platz_rechts":null,"wc_platz_links":null,"wc_spuelknopf_hinten":null,"wc_spuelknopf_rechts":null,"wc_spuelknopf_links":null,"wc_spuelknopf_hoehe":null,"wc_position_notruf":null,"wc_hoehe_notruf":null,"wc_bermerkung":null,"foto":null}},{"type":"Feature","id":"wc_finder_opendata.18","geometry":{"type":"Point","coordinates":[693777.6497,5334392.7246]},"geometry_name":"shape","properties":{"name":"Friedhof Haidhausen","stadt":"München","plz":81675,"strasse":"Einsteinstr.","hausnr":"74","etage":"EG","raumnummer":"1.1.003","oeffnungszeiten":"Täglich 08:00 Uhr bis 17.00 Uhr","kategorie":"männlich","preis":null,"wickeln":0,"standort_beschreibung":null,"zustand":"voll funktionsfähig","einschraenkungen":null,"mail":"ostfriedhof@muenchen.de","website":null,"telefon":"858367910","zustaendiges_referat":"Gesundheitsreferat","erzeugt_bearbeitet":"06.09.2023 / 06.09.2023","din_18040_1":null,"toilette_fuer_alle":null,"eignung_blindenhunde":null,"eingangstuer_typ":null,"eingangstuer_glasmarkierung":null,"eingangstuer_klingel_taster":null,"eingangstuer_leichte_fuehrung":null,"eingangstuer_radar_schluessel":null,"eingangstuer_euro_schluessel":null,"eingangstuer_wendekreis":null,"eingangstuer_breite":null,"rampe":null,"rampe_steigung":null,"treppe_vorhanden":null,"treppe_antirutsch":null,"treppe_blindenschrift":null,"treppe_gelaender":null,"treppe_kontrast_visuell":null,"treppe_kontrast_taktil":null,"treppe_stufenanzahl":null,"treppe_stufenhoehe":null,"rollstuhllift":null,"eingangsbereich_beschreibung":null,"gebaeudeinneres_gangbreite":null,"gebaeudeinneres_induktionsschleifen":null,"gebaeudeinneres_fuehrungsrillen":null,"gebaeudeinneres_ruhig":null,"gebaeudeinneres_beleuchtet":null,"aufzug_vorhanden":null,"aufzug_tuerbreite":null,"aufzug_tiefe":null,"aufzug_breite":null,"wctuer_typ":null,"wctuer_glasmarkierung":null,"wctuer_klingel_taster":null,"wctuer_leichte_fuehrung":null,"wctuer_radar_schluessel":null,"wctuer_euro_schluessel":null,"wctuer_wendekreis":null,"wctuer_breite":null,"wctuer_bemerkung":null,"wc_badewanne":null,"wc_dusche":null,"wc_spiegel":null,"wc_gelaender":null,"wc_deckenlifter":null,"wc_standlifter":null,"wc_liege":null,"wc_spiegelhoehe":null,"wc_handtuchspenderhoehe":null,"wc_seifenspender_hoehe":null,"wc_waschbecken_oberkante":null,"wc_waschbecken_hoehe_unterfahrbar":null,"wc_waschbecken_tiefe_unterfahrbar":null,"wc_buegel_rechts":null,"wc_buegel_links":null,"wc_buegel_distanz":null,"wc_buegelhoehe":null,"wc_sitzhoehe":null,"wc_platz_davor":null,"wc_platz_rechts":null,"wc_platz_links":null,"wc_spuelknopf_hinten":null,"wc_spuelknopf_rechts":null,"wc_spuelknopf_links":null,"wc_spuelknopf_hoehe":null,"wc_position_notruf":null,"wc_hoehe_notruf":null,"wc_bermerkung":null,"foto":null}},{"type":"Feature","id":"wc_finder_opendata.19","geometry":{"type":"Point","coordinates":[699400.3,5334451.46]},"geometry_name":"shape","properties":{"name":"Friedhof Riem Alter Teil","stadt":"München","plz":81829,"strasse":"Am Mitterfeld","hausnr":"68","etage":"EG","raumnummer":"1.1.006","oeffnungszeiten":"Täglich 08:00 Uhr bis 17.00 Uhr","kategorie":"barrierefrei","preis":null,"wickeln":0,"standort_beschreibung":null,"zustand":"voll funktionsfähig","einschraenkungen":null,"mail":"ostfriedhof@muenchen.de","website":null,"telefon":"858367910","zustaendiges_referat":"Gesundheitsreferat","erzeugt_bearbeitet":"06.09.2023 / 06.09.2023","din_18040_1":1,"toilette_fuer_alle":1,"eignung_blindenhunde":1,"eingangstuer_typ":"Öffnet nach außen/Türanschlag links","eingangstuer_glasmarkierung":0,"eingangstuer_klingel_taster":1,"eingangstuer_leichte_fuehrung":1,"eingangstuer_radar_schluessel":0,"eingangstuer_euro_schluessel":0,"eingangstuer_wendekreis":"180","eingangstuer_breite":115,"rampe":null,"rampe_steigung":null,"treppe_vorhanden":0,"treppe_antirutsch":null,"treppe_blindenschrift":null,"treppe_gelaender":null,"treppe_kontrast_visuell":null,"treppe_kontrast_taktil":null,"treppe_stufenanzahl":null,"treppe_stufenhoehe":null,"rollstuhllift":null,"eingangsbereich_beschreibung":null,"gebaeudeinneres_gangbreite":null,"gebaeudeinneres_induktionsschleifen":0,"gebaeudeinneres_fuehrungsrillen":0,"gebaeudeinneres_ruhig":1,"gebaeudeinneres_beleuchtet":1,"aufzug_vorhanden":null,"aufzug_tuerbreite":null,"aufzug_tiefe":null,"aufzug_breite":null,"wctuer_typ":null,"wctuer_glasmarkierung":null,"wctuer_klingel_taster":null,"wctuer_leichte_fuehrung":null,"wctuer_radar_schluessel":null,"wctuer_euro_schluessel":null,"wctuer_wendekreis":"190","wctuer_breite":115,"wctuer_bemerkung":null,"wc_badewanne":0,"wc_dusche":0,"wc_spiegel":0,"wc_gelaender":0,"wc_deckenlifter":0,"wc_standlifter":0,"wc_liege":0,"wc_spiegelhoehe":"mind. 100","wc_handtuchspenderhoehe":110,"wc_seifenspender_hoehe":110,"wc_waschbecken_oberkante":85,"wc_waschbecken_hoehe_unterfahrbar":"75","wc_waschbecken_tiefe_unterfahrbar":null,"wc_buegel_rechts":1,"wc_buegel_links":1,"wc_buegel_distanz":90,"wc_buegelhoehe":70,"wc_sitzhoehe":40,"wc_platz_davor":97,"wc_platz_rechts":"85","wc_platz_links":"50","wc_spuelknopf_hinten":1,"wc_spuelknopf_rechts":0,"wc_spuelknopf_links":null,"wc_spuelknopf_hoehe":80,"wc_position_notruf":"rechts","wc_hoehe_notruf":"94","wc_bermerkung":"1 Steckdose","foto":null}},{"type":"Feature","id":"wc_finder_opendata.20","geometry":{"type":"Point","coordinates":[699343.26,5334516.78]},"geometry_name":"shape","properties":{"name":"Friedhof Riem Neuer Teil","stadt":"München","plz":81829,"strasse":"Am Mitterfeld","hausnr":"68","etage":"EG","raumnummer":"1.2.1.009","oeffnungszeiten":"Täglich 08:00 Uhr bis 17.00 Uhr","kategorie":"barrierefrei","preis":null,"wickeln":0,"standort_beschreibung":null,"zustand":"voll funktionsfähig","einschraenkungen":null,"mail":"ostfriedhof@muenchen.de","website":null,"telefon":"858367910","zustaendiges_referat":"Gesundheitsreferat","erzeugt_bearbeitet":"06.09.2023 / 06.09.2023","din_18040_1":1,"toilette_fuer_alle":1,"eignung_blindenhunde":1,"eingangstuer_typ":"Öffnet nach außen/Türanschlag links","eingangstuer_glasmarkierung":0,"eingangstuer_klingel_taster":1,"eingangstuer_leichte_fuehrung":1,"eingangstuer_radar_schluessel":0,"eingangstuer_euro_schluessel":0,"eingangstuer_wendekreis":"180","eingangstuer_breite":102,"rampe":null,"rampe_steigung":null,"treppe_vorhanden":null,"treppe_antirutsch":null,"treppe_blindenschrift":null,"treppe_gelaender":null,"treppe_kontrast_visuell":null,"treppe_kontrast_taktil":null,"treppe_stufenanzahl":null,"treppe_stufenhoehe":null,"rollstuhllift":null,"eingangsbereich_beschreibung":null,"gebaeudeinneres_gangbreite":null,"gebaeudeinneres_induktionsschleifen":0,"gebaeudeinneres_fuehrungsrillen":0,"gebaeudeinneres_ruhig":1,"gebaeudeinneres_beleuchtet":1,"aufzug_vorhanden":null,"aufzug_tuerbreite":null,"aufzug_tiefe":null,"aufzug_breite":null,"wctuer_typ":null,"wctuer_glasmarkierung":null,"wctuer_klingel_taster":null,"wctuer_leichte_fuehrung":null,"wctuer_radar_schluessel":null,"wctuer_euro_schluessel":null,"wctuer_wendekreis":"180","wctuer_breite":102,"wctuer_bemerkung":null,"wc_badewanne":0,"wc_dusche":0,"wc_spiegel":1,"wc_gelaender":0,"wc_deckenlifter":0,"wc_standlifter":0,"wc_liege":0,"wc_spiegelhoehe":"120","wc_handtuchspenderhoehe":100,"wc_seifenspender_hoehe":100,"wc_waschbecken_oberkante":85,"wc_waschbecken_hoehe_unterfahrbar":"75","wc_waschbecken_tiefe_unterfahrbar":null,"wc_buegel_rechts":1,"wc_buegel_links":1,"wc_buegel_distanz":90,"wc_buegelhoehe":70,"wc_sitzhoehe":45,"wc_platz_davor":150,"wc_platz_rechts":"96","wc_platz_links":"96","wc_spuelknopf_hinten":0,"wc_spuelknopf_rechts":1,"wc_spuelknopf_links":null,"wc_spuelknopf_hoehe":86,"wc_position_notruf":"links","wc_hoehe_notruf":"60","wc_bermerkung":null,"foto":null}},{"type":"Feature","id":"wc_finder_opendata.21","geometry":{"type":"Point","coordinates":[699341.86,5334514.68]},"geometry_name":"shape","properties":{"name":"Friedhof Riem Neuer Teil","stadt":"München","plz":81829,"strasse":"Am Mitterfeld","hausnr":"68","etage":"EG","raumnummer":"1.2.1.008","oeffnungszeiten":"Täglich 08:00 Uhr bis 17.00 Uhr","kategorie":"weiblich","preis":null,"wickeln":0,"standort_beschreibung":null,"zustand":"voll funktionsfähig","einschraenkungen":null,"mail":"ostfriedhof@muenchen.de","website":null,"telefon":"858367910","zustaendiges_referat":"Gesundheitsreferat","erzeugt_bearbeitet":"06.09.2023 / 06.09.2023","din_18040_1":null,"toilette_fuer_alle":null,"eignung_blindenhunde":null,"eingangstuer_typ":null,"eingangstuer_glasmarkierung":null,"eingangstuer_klingel_taster":null,"eingangstuer_leichte_fuehrung":null,"eingangstuer_radar_schluessel":null,"eingangstuer_euro_schluessel":null,"eingangstuer_wendekreis":null,"eingangstuer_breite":null,"rampe":null,"rampe_steigung":null,"treppe_vorhanden":null,"treppe_antirutsch":null,"treppe_blindenschrift":null,"treppe_gelaender":null,"treppe_kontrast_visuell":null,"treppe_kontrast_taktil":null,"treppe_stufenanzahl":null,"treppe_stufenhoehe":null,"rollstuhllift":null,"eingangsbereich_beschreibung":null,"gebaeudeinneres_gangbreite":null,"gebaeudeinneres_induktionsschleifen":null,"gebaeudeinneres_fuehrungsrillen":null,"gebaeudeinneres_ruhig":null,"gebaeudeinneres_beleuchtet":null,"aufzug_vorhanden":null,"aufzug_tuerbreite":null,"aufzug_tiefe":null,"aufzug_breite":null,"wctuer_typ":null,"wctuer_glasmarkierung":null,"wctuer_klingel_taster":null,"wctuer_leichte_fuehrung":null,"wctuer_radar_schluessel":null,"wctuer_euro_schluessel":null,"wctuer_wendekreis":null,"wctuer_breite":null,"wctuer_bemerkung":null,"wc_badewanne":null,"wc_dusche":null,"wc_spiegel":null,"wc_gelaender":null,"wc_deckenlifter":null,"wc_standlifter":null,"wc_liege":null,"wc_spiegelhoehe":null,"wc_handtuchspenderhoehe":null,"wc_seifenspender_hoehe":null,"wc_waschbecken_oberkante":null,"wc_waschbecken_hoehe_unterfahrbar":null,"wc_waschbecken_tiefe_unterfahrbar":null,"wc_buegel_rechts":null,"wc_buegel_links":null,"wc_buegel_distanz":null,"wc_buegelhoehe":null,"wc_sitzhoehe":null,"wc_platz_davor":null,"wc_platz_rechts":null,"wc_platz_links":null,"wc_spuelknopf_hinten":null,"wc_spuelknopf_rechts":null,"wc_spuelknopf_links":null,"wc_spuelknopf_hoehe":null,"wc_position_notruf":null,"wc_hoehe_notruf":null,"wc_bermerkung":null,"foto":null}},{"type":"Feature","id":"wc_finder_opendata.22","geometry":{"type":"Point","coordinates":[699340.74,5334512.58]},"geometry_name":"shape","properties":{"name":"Friedhof Riem Neuer Teil","stadt":"München","plz":81829,"strasse":"Am Mitterfeld","hausnr":"68","etage":"EG","raumnummer":"1.2.1.007","oeffnungszeiten":"Täglich 08:00 Uhr bis 17.00 Uhr","kategorie":"männlich","preis":null,"wickeln":0,"standort_beschreibung":null,"zustand":"voll funktionsfähig","einschraenkungen":null,"mail":"ostfriedhof@muenchen.de","website":null,"telefon":"858367910","zustaendiges_referat":"Gesundheitsreferat","erzeugt_bearbeitet":"06.09.2023 / 06.09.2023","din_18040_1":null,"toilette_fuer_alle":null,"eignung_blindenhunde":null,"eingangstuer_typ":null,"eingangstuer_glasmarkierung":null,"eingangstuer_klingel_taster":null,"eingangstuer_leichte_fuehrung":null,"eingangstuer_radar_schluessel":null,"eingangstuer_euro_schluessel":null,"eingangstuer_wendekreis":null,"eingangstuer_breite":null,"rampe":null,"rampe_steigung":null,"treppe_vorhanden":null,"treppe_antirutsch":null,"treppe_blindenschrift":null,"treppe_gelaender":null,"treppe_kontrast_visuell":null,"treppe_kontrast_taktil":null,"treppe_stufenanzahl":null,"treppe_stufenhoehe":null,"rollstuhllift":null,"eingangsbereich_beschreibung":null,"gebaeudeinneres_gangbreite":null,"gebaeudeinneres_induktionsschleifen":null,"gebaeudeinneres_fuehrungsrillen":null,"gebaeudeinneres_ruhig":null,"gebaeudeinneres_beleuchtet":null,"aufzug_vorhanden":null,"aufzug_tuerbreite":null,"aufzug_tiefe":null,"aufzug_breite":null,"wctuer_typ":null,"wctuer_glasmarkierung":null,"wctuer_klingel_taster":null,"wctuer_leichte_fuehrung":null,"wctuer_radar_schluessel":null,"wctuer_euro_schluessel":null,"wctuer_wendekreis":null,"wctuer_breite":null,"wctuer_bemerkung":null,"wc_badewanne":null,"wc_dusche":null,"wc_spiegel":null,"wc_gelaender":null,"wc_deckenlifter":null,"wc_standlifter":null,"wc_liege":null,"wc_spiegelhoehe":null,"wc_handtuchspenderhoehe":null,"wc_seifenspender_hoehe":null,"wc_waschbecken_oberkante":null,"wc_waschbecken_hoehe_unterfahrbar":null,"wc_waschbecken_tiefe_unterfahrbar":null,"wc_buegel_rechts":null,"wc_buegel_links":null,"wc_buegel_distanz":null,"wc_buegelhoehe":null,"wc_sitzhoehe":null,"wc_platz_davor":null,"wc_platz_rechts":null,"wc_platz_links":null,"wc_spuelknopf_hinten":null,"wc_spuelknopf_rechts":null,"wc_spuelknopf_links":null,"wc_spuelknopf_hoehe":null,"wc_position_notruf":null,"wc_hoehe_notruf":null,"wc_bermerkung":null,"foto":null}},{"type":"Feature","id":"wc_finder_opendata.23","geometry":{"type":"Point","coordinates":[693214.84362736,5330884.43355884]},"geometry_name":"shape","properties":{"name":"Öffentliche Toilette Eingang Stadelheimerstr. 20/22","stadt":"München","plz":81549,"strasse":"Stadelheimerstrasse","hausnr":"22","etage":"EG","raumnummer":"","oeffnungszeiten":"Täglich, Nov-Feb bis 17 Uhr, im März bis 18:00 Uhr. Apr-Aug bis 20:00 Uhr, Sep-Okt bis 19 Uhr","kategorie":"barrierefrei","preis":null,"wickeln":0,"standort_beschreibung":"Toilettenraum für 1 Person, keine zusätz. Innentüren","zustand":"voll funktionsfähig","einschraenkungen":"","mail":" kommunalreferat@muenchen.de","website":"","telefon":"","zustaendiges_referat":"Kommunalreferat","erzeugt_bearbeitet":"06.09.2023 / 06.09.2023","din_18040_1":1,"toilette_fuer_alle":0,"eignung_blindenhunde":1,"eingangstuer_typ":"Öffnet nach außen/Türanschlag rechts","eingangstuer_glasmarkierung":0,"eingangstuer_klingel_taster":0,"eingangstuer_leichte_fuehrung":1,"eingangstuer_radar_schluessel":0,"eingangstuer_euro_schluessel":0,"eingangstuer_wendekreis":"130","eingangstuer_breite":88,"rampe":"fest","rampe_steigung":"3,00%","treppe_vorhanden":0,"treppe_antirutsch":0,"treppe_blindenschrift":0,"treppe_gelaender":0,"treppe_kontrast_visuell":0,"treppe_kontrast_taktil":0,"treppe_stufenanzahl":0,"treppe_stufenhoehe":0,"rollstuhllift":0,"eingangsbereich_beschreibung":null,"gebaeudeinneres_gangbreite":"240","gebaeudeinneres_induktionsschleifen":0,"gebaeudeinneres_fuehrungsrillen":0,"gebaeudeinneres_ruhig":1,"gebaeudeinneres_beleuchtet":1,"aufzug_vorhanden":0,"aufzug_tuerbreite":null,"aufzug_tiefe":null,"aufzug_breite":null,"wctuer_typ":null,"wctuer_glasmarkierung":0,"wctuer_klingel_taster":0,"wctuer_leichte_fuehrung":1,"wctuer_radar_schluessel":0,"wctuer_euro_schluessel":0,"wctuer_wendekreis":"","wctuer_breite":null,"wctuer_bemerkung":"","wc_badewanne":0,"wc_dusche":0,"wc_spiegel":0,"wc_gelaender":0,"wc_deckenlifter":1,"wc_standlifter":0,"wc_liege":0,"wc_spiegelhoehe":"0","wc_handtuchspenderhoehe":107,"wc_seifenspender_hoehe":107,"wc_waschbecken_oberkante":92,"wc_waschbecken_hoehe_unterfahrbar":"73","wc_waschbecken_tiefe_unterfahrbar":56,"wc_buegel_rechts":1,"wc_buegel_links":1,"wc_buegel_distanz":75,"wc_buegelhoehe":85,"wc_sitzhoehe":51,"wc_platz_davor":178,"wc_platz_rechts":"88","wc_platz_links":"94","wc_spuelknopf_hinten":0,"wc_spuelknopf_rechts":0,"wc_spuelknopf_links":null,"wc_spuelknopf_hoehe":93,"wc_position_notruf":"nicht vorhanden","wc_hoehe_notruf":"","wc_bermerkung":"","foto":null}},{"type":"Feature","id":"wc_finder_opendata.24","geometry":{"type":"Point","coordinates":[693213.6431,5330886.6358]},"geometry_name":"shape","properties":{"name":"Öffentliche Toilette Eingang Stadelheimerstr. 20/22","stadt":"München","plz":81549,"strasse":"Stadelheimerstrasse","hausnr":"22","etage":"EG","raumnummer":null,"oeffnungszeiten":"Täglich, Nov-Feb bis 17 Uhr, im März bis 18:00 Uhr. Apr-Aug bis 20:00 Uhr, Sep-Okt bis 19 Uhr","kategorie":"männlich","preis":null,"wickeln":0,"standort_beschreibung":null,"zustand":"voll funktionsfähig","einschraenkungen":null,"mail":" kommunalreferat@muenchen.de","website":null,"telefon":null,"zustaendiges_referat":"Kommunalreferat","erzeugt_bearbeitet":"06.09.2023 / 06.09.2023","din_18040_1":null,"toilette_fuer_alle":null,"eignung_blindenhunde":null,"eingangstuer_typ":null,"eingangstuer_glasmarkierung":null,"eingangstuer_klingel_taster":null,"eingangstuer_leichte_fuehrung":null,"eingangstuer_radar_schluessel":null,"eingangstuer_euro_schluessel":null,"eingangstuer_wendekreis":null,"eingangstuer_breite":null,"rampe":null,"rampe_steigung":null,"treppe_vorhanden":null,"treppe_antirutsch":null,"treppe_blindenschrift":null,"treppe_gelaender":null,"treppe_kontrast_visuell":null,"treppe_kontrast_taktil":null,"treppe_stufenanzahl":null,"treppe_stufenhoehe":null,"rollstuhllift":null,"eingangsbereich_beschreibung":null,"gebaeudeinneres_gangbreite":null,"gebaeudeinneres_induktionsschleifen":null,"gebaeudeinneres_fuehrungsrillen":null,"gebaeudeinneres_ruhig":null,"gebaeudeinneres_beleuchtet":null,"aufzug_vorhanden":null,"aufzug_tuerbreite":null,"aufzug_tiefe":null,"aufzug_breite":null,"wctuer_typ":null,"wctuer_glasmarkierung":null,"wctuer_klingel_taster":null,"wctuer_leichte_fuehrung":null,"wctuer_radar_schluessel":null,"wctuer_euro_schluessel":null,"wctuer_wendekreis":null,"wctuer_breite":null,"wctuer_bemerkung":null,"wc_badewanne":null,"wc_dusche":null,"wc_spiegel":null,"wc_gelaender":null,"wc_deckenlifter":null,"wc_standlifter":null,"wc_liege":null,"wc_spiegelhoehe":null,"wc_handtuchspenderhoehe":null,"wc_seifenspender_hoehe":null,"wc_waschbecken_oberkante":null,"wc_waschbecken_hoehe_unterfahrbar":null,"wc_waschbecken_tiefe_unterfahrbar":null,"wc_buegel_rechts":null,"wc_buegel_links":null,"wc_buegel_distanz":null,"wc_buegelhoehe":null,"wc_sitzhoehe":null,"wc_platz_davor":null,"wc_platz_rechts":null,"wc_platz_links":null,"wc_spuelknopf_hinten":null,"wc_spuelknopf_rechts":null,"wc_spuelknopf_links":null,"wc_spuelknopf_hoehe":null,"wc_position_notruf":null,"wc_hoehe_notruf":null,"wc_bermerkung":null,"foto":null}},{"type":"Feature","id":"wc_finder_opendata.25","geometry":{"type":"Point","coordinates":[693215.7566,5330881.9207]},"geometry_name":"shape","properties":{"name":"Öffentliche Toilette Eingang Stadelheimerstr. 20/22","stadt":"München","plz":81549,"strasse":"Stadelheimerstrasse","hausnr":"22","etage":"EG","raumnummer":null,"oeffnungszeiten":"Täglich, Nov-Feb bis 17 Uhr, im März bis 18:00 Uhr. Apr-Aug bis 20:00 Uhr, Sep-Okt bis 19 Uhr","kategorie":"weiblich","preis":null,"wickeln":0,"standort_beschreibung":null,"zustand":"voll funktionsfähig","einschraenkungen":null,"mail":" kommunalreferat@muenchen.de","website":null,"telefon":null,"zustaendiges_referat":"Kommunalreferat","erzeugt_bearbeitet":"06.09.2023 / 06.09.2023","din_18040_1":null,"toilette_fuer_alle":null,"eignung_blindenhunde":null,"eingangstuer_typ":null,"eingangstuer_glasmarkierung":null,"eingangstuer_klingel_taster":null,"eingangstuer_leichte_fuehrung":null,"eingangstuer_radar_schluessel":null,"eingangstuer_euro_schluessel":null,"eingangstuer_wendekreis":null,"eingangstuer_breite":null,"rampe":null,"rampe_steigung":null,"treppe_vorhanden":null,"treppe_antirutsch":null,"treppe_blindenschrift":null,"treppe_gelaender":null,"treppe_kontrast_visuell":null,"treppe_kontrast_taktil":null,"treppe_stufenanzahl":null,"treppe_stufenhoehe":null,"rollstuhllift":null,"eingangsbereich_beschreibung":null,"gebaeudeinneres_gangbreite":null,"gebaeudeinneres_induktionsschleifen":null,"gebaeudeinneres_fuehrungsrillen":null,"gebaeudeinneres_ruhig":null,"gebaeudeinneres_beleuchtet":null,"aufzug_vorhanden":null,"aufzug_tuerbreite":null,"aufzug_tiefe":null,"aufzug_breite":null,"wctuer_typ":null,"wctuer_glasmarkierung":null,"wctuer_klingel_taster":null,"wctuer_leichte_fuehrung":null,"wctuer_radar_schluessel":null,"wctuer_euro_schluessel":null,"wctuer_wendekreis":null,"wctuer_breite":null,"wctuer_bemerkung":null,"wc_badewanne":null,"wc_dusche":null,"wc_spiegel":null,"wc_gelaender":null,"wc_deckenlifter":null,"wc_standlifter":null,"wc_liege":null,"wc_spiegelhoehe":null,"wc_handtuchspenderhoehe":null,"wc_seifenspender_hoehe":null,"wc_waschbecken_oberkante":null,"wc_waschbecken_hoehe_unterfahrbar":null,"wc_waschbecken_tiefe_unterfahrbar":null,"wc_buegel_rechts":null,"wc_buegel_links":null,"wc_buegel_distanz":null,"wc_buegelhoehe":null,"wc_sitzhoehe":null,"wc_platz_davor":null,"wc_platz_rechts":null,"wc_platz_links":null,"wc_spuelknopf_hinten":null,"wc_spuelknopf_rechts":null,"wc_spuelknopf_links":null,"wc_spuelknopf_hoehe":null,"wc_position_notruf":null,"wc_hoehe_notruf":null,"wc_bermerkung":null,"foto":null}},{"type":"Feature","id":"wc_finder_opendata.26","geometry":{"type":"Point","coordinates":[693254.72,5330618.25]},"geometry_name":"shape","properties":{"name":"Öffentliche Toilette Friedhofsgelände / an der Aussegnungshalle","stadt":"München","plz":81549,"strasse":"Stadelheimerstrasse","hausnr":"24","etage":"EG","raumnummer":null,"oeffnungszeiten":"Täglich, Nov-Feb bis 17 Uhr, im März bis 18:00 Uhr. Apr-Aug bis 20:00 Uhr, Sep-Okt bis 19 Uhr","kategorie":"barrierefrei","preis":null,"wickeln":0,"standort_beschreibung":"Toilettenraum für 1 Person, keine zusätz. Innentüren","zustand":"voll funktionsfähig","einschraenkungen":null,"mail":" kommunalreferat@muenchen.de","website":null,"telefon":null,"zustaendiges_referat":"Kommunalreferat","erzeugt_bearbeitet":"06.09.2023 / 06.09.2023","din_18040_1":1,"toilette_fuer_alle":0,"eignung_blindenhunde":1,"eingangstuer_typ":"Öffnet nach innen/Türanschlag links","eingangstuer_glasmarkierung":0,"eingangstuer_klingel_taster":0,"eingangstuer_leichte_fuehrung":1,"eingangstuer_radar_schluessel":0,"eingangstuer_euro_schluessel":1,"eingangstuer_wendekreis":"130","eingangstuer_breite":93,"rampe":"fest","rampe_steigung":"3,00%","treppe_vorhanden":0,"treppe_antirutsch":0,"treppe_blindenschrift":0,"treppe_gelaender":0,"treppe_kontrast_visuell":0,"treppe_kontrast_taktil":0,"treppe_stufenanzahl":0,"treppe_stufenhoehe":0,"rollstuhllift":0,"eingangsbereich_beschreibung":null,"gebaeudeinneres_gangbreite":"240","gebaeudeinneres_induktionsschleifen":0,"gebaeudeinneres_fuehrungsrillen":0,"gebaeudeinneres_ruhig":1,"gebaeudeinneres_beleuchtet":1,"aufzug_vorhanden":0,"aufzug_tuerbreite":null,"aufzug_tiefe":null,"aufzug_breite":null,"wctuer_typ":null,"wctuer_glasmarkierung":0,"wctuer_klingel_taster":0,"wctuer_leichte_fuehrung":1,"wctuer_radar_schluessel":0,"wctuer_euro_schluessel":1,"wctuer_wendekreis":"","wctuer_breite":null,"wctuer_bemerkung":null,"wc_badewanne":0,"wc_dusche":0,"wc_spiegel":1,"wc_gelaender":0,"wc_deckenlifter":0,"wc_standlifter":0,"wc_liege":0,"wc_spiegelhoehe":"84","wc_handtuchspenderhoehe":92,"wc_seifenspender_hoehe":92,"wc_waschbecken_oberkante":81,"wc_waschbecken_hoehe_unterfahrbar":"65","wc_waschbecken_tiefe_unterfahrbar":50,"wc_buegel_rechts":1,"wc_buegel_links":1,"wc_buegel_distanz":72,"wc_buegelhoehe":85,"wc_sitzhoehe":45,"wc_platz_davor":160,"wc_platz_rechts":"96","wc_platz_links":"91","wc_spuelknopf_hinten":1,"wc_spuelknopf_rechts":0,"wc_spuelknopf_links":null,"wc_spuelknopf_hoehe":100,"wc_position_notruf":"links","wc_hoehe_notruf":"10","wc_bermerkung":null,"foto":null}},{"type":"Feature","id":"wc_finder_opendata.27","geometry":{"type":"Point","coordinates":[693256.82,5330619.51]},"geometry_name":"shape","properties":{"name":"Öffentliche Toilette Friedhofsgelände / an der Aussegnungshalle","stadt":"München","plz":81549,"strasse":"Stadelheimerstrasse","hausnr":"24","etage":"EG","raumnummer":null,"oeffnungszeiten":"Täglich, Nov-Feb bis 17 Uhr, im März bis 18:00 Uhr. Apr-Aug bis 20:00 Uhr, Sep-Okt bis 19 Uhr","kategorie":"männlich","preis":null,"wickeln":0,"standort_beschreibung":null,"zustand":"voll funktionsfähig","einschraenkungen":null,"mail":" kommunalreferat@muenchen.de","website":null,"telefon":null,"zustaendiges_referat":"Kommunalreferat","erzeugt_bearbeitet":"06.09.2023 / 06.09.2023","din_18040_1":null,"toilette_fuer_alle":null,"eignung_blindenhunde":null,"eingangstuer_typ":null,"eingangstuer_glasmarkierung":null,"eingangstuer_klingel_taster":null,"eingangstuer_leichte_fuehrung":null,"eingangstuer_radar_schluessel":null,"eingangstuer_euro_schluessel":null,"eingangstuer_wendekreis":null,"eingangstuer_breite":null,"rampe":null,"rampe_steigung":null,"treppe_vorhanden":null,"treppe_antirutsch":null,"treppe_blindenschrift":null,"treppe_gelaender":null,"treppe_kontrast_visuell":null,"treppe_kontrast_taktil":null,"treppe_stufenanzahl":null,"treppe_stufenhoehe":null,"rollstuhllift":null,"eingangsbereich_beschreibung":null,"gebaeudeinneres_gangbreite":null,"gebaeudeinneres_induktionsschleifen":null,"gebaeudeinneres_fuehrungsrillen":null,"gebaeudeinneres_ruhig":null,"gebaeudeinneres_beleuchtet":null,"aufzug_vorhanden":null,"aufzug_tuerbreite":null,"aufzug_tiefe":null,"aufzug_breite":null,"wctuer_typ":null,"wctuer_glasmarkierung":null,"wctuer_klingel_taster":null,"wctuer_leichte_fuehrung":null,"wctuer_radar_schluessel":null,"wctuer_euro_schluessel":null,"wctuer_wendekreis":null,"wctuer_breite":null,"wctuer_bemerkung":null,"wc_badewanne":null,"wc_dusche":null,"wc_spiegel":null,"wc_gelaender":null,"wc_deckenlifter":null,"wc_standlifter":null,"wc_liege":null,"wc_spiegelhoehe":null,"wc_handtuchspenderhoehe":null,"wc_seifenspender_hoehe":null,"wc_waschbecken_oberkante":null,"wc_waschbecken_hoehe_unterfahrbar":null,"wc_waschbecken_tiefe_unterfahrbar":null,"wc_buegel_rechts":null,"wc_buegel_links":null,"wc_buegel_distanz":null,"wc_buegelhoehe":null,"wc_sitzhoehe":null,"wc_platz_davor":null,"wc_platz_rechts":null,"wc_platz_links":null,"wc_spuelknopf_hinten":null,"wc_spuelknopf_rechts":null,"wc_spuelknopf_links":null,"wc_spuelknopf_hoehe":null,"wc_position_notruf":null,"wc_hoehe_notruf":null,"wc_bermerkung":null,"foto":null}},{"type":"Feature","id":"wc_finder_opendata.28","geometry":{"type":"Point","coordinates":[693259.48,5330620.63]},"geometry_name":"shape","properties":{"name":"Öffentliche Toilette Friedhofsgelände / an der Aussegnungshalle","stadt":"München","plz":81549,"strasse":"Stadelheimerstrasse","hausnr":"24","etage":"EG","raumnummer":null,"oeffnungszeiten":"Täglich, Nov-Feb bis 17 Uhr, im März bis 18:00 Uhr. Apr-Aug bis 20:00 Uhr, Sep-Okt bis 19 Uhr","kategorie":"weiblich","preis":null,"wickeln":0,"standort_beschreibung":null,"zustand":"voll funktionsfähig","einschraenkungen":null,"mail":" kommunalreferat@muenchen.de","website":null,"telefon":null,"zustaendiges_referat":"Kommunalreferat","erzeugt_bearbeitet":"06.09.2023 / 06.09.2023","din_18040_1":null,"toilette_fuer_alle":null,"eignung_blindenhunde":null,"eingangstuer_typ":null,"eingangstuer_glasmarkierung":null,"eingangstuer_klingel_taster":null,"eingangstuer_leichte_fuehrung":null,"eingangstuer_radar_schluessel":null,"eingangstuer_euro_schluessel":null,"eingangstuer_wendekreis":null,"eingangstuer_breite":null,"rampe":null,"rampe_steigung":null,"treppe_vorhanden":null,"treppe_antirutsch":null,"treppe_blindenschrift":null,"treppe_gelaender":null,"treppe_kontrast_visuell":null,"treppe_kontrast_taktil":null,"treppe_stufenanzahl":null,"treppe_stufenhoehe":null,"rollstuhllift":null,"eingangsbereich_beschreibung":null,"gebaeudeinneres_gangbreite":null,"gebaeudeinneres_induktionsschleifen":null,"gebaeudeinneres_fuehrungsrillen":null,"gebaeudeinneres_ruhig":null,"gebaeudeinneres_beleuchtet":null,"aufzug_vorhanden":null,"aufzug_tuerbreite":null,"aufzug_tiefe":null,"aufzug_breite":null,"wctuer_typ":null,"wctuer_glasmarkierung":null,"wctuer_klingel_taster":null,"wctuer_leichte_fuehrung":null,"wctuer_radar_schluessel":null,"wctuer_euro_schluessel":null,"wctuer_wendekreis":null,"wctuer_breite":null,"wctuer_bemerkung":null,"wc_badewanne":null,"wc_dusche":null,"wc_spiegel":null,"wc_gelaender":null,"wc_deckenlifter":null,"wc_standlifter":null,"wc_liege":null,"wc_spiegelhoehe":null,"wc_handtuchspenderhoehe":null,"wc_seifenspender_hoehe":null,"wc_waschbecken_oberkante":null,"wc_waschbecken_hoehe_unterfahrbar":null,"wc_waschbecken_tiefe_unterfahrbar":null,"wc_buegel_rechts":null,"wc_buegel_links":null,"wc_buegel_distanz":null,"wc_buegelhoehe":null,"wc_sitzhoehe":null,"wc_platz_davor":null,"wc_platz_rechts":null,"wc_platz_links":null,"wc_spuelknopf_hinten":null,"wc_spuelknopf_rechts":null,"wc_spuelknopf_links":null,"wc_spuelknopf_hoehe":null,"wc_position_notruf":null,"wc_hoehe_notruf":null,"wc_bermerkung":null,"foto":null}},{"type":"Feature","id":"wc_finder_opendata.29","geometry":{"type":"Point","coordinates":[693269.789,5330742.9909]},"geometry_name":"shape","properties":{"name":"Öffentliche Toilette im Verwaltungsgebäude","stadt":"München","plz":81549,"strasse":"Stadelheimerstrasse","hausnr":"24","etage":"EG","raumnummer":null,"oeffnungszeiten":"Täglich, Mo-Do 8-12Uhr 13-15Uhr, Fr 8-12Uhr","kategorie":"männlich","preis":null,"wickeln":0,"standort_beschreibung":null,"zustand":"voll funktionsfähig","einschraenkungen":null,"mail":" kommunalreferat@muenchen.de","website":null,"telefon":null,"zustaendiges_referat":"Kommunalreferat","erzeugt_bearbeitet":"06.09.2023 / 06.09.2023","din_18040_1":null,"toilette_fuer_alle":null,"eignung_blindenhunde":null,"eingangstuer_typ":null,"eingangstuer_glasmarkierung":null,"eingangstuer_klingel_taster":null,"eingangstuer_leichte_fuehrung":null,"eingangstuer_radar_schluessel":null,"eingangstuer_euro_schluessel":null,"eingangstuer_wendekreis":null,"eingangstuer_breite":null,"rampe":null,"rampe_steigung":null,"treppe_vorhanden":null,"treppe_antirutsch":null,"treppe_blindenschrift":null,"treppe_gelaender":null,"treppe_kontrast_visuell":null,"treppe_kontrast_taktil":null,"treppe_stufenanzahl":null,"treppe_stufenhoehe":null,"rollstuhllift":null,"eingangsbereich_beschreibung":null,"gebaeudeinneres_gangbreite":null,"gebaeudeinneres_induktionsschleifen":null,"gebaeudeinneres_fuehrungsrillen":null,"gebaeudeinneres_ruhig":null,"gebaeudeinneres_beleuchtet":null,"aufzug_vorhanden":null,"aufzug_tuerbreite":null,"aufzug_tiefe":null,"aufzug_breite":null,"wctuer_typ":null,"wctuer_glasmarkierung":null,"wctuer_klingel_taster":null,"wctuer_leichte_fuehrung":null,"wctuer_radar_schluessel":null,"wctuer_euro_schluessel":null,"wctuer_wendekreis":null,"wctuer_breite":null,"wctuer_bemerkung":null,"wc_badewanne":null,"wc_dusche":null,"wc_spiegel":null,"wc_gelaender":null,"wc_deckenlifter":null,"wc_standlifter":null,"wc_liege":null,"wc_spiegelhoehe":null,"wc_handtuchspenderhoehe":null,"wc_seifenspender_hoehe":null,"wc_waschbecken_oberkante":null,"wc_waschbecken_hoehe_unterfahrbar":null,"wc_waschbecken_tiefe_unterfahrbar":null,"wc_buegel_rechts":null,"wc_buegel_links":null,"wc_buegel_distanz":null,"wc_buegelhoehe":null,"wc_sitzhoehe":null,"wc_platz_davor":null,"wc_platz_rechts":null,"wc_platz_links":null,"wc_spuelknopf_hinten":null,"wc_spuelknopf_rechts":null,"wc_spuelknopf_links":null,"wc_spuelknopf_hoehe":null,"wc_position_notruf":null,"wc_hoehe_notruf":null,"wc_bermerkung":null,"foto":null}},{"type":"Feature","id":"wc_finder_opendata.30","geometry":{"type":"Point","coordinates":[693263.8624,5330739.6983]},"geometry_name":"shape","properties":{"name":"Öffentliche Toilette im Verwaltungsgebäude","stadt":"München","plz":81549,"strasse":"Stadelheimerstrasse","hausnr":"24","etage":"EG","raumnummer":null,"oeffnungszeiten":"Täglich, Mo-Do 8-12Uhr 13-15Uhr, Fr 8-12Uhr","kategorie":"weiblich","preis":null,"wickeln":0,"standort_beschreibung":null,"zustand":"voll funktionsfähig","einschraenkungen":null,"mail":" kommunalreferat@muenchen.de","website":null,"telefon":null,"zustaendiges_referat":"Kommunalreferat","erzeugt_bearbeitet":"06.09.2023 / 06.09.2023","din_18040_1":null,"toilette_fuer_alle":null,"eignung_blindenhunde":null,"eingangstuer_typ":null,"eingangstuer_glasmarkierung":null,"eingangstuer_klingel_taster":null,"eingangstuer_leichte_fuehrung":null,"eingangstuer_radar_schluessel":null,"eingangstuer_euro_schluessel":null,"eingangstuer_wendekreis":null,"eingangstuer_breite":null,"rampe":null,"rampe_steigung":null,"treppe_vorhanden":null,"treppe_antirutsch":null,"treppe_blindenschrift":null,"treppe_gelaender":null,"treppe_kontrast_visuell":null,"treppe_kontrast_taktil":null,"treppe_stufenanzahl":null,"treppe_stufenhoehe":null,"rollstuhllift":null,"eingangsbereich_beschreibung":null,"gebaeudeinneres_gangbreite":null,"gebaeudeinneres_induktionsschleifen":null,"gebaeudeinneres_fuehrungsrillen":null,"gebaeudeinneres_ruhig":null,"gebaeudeinneres_beleuchtet":null,"aufzug_vorhanden":null,"aufzug_tuerbreite":null,"aufzug_tiefe":null,"aufzug_breite":null,"wctuer_typ":null,"wctuer_glasmarkierung":null,"wctuer_klingel_taster":null,"wctuer_leichte_fuehrung":null,"wctuer_radar_schluessel":null,"wctuer_euro_schluessel":null,"wctuer_wendekreis":null,"wctuer_breite":null,"wctuer_bemerkung":null,"wc_badewanne":null,"wc_dusche":null,"wc_spiegel":null,"wc_gelaender":null,"wc_deckenlifter":null,"wc_standlifter":null,"wc_liege":null,"wc_spiegelhoehe":null,"wc_handtuchspenderhoehe":null,"wc_seifenspender_hoehe":null,"wc_waschbecken_oberkante":null,"wc_waschbecken_hoehe_unterfahrbar":null,"wc_waschbecken_tiefe_unterfahrbar":null,"wc_buegel_rechts":null,"wc_buegel_links":null,"wc_buegel_distanz":null,"wc_buegelhoehe":null,"wc_sitzhoehe":null,"wc_platz_davor":null,"wc_platz_rechts":null,"wc_platz_links":null,"wc_spuelknopf_hinten":null,"wc_spuelknopf_rechts":null,"wc_spuelknopf_links":null,"wc_spuelknopf_hoehe":null,"wc_position_notruf":null,"wc_hoehe_notruf":null,"wc_bermerkung":null,"foto":null}},{"type":"Feature","id":"wc_finder_opendata.31","geometry":{"type":"Point","coordinates":[695226.7185,5330806.9105]},"geometry_name":"shape","properties":{"name":"Öffentliche Damentoilette Haupteingang Eisentor mit barrierefreier Kabine","stadt":"München","plz":81737,"strasse":"Hochäckerstr.","hausnr":"90","etage":"EG","raumnummer":null,"oeffnungszeiten":"Täglich ab 8 Uhr Schließung je nach Friedhofsöffnungszeien","kategorie":"weiblich und barrierefrei","preis":null,"wickeln":null,"standort_beschreibung":"Kabine behindertengerecht mit Einschränkungen","zustand":"teilweise Beeinträchtigung","einschraenkungen":"kein elektrischer Türöffner vorhanden und keine Notrufschnur","mail":"neuer-suedfriedhof@muenchen.de","website":null,"telefon":"4028794380","zustaendiges_referat":"Kommunalreferat","erzeugt_bearbeitet":"06.09.2023 / 06.09.2023","din_18040_1":0,"toilette_fuer_alle":0,"eignung_blindenhunde":1,"eingangstuer_typ":"Öffnet nach innen/Türanschlag rechts","eingangstuer_glasmarkierung":0,"eingangstuer_klingel_taster":0,"eingangstuer_leichte_fuehrung":0,"eingangstuer_radar_schluessel":0,"eingangstuer_euro_schluessel":0,"eingangstuer_wendekreis":"160","eingangstuer_breite":83,"rampe":"fest","rampe_steigung":"4,00%","treppe_vorhanden":0,"treppe_antirutsch":0,"treppe_blindenschrift":0,"treppe_gelaender":1,"treppe_kontrast_visuell":0,"treppe_kontrast_taktil":0,"treppe_stufenanzahl":0,"treppe_stufenhoehe":null,"rollstuhllift":0,"eingangsbereich_beschreibung":"Eingang mit fester Rampe","gebaeudeinneres_gangbreite":"96","gebaeudeinneres_induktionsschleifen":0,"gebaeudeinneres_fuehrungsrillen":0,"gebaeudeinneres_ruhig":1,"gebaeudeinneres_beleuchtet":1,"aufzug_vorhanden":0,"aufzug_tuerbreite":null,"aufzug_tiefe":null,"aufzug_breite":null,"wctuer_typ":"Öffnet nach innen/Türanschlag rechts","wctuer_glasmarkierung":0,"wctuer_klingel_taster":0,"wctuer_leichte_fuehrung":0,"wctuer_radar_schluessel":0,"wctuer_euro_schluessel":0,"wctuer_wendekreis":"ca. 100","wctuer_breite":91.5,"wctuer_bemerkung":"kein Elektrischer Türöffner","wc_badewanne":0,"wc_dusche":0,"wc_spiegel":1,"wc_gelaender":0,"wc_deckenlifter":0,"wc_standlifter":0,"wc_liege":0,"wc_spiegelhoehe":"96","wc_handtuchspenderhoehe":86,"wc_seifenspender_hoehe":90,"wc_waschbecken_oberkante":82,"wc_waschbecken_hoehe_unterfahrbar":"72","wc_waschbecken_tiefe_unterfahrbar":45,"wc_buegel_rechts":1,"wc_buegel_links":1,"wc_buegel_distanz":65.5,"wc_buegelhoehe":42,"wc_sitzhoehe":42,"wc_platz_davor":200,"wc_platz_rechts":"70","wc_platz_links":"74","wc_spuelknopf_hinten":1,"wc_spuelknopf_rechts":0,"wc_spuelknopf_links":0,"wc_spuelknopf_hoehe":100,"wc_position_notruf":"nicht vorhanden","wc_hoehe_notruf":"nicht vorhanden","wc_bermerkung":"Tür hat keinen elektrischen Türöffner und keine Notfallschnur","foto":null}},{"type":"Feature","id":"wc_finder_opendata.32","geometry":{"type":"Point","coordinates":[695230.9757,5330802.6534]},"geometry_name":"shape","properties":{"name":"Öffentliche Herrentoilette Haupteingang Eisentor mit barrierefreier Kabine","stadt":"München","plz":81737,"strasse":"Hochäckerstr.","hausnr":"90","etage":"EG","raumnummer":null,"oeffnungszeiten":"Täglich ab 8 Uhr Schließung je nach Friedhofsöffnungszeien","kategorie":"männlich und barrierefrei","preis":null,"wickeln":null,"standort_beschreibung":"Kabine behindertengerecht mit Einschränkungen","zustand":"teilweise Beeinträchtigung","einschraenkungen":"kein elektrischer Türöffner vorhanden und keine Notrufschnur","mail":"neuer-suedfriedhof@muenchen.de","website":null,"telefon":"4028794380","zustaendiges_referat":"Kommunalreferat","erzeugt_bearbeitet":"06.09.2023 / 06.09.2023","din_18040_1":0,"toilette_fuer_alle":0,"eignung_blindenhunde":1,"eingangstuer_typ":"Öffnet nach innen/Türanschlag links","eingangstuer_glasmarkierung":0,"eingangstuer_klingel_taster":0,"eingangstuer_leichte_fuehrung":0,"eingangstuer_radar_schluessel":0,"eingangstuer_euro_schluessel":0,"eingangstuer_wendekreis":"160","eingangstuer_breite":83,"rampe":"fest","rampe_steigung":"4,00%","treppe_vorhanden":0,"treppe_antirutsch":0,"treppe_blindenschrift":0,"treppe_gelaender":1,"treppe_kontrast_visuell":0,"treppe_kontrast_taktil":0,"treppe_stufenanzahl":0,"treppe_stufenhoehe":null,"rollstuhllift":0,"eingangsbereich_beschreibung":"Eingang mit fester Rampe","gebaeudeinneres_gangbreite":"96","gebaeudeinneres_induktionsschleifen":0,"gebaeudeinneres_fuehrungsrillen":0,"gebaeudeinneres_ruhig":1,"gebaeudeinneres_beleuchtet":1,"aufzug_vorhanden":0,"aufzug_tuerbreite":null,"aufzug_tiefe":null,"aufzug_breite":null,"wctuer_typ":"Öffnet nach innen/Türanschlag links","wctuer_glasmarkierung":0,"wctuer_klingel_taster":0,"wctuer_leichte_fuehrung":0,"wctuer_radar_schluessel":0,"wctuer_euro_schluessel":0,"wctuer_wendekreis":"ca. 100","wctuer_breite":91.5,"wctuer_bemerkung":"kein Elektrischer Türöffner","wc_badewanne":0,"wc_dusche":0,"wc_spiegel":1,"wc_gelaender":0,"wc_deckenlifter":0,"wc_standlifter":0,"wc_liege":0,"wc_spiegelhoehe":"88","wc_handtuchspenderhoehe":87.5,"wc_seifenspender_hoehe":91,"wc_waschbecken_oberkante":78,"wc_waschbecken_hoehe_unterfahrbar":"68","wc_waschbecken_tiefe_unterfahrbar":45,"wc_buegel_rechts":1,"wc_buegel_links":1,"wc_buegel_distanz":65,"wc_buegelhoehe":42,"wc_sitzhoehe":42,"wc_platz_davor":210,"wc_platz_rechts":"74.5","wc_platz_links":"70","wc_spuelknopf_hinten":1,"wc_spuelknopf_rechts":0,"wc_spuelknopf_links":0,"wc_spuelknopf_hoehe":100,"wc_position_notruf":"nicht vorhanden","wc_hoehe_notruf":"nicht vorhanden","wc_bermerkung":"Tür hat keinen elektrischen Türöffner und keine Notfallschnur","foto":null}},{"type":"Feature","id":"wc_finder_opendata.33","geometry":{"type":"Point","coordinates":[695150.2824,5330611.1166]},"geometry_name":"shape","properties":{"name":"Besuchertoilette Damen hinter Aussegnungshalle","stadt":"München","plz":81737,"strasse":"Hochäckerstr.","hausnr":"90","etage":"EG","raumnummer":"2.1.3.008","oeffnungszeiten":"Täglich ab 8 Uhr Schließung je Friedhofsöffnungszeiten","kategorie":"weiblich","preis":null,"wickeln":0,"standort_beschreibung":"Besuchertoilette Damen hinter Aussegnungshalle","zustand":"voll funktionsfähig","einschraenkungen":null,"mail":"neuer-suedfriedhof@muenchen.de","website":null,"telefon":"4028794380","zustaendiges_referat":"Kommunalreferat","erzeugt_bearbeitet":"06.09.2023 / 06.09.2023","din_18040_1":null,"toilette_fuer_alle":null,"eignung_blindenhunde":null,"eingangstuer_typ":null,"eingangstuer_glasmarkierung":null,"eingangstuer_klingel_taster":null,"eingangstuer_leichte_fuehrung":null,"eingangstuer_radar_schluessel":null,"eingangstuer_euro_schluessel":null,"eingangstuer_wendekreis":null,"eingangstuer_breite":null,"rampe":null,"rampe_steigung":null,"treppe_vorhanden":null,"treppe_antirutsch":null,"treppe_blindenschrift":null,"treppe_gelaender":null,"treppe_kontrast_visuell":null,"treppe_kontrast_taktil":null,"treppe_stufenanzahl":null,"treppe_stufenhoehe":null,"rollstuhllift":null,"eingangsbereich_beschreibung":null,"gebaeudeinneres_gangbreite":null,"gebaeudeinneres_induktionsschleifen":null,"gebaeudeinneres_fuehrungsrillen":null,"gebaeudeinneres_ruhig":null,"gebaeudeinneres_beleuchtet":null,"aufzug_vorhanden":null,"aufzug_tuerbreite":null,"aufzug_tiefe":null,"aufzug_breite":null,"wctuer_typ":null,"wctuer_glasmarkierung":null,"wctuer_klingel_taster":null,"wctuer_leichte_fuehrung":null,"wctuer_radar_schluessel":null,"wctuer_euro_schluessel":null,"wctuer_wendekreis":null,"wctuer_breite":null,"wctuer_bemerkung":null,"wc_badewanne":null,"wc_dusche":null,"wc_spiegel":null,"wc_gelaender":null,"wc_deckenlifter":null,"wc_standlifter":null,"wc_liege":null,"wc_spiegelhoehe":null,"wc_handtuchspenderhoehe":null,"wc_seifenspender_hoehe":null,"wc_waschbecken_oberkante":null,"wc_waschbecken_hoehe_unterfahrbar":null,"wc_waschbecken_tiefe_unterfahrbar":null,"wc_buegel_rechts":null,"wc_buegel_links":null,"wc_buegel_distanz":null,"wc_buegelhoehe":null,"wc_sitzhoehe":null,"wc_platz_davor":null,"wc_platz_rechts":null,"wc_platz_links":null,"wc_spuelknopf_hinten":null,"wc_spuelknopf_rechts":null,"wc_spuelknopf_links":null,"wc_spuelknopf_hoehe":null,"wc_position_notruf":null,"wc_hoehe_notruf":null,"wc_bermerkung":null,"foto":null}},{"type":"Feature","id":"wc_finder_opendata.34","geometry":{"type":"Point","coordinates":[695153.9075,5330615.3713]},"geometry_name":"shape","properties":{"name":"Besuchertoilette Herren hinter Aussegnungshalle","stadt":"München","plz":81737,"strasse":"Hochäckerstr.","hausnr":"90","etage":"EG","raumnummer":"2.1.3.012","oeffnungszeiten":"Täglich ab 8 Uhr Schließung je Friedhofsöffnungszeiten","kategorie":"männlich","preis":null,"wickeln":0,"standort_beschreibung":"Besuchertoilette Herren hinter Aussegnungshalle","zustand":"voll funktionsfähig","einschraenkungen":null,"mail":"neuer-suedfriedhof@muenchen.de","website":null,"telefon":"4028794380","zustaendiges_referat":"Kommunalreferat","erzeugt_bearbeitet":"06.09.2023 / 06.09.2023","din_18040_1":null,"toilette_fuer_alle":null,"eignung_blindenhunde":null,"eingangstuer_typ":null,"eingangstuer_glasmarkierung":null,"eingangstuer_klingel_taster":null,"eingangstuer_leichte_fuehrung":null,"eingangstuer_radar_schluessel":null,"eingangstuer_euro_schluessel":null,"eingangstuer_wendekreis":null,"eingangstuer_breite":null,"rampe":null,"rampe_steigung":null,"treppe_vorhanden":null,"treppe_antirutsch":null,"treppe_blindenschrift":null,"treppe_gelaender":null,"treppe_kontrast_visuell":null,"treppe_kontrast_taktil":null,"treppe_stufenanzahl":null,"treppe_stufenhoehe":null,"rollstuhllift":null,"eingangsbereich_beschreibung":null,"gebaeudeinneres_gangbreite":null,"gebaeudeinneres_induktionsschleifen":null,"gebaeudeinneres_fuehrungsrillen":null,"gebaeudeinneres_ruhig":null,"gebaeudeinneres_beleuchtet":null,"aufzug_vorhanden":null,"aufzug_tuerbreite":null,"aufzug_tiefe":null,"aufzug_breite":null,"wctuer_typ":null,"wctuer_glasmarkierung":null,"wctuer_klingel_taster":null,"wctuer_leichte_fuehrung":null,"wctuer_radar_schluessel":null,"wctuer_euro_schluessel":null,"wctuer_wendekreis":null,"wctuer_breite":null,"wctuer_bemerkung":null,"wc_badewanne":null,"wc_dusche":null,"wc_spiegel":null,"wc_gelaender":null,"wc_deckenlifter":null,"wc_standlifter":null,"wc_liege":null,"wc_spiegelhoehe":null,"wc_handtuchspenderhoehe":null,"wc_seifenspender_hoehe":null,"wc_waschbecken_oberkante":null,"wc_waschbecken_hoehe_unterfahrbar":null,"wc_waschbecken_tiefe_unterfahrbar":null,"wc_buegel_rechts":null,"wc_buegel_links":null,"wc_buegel_distanz":null,"wc_buegelhoehe":null,"wc_sitzhoehe":null,"wc_platz_davor":null,"wc_platz_rechts":null,"wc_platz_links":null,"wc_spuelknopf_hinten":null,"wc_spuelknopf_rechts":null,"wc_spuelknopf_links":null,"wc_spuelknopf_hoehe":null,"wc_position_notruf":null,"wc_hoehe_notruf":null,"wc_bermerkung":null,"foto":null}},{"type":"Feature","id":"wc_finder_opendata.35","geometry":{"type":"Point","coordinates":[695157.3618,5330618.196]},"geometry_name":"shape","properties":{"name":"Barrierefreie Toilette hinter Aussegnungshalle sehr beengt !","stadt":"München","plz":81737,"strasse":"Hochäckerstr.","hausnr":"90","etage":"EG","raumnummer":"2.1.3.011","oeffnungszeiten":"Täglich ab 8 Uhr Schließung je nach Friedhofsöffnungszeien","kategorie":"barrierefrei","preis":null,"wickeln":0,"standort_beschreibung":"Besuchertoilette behindertengerecht mit Einschränkungen","zustand":"teilweise Beeinträchtigung","einschraenkungen":"kein elektrischer Türöffner vorhanden und keine Notrufschnur","mail":"neuer-suedfriedhof@muenchen.de","website":null,"telefon":"4028794380","zustaendiges_referat":"Kommunalreferat","erzeugt_bearbeitet":"06.09.2023 / 06.09.2023","din_18040_1":0,"toilette_fuer_alle":1,"eignung_blindenhunde":1,"eingangstuer_typ":"Öffnet nach außen/Türanschlag rechts","eingangstuer_glasmarkierung":0,"eingangstuer_klingel_taster":0,"eingangstuer_leichte_fuehrung":0,"eingangstuer_radar_schluessel":0,"eingangstuer_euro_schluessel":0,"eingangstuer_wendekreis":null,"eingangstuer_breite":97,"rampe":null,"rampe_steigung":null,"treppe_vorhanden":null,"treppe_antirutsch":null,"treppe_blindenschrift":0,"treppe_gelaender":0,"treppe_kontrast_visuell":0,"treppe_kontrast_taktil":null,"treppe_stufenanzahl":0,"treppe_stufenhoehe":null,"rollstuhllift":0,"eingangsbereich_beschreibung":"Eingangstür führt vom Freien in einen Gang hiervon gehen die Toilettentüren (kein Wendekreis) ab.","gebaeudeinneres_gangbreite":"131cm - 29 cm Heizung","gebaeudeinneres_induktionsschleifen":0,"gebaeudeinneres_fuehrungsrillen":0,"gebaeudeinneres_ruhig":1,"gebaeudeinneres_beleuchtet":1,"aufzug_vorhanden":0,"aufzug_tuerbreite":null,"aufzug_tiefe":null,"aufzug_breite":null,"wctuer_typ":"Öffnet nach außen/Türanschlag rechts","wctuer_glasmarkierung":0,"wctuer_klingel_taster":0,"wctuer_leichte_fuehrung":0,"wctuer_radar_schluessel":0,"wctuer_euro_schluessel":0,"wctuer_wendekreis":null,"wctuer_breite":81,"wctuer_bemerkung":"kein Elektrischer Türöffner","wc_badewanne":0,"wc_dusche":0,"wc_spiegel":1,"wc_gelaender":1,"wc_deckenlifter":0,"wc_standlifter":0,"wc_liege":0,"wc_spiegelhoehe":"129","wc_handtuchspenderhoehe":100,"wc_seifenspender_hoehe":96,"wc_waschbecken_oberkante":82.5,"wc_waschbecken_hoehe_unterfahrbar":"kleines Waschbecken keine Unterfahrbarkeit","wc_waschbecken_tiefe_unterfahrbar":26,"wc_buegel_rechts":1,"wc_buegel_links":1,"wc_buegel_distanz":70,"wc_buegelhoehe":69,"wc_sitzhoehe":51,"wc_platz_davor":65,"wc_platz_rechts":"20cm - teilweise Toilettenrollenhalter 11cm","wc_platz_links":"75cm - teilweise 11cm Heizung","wc_spuelknopf_hinten":1,"wc_spuelknopf_rechts":0,"wc_spuelknopf_links":0,"wc_spuelknopf_hoehe":117,"wc_position_notruf":"nicht vorhanden","wc_hoehe_notruf":"nicht vorhanden","wc_bermerkung":"Eingangstür führt in einen kleinen Gang von dort gelangt man zur Toilettentür mit  81 cm. Im Innern gibt es keinen Wendekreis.","foto":null}},{"type":"Feature","id":"wc_finder_opendata.36","geometry":{"type":"Point","coordinates":[696619.3997,5330634.5997]},"geometry_name":"shape","properties":{"name":"Besuchertoilette Damen Friedhof Perlach","stadt":"München","plz":81737,"strasse":"Putzbrunnerstr.","hausnr":"51","etage":"EG","raumnummer":null,"oeffnungszeiten":"Täglich ab 8 Uhr Schließung je Friedhofsöffnungszeiten","kategorie":"weiblich","preis":null,"wickeln":0,"standort_beschreibung":"Besuchertoilette Damen Friedhof Perlach","zustand":"voll funktionsfähig","einschraenkungen":null,"mail":"neuer-suedfriedhof@muenchen.de","website":null,"telefon":"4028794380","zustaendiges_referat":"Kommunalreferat","erzeugt_bearbeitet":"06.09.2023 / 06.09.2023","din_18040_1":null,"toilette_fuer_alle":null,"eignung_blindenhunde":null,"eingangstuer_typ":null,"eingangstuer_glasmarkierung":null,"eingangstuer_klingel_taster":null,"eingangstuer_leichte_fuehrung":null,"eingangstuer_radar_schluessel":null,"eingangstuer_euro_schluessel":null,"eingangstuer_wendekreis":null,"eingangstuer_breite":null,"rampe":null,"rampe_steigung":null,"treppe_vorhanden":null,"treppe_antirutsch":null,"treppe_blindenschrift":null,"treppe_gelaender":null,"treppe_kontrast_visuell":null,"treppe_kontrast_taktil":null,"treppe_stufenanzahl":null,"treppe_stufenhoehe":null,"rollstuhllift":null,"eingangsbereich_beschreibung":null,"gebaeudeinneres_gangbreite":null,"gebaeudeinneres_induktionsschleifen":null,"gebaeudeinneres_fuehrungsrillen":null,"gebaeudeinneres_ruhig":null,"gebaeudeinneres_beleuchtet":null,"aufzug_vorhanden":null,"aufzug_tuerbreite":null,"aufzug_tiefe":null,"aufzug_breite":null,"wctuer_typ":null,"wctuer_glasmarkierung":null,"wctuer_klingel_taster":null,"wctuer_leichte_fuehrung":null,"wctuer_radar_schluessel":null,"wctuer_euro_schluessel":null,"wctuer_wendekreis":null,"wctuer_breite":null,"wctuer_bemerkung":null,"wc_badewanne":null,"wc_dusche":null,"wc_spiegel":null,"wc_gelaender":null,"wc_deckenlifter":null,"wc_standlifter":null,"wc_liege":null,"wc_spiegelhoehe":null,"wc_handtuchspenderhoehe":null,"wc_seifenspender_hoehe":null,"wc_waschbecken_oberkante":null,"wc_waschbecken_hoehe_unterfahrbar":null,"wc_waschbecken_tiefe_unterfahrbar":null,"wc_buegel_rechts":null,"wc_buegel_links":null,"wc_buegel_distanz":null,"wc_buegelhoehe":null,"wc_sitzhoehe":null,"wc_platz_davor":null,"wc_platz_rechts":null,"wc_platz_links":null,"wc_spuelknopf_hinten":null,"wc_spuelknopf_rechts":null,"wc_spuelknopf_links":null,"wc_spuelknopf_hoehe":null,"wc_position_notruf":null,"wc_hoehe_notruf":null,"wc_bermerkung":null,"foto":null}},{"type":"Feature","id":"wc_finder_opendata.37","geometry":{"type":"Point","coordinates":[696621.4435,5330639.0796]},"geometry_name":"shape","properties":{"name":"Besuchertoilette Herren Friedhof Perlach","stadt":"München","plz":81737,"strasse":"Putzbrunnerstr.","hausnr":"51","etage":"EG","raumnummer":null,"oeffnungszeiten":"Täglich ab 8 Uhr Schließung je Friedhofsöffnungszeiten","kategorie":"männlich","preis":null,"wickeln":0,"standort_beschreibung":"Besuchertoilette Herren Friedhof Perlach","zustand":"voll funktionsfähig","einschraenkungen":null,"mail":"neuer-suedfriedhof@muenchen.de","website":null,"telefon":"4028794380","zustaendiges_referat":"Kommunalreferat","erzeugt_bearbeitet":"06.09.2023 / 06.09.2023","din_18040_1":null,"toilette_fuer_alle":null,"eignung_blindenhunde":null,"eingangstuer_typ":null,"eingangstuer_glasmarkierung":null,"eingangstuer_klingel_taster":null,"eingangstuer_leichte_fuehrung":null,"eingangstuer_radar_schluessel":null,"eingangstuer_euro_schluessel":null,"eingangstuer_wendekreis":null,"eingangstuer_breite":null,"rampe":null,"rampe_steigung":null,"treppe_vorhanden":null,"treppe_antirutsch":null,"treppe_blindenschrift":null,"treppe_gelaender":null,"treppe_kontrast_visuell":null,"treppe_kontrast_taktil":null,"treppe_stufenanzahl":null,"treppe_stufenhoehe":null,"rollstuhllift":null,"eingangsbereich_beschreibung":null,"gebaeudeinneres_gangbreite":null,"gebaeudeinneres_induktionsschleifen":null,"gebaeudeinneres_fuehrungsrillen":null,"gebaeudeinneres_ruhig":null,"gebaeudeinneres_beleuchtet":null,"aufzug_vorhanden":null,"aufzug_tuerbreite":null,"aufzug_tiefe":null,"aufzug_breite":null,"wctuer_typ":null,"wctuer_glasmarkierung":null,"wctuer_klingel_taster":null,"wctuer_leichte_fuehrung":null,"wctuer_radar_schluessel":null,"wctuer_euro_schluessel":null,"wctuer_wendekreis":null,"wctuer_breite":null,"wctuer_bemerkung":null,"wc_badewanne":null,"wc_dusche":null,"wc_spiegel":null,"wc_gelaender":null,"wc_deckenlifter":null,"wc_standlifter":null,"wc_liege":null,"wc_spiegelhoehe":null,"wc_handtuchspenderhoehe":null,"wc_seifenspender_hoehe":null,"wc_waschbecken_oberkante":null,"wc_waschbecken_hoehe_unterfahrbar":null,"wc_waschbecken_tiefe_unterfahrbar":null,"wc_buegel_rechts":null,"wc_buegel_links":null,"wc_buegel_distanz":null,"wc_buegelhoehe":null,"wc_sitzhoehe":null,"wc_platz_davor":null,"wc_platz_rechts":null,"wc_platz_links":null,"wc_spuelknopf_hinten":null,"wc_spuelknopf_rechts":null,"wc_spuelknopf_links":null,"wc_spuelknopf_hoehe":null,"wc_position_notruf":null,"wc_hoehe_notruf":null,"wc_bermerkung":null,"foto":null}},{"type":"Feature","id":"wc_finder_opendata.38","geometry":{"type":"Point","coordinates":[693298.9651,5339003.4952]},"geometry_name":"shape","properties":{"name":"Öffentliche Toilette Nordfriedhof Herren","stadt":"München","plz":80805,"strasse":"Ungererstraße","hausnr":"130","etage":"EG","raumnummer":"1.1.6.019","oeffnungszeiten":"s. Friedhofsöffnungszeiten","kategorie":"männlich","preis":null,"wickeln":0,"standort_beschreibung":"Arkadengang nördl. Aussegnungshalle","zustand":"voll funktionsfähig","einschraenkungen":null,"mail":"nordfriedhof@muenchen.de","website":"https://www.muenchen.de/","telefon":"370039820","zustaendiges_referat":"Gesundheitsreferat","erzeugt_bearbeitet":"06.09.2023 / 06.09.2023","din_18040_1":null,"toilette_fuer_alle":null,"eignung_blindenhunde":null,"eingangstuer_typ":null,"eingangstuer_glasmarkierung":null,"eingangstuer_klingel_taster":null,"eingangstuer_leichte_fuehrung":null,"eingangstuer_radar_schluessel":null,"eingangstuer_euro_schluessel":null,"eingangstuer_wendekreis":null,"eingangstuer_breite":null,"rampe":null,"rampe_steigung":null,"treppe_vorhanden":null,"treppe_antirutsch":null,"treppe_blindenschrift":null,"treppe_gelaender":null,"treppe_kontrast_visuell":null,"treppe_kontrast_taktil":null,"treppe_stufenanzahl":null,"treppe_stufenhoehe":null,"rollstuhllift":null,"eingangsbereich_beschreibung":null,"gebaeudeinneres_gangbreite":null,"gebaeudeinneres_induktionsschleifen":null,"gebaeudeinneres_fuehrungsrillen":null,"gebaeudeinneres_ruhig":null,"gebaeudeinneres_beleuchtet":null,"aufzug_vorhanden":null,"aufzug_tuerbreite":null,"aufzug_tiefe":null,"aufzug_breite":null,"wctuer_typ":null,"wctuer_glasmarkierung":null,"wctuer_klingel_taster":null,"wctuer_leichte_fuehrung":null,"wctuer_radar_schluessel":null,"wctuer_euro_schluessel":null,"wctuer_wendekreis":null,"wctuer_breite":null,"wctuer_bemerkung":null,"wc_badewanne":null,"wc_dusche":null,"wc_spiegel":null,"wc_gelaender":null,"wc_deckenlifter":null,"wc_standlifter":null,"wc_liege":null,"wc_spiegelhoehe":null,"wc_handtuchspenderhoehe":null,"wc_seifenspender_hoehe":null,"wc_waschbecken_oberkante":null,"wc_waschbecken_hoehe_unterfahrbar":null,"wc_waschbecken_tiefe_unterfahrbar":null,"wc_buegel_rechts":null,"wc_buegel_links":null,"wc_buegel_distanz":null,"wc_buegelhoehe":null,"wc_sitzhoehe":null,"wc_platz_davor":null,"wc_platz_rechts":null,"wc_platz_links":null,"wc_spuelknopf_hinten":null,"wc_spuelknopf_rechts":null,"wc_spuelknopf_links":null,"wc_spuelknopf_hoehe":null,"wc_position_notruf":null,"wc_hoehe_notruf":null,"wc_bermerkung":null,"foto":null}},{"type":"Feature","id":"wc_finder_opendata.39","geometry":{"type":"Point","coordinates":[693297.1634,5339004.9739]},"geometry_name":"shape","properties":{"name":"Öffentliche Toilette Nordfriedhof Damen","stadt":"München","plz":80805,"strasse":"Ungererstraße","hausnr":"130","etage":"EG","raumnummer":"1.1.6.017","oeffnungszeiten":"s. Friedhofsöffnungszeiten","kategorie":"weiblich","preis":null,"wickeln":0,"standort_beschreibung":"Arkadengang nördl. Aussegnungshalle","zustand":"voll funktionsfähig","einschraenkungen":null,"mail":"nordfriedhof@muenchen.de","website":"https://www.muenchen.de/","telefon":"370039820","zustaendiges_referat":"Gesundheitsreferat","erzeugt_bearbeitet":"06.09.2023 / 06.09.2023","din_18040_1":null,"toilette_fuer_alle":null,"eignung_blindenhunde":null,"eingangstuer_typ":null,"eingangstuer_glasmarkierung":null,"eingangstuer_klingel_taster":null,"eingangstuer_leichte_fuehrung":null,"eingangstuer_radar_schluessel":null,"eingangstuer_euro_schluessel":null,"eingangstuer_wendekreis":null,"eingangstuer_breite":null,"rampe":null,"rampe_steigung":null,"treppe_vorhanden":null,"treppe_antirutsch":null,"treppe_blindenschrift":null,"treppe_gelaender":null,"treppe_kontrast_visuell":null,"treppe_kontrast_taktil":null,"treppe_stufenanzahl":null,"treppe_stufenhoehe":null,"rollstuhllift":null,"eingangsbereich_beschreibung":null,"gebaeudeinneres_gangbreite":null,"gebaeudeinneres_induktionsschleifen":null,"gebaeudeinneres_fuehrungsrillen":null,"gebaeudeinneres_ruhig":null,"gebaeudeinneres_beleuchtet":null,"aufzug_vorhanden":null,"aufzug_tuerbreite":null,"aufzug_tiefe":null,"aufzug_breite":null,"wctuer_typ":null,"wctuer_glasmarkierung":null,"wctuer_klingel_taster":null,"wctuer_leichte_fuehrung":null,"wctuer_radar_schluessel":null,"wctuer_euro_schluessel":null,"wctuer_wendekreis":null,"wctuer_breite":null,"wctuer_bemerkung":null,"wc_badewanne":null,"wc_dusche":null,"wc_spiegel":null,"wc_gelaender":null,"wc_deckenlifter":null,"wc_standlifter":null,"wc_liege":null,"wc_spiegelhoehe":null,"wc_handtuchspenderhoehe":null,"wc_seifenspender_hoehe":null,"wc_waschbecken_oberkante":null,"wc_waschbecken_hoehe_unterfahrbar":null,"wc_waschbecken_tiefe_unterfahrbar":null,"wc_buegel_rechts":null,"wc_buegel_links":null,"wc_buegel_distanz":null,"wc_buegelhoehe":null,"wc_sitzhoehe":null,"wc_platz_davor":null,"wc_platz_rechts":null,"wc_platz_links":null,"wc_spuelknopf_hinten":null,"wc_spuelknopf_rechts":null,"wc_spuelknopf_links":null,"wc_spuelknopf_hoehe":null,"wc_position_notruf":null,"wc_hoehe_notruf":null,"wc_bermerkung":null,"foto":null}},{"type":"Feature","id":"wc_finder_opendata.40","geometry":{"type":"Point","coordinates":[693294.7281,5339006.3023]},"geometry_name":"shape","properties":{"name":"Öffentliche Toilette Behinderten","stadt":"München","plz":80805,"strasse":"Ungererstraße","hausnr":"130","etage":"EG","raumnummer":"1.1.6.016","oeffnungszeiten":"s. Friedhofsöffnungszeiten","kategorie":"divers/unisex und barrierefrei","preis":null,"wickeln":0,"standort_beschreibung":"Arkadengang nördl. Aussegnungshalle","zustand":"voll funktionsfähig","einschraenkungen":null,"mail":"nordfriedhof@muenchen.de","website":"https://www.muenchen.de/","telefon":"370039820","zustaendiges_referat":"Gesundheitsreferat","erzeugt_bearbeitet":"06.09.2023 / 06.09.2023","din_18040_1":null,"toilette_fuer_alle":1,"eignung_blindenhunde":1,"eingangstuer_typ":"Sonstige Tür ","eingangstuer_glasmarkierung":0,"eingangstuer_klingel_taster":0,"eingangstuer_leichte_fuehrung":1,"eingangstuer_radar_schluessel":0,"eingangstuer_euro_schluessel":0,"eingangstuer_wendekreis":"200","eingangstuer_breite":null,"rampe":"mobil","rampe_steigung":">10%","treppe_vorhanden":0,"treppe_antirutsch":0,"treppe_blindenschrift":0,"treppe_gelaender":0,"treppe_kontrast_visuell":0,"treppe_kontrast_taktil":0,"treppe_stufenanzahl":1,"treppe_stufenhoehe":18,"rollstuhllift":0,"eingangsbereich_beschreibung":"Schiebetür","gebaeudeinneres_gangbreite":"120","gebaeudeinneres_induktionsschleifen":0,"gebaeudeinneres_fuehrungsrillen":0,"gebaeudeinneres_ruhig":1,"gebaeudeinneres_beleuchtet":0,"aufzug_vorhanden":null,"aufzug_tuerbreite":null,"aufzug_tiefe":null,"aufzug_breite":null,"wctuer_typ":"Sonstige Tür ","wctuer_glasmarkierung":0,"wctuer_klingel_taster":0,"wctuer_leichte_fuehrung":1,"wctuer_radar_schluessel":0,"wctuer_euro_schluessel":0,"wctuer_wendekreis":"140","wctuer_breite":84,"wctuer_bemerkung":"Schiebetür","wc_badewanne":0,"wc_dusche":0,"wc_spiegel":1,"wc_gelaender":0,"wc_deckenlifter":1,"wc_standlifter":0,"wc_liege":0,"wc_spiegelhoehe":"100","wc_handtuchspenderhoehe":120,"wc_seifenspender_hoehe":95,"wc_waschbecken_oberkante":83,"wc_waschbecken_hoehe_unterfahrbar":"71","wc_waschbecken_tiefe_unterfahrbar":33,"wc_buegel_rechts":1,"wc_buegel_links":1,"wc_buegel_distanz":null,"wc_buegelhoehe":73,"wc_sitzhoehe":49,"wc_platz_davor":200,"wc_platz_rechts":"40","wc_platz_links":"37","wc_spuelknopf_hinten":1,"wc_spuelknopf_rechts":0,"wc_spuelknopf_links":0,"wc_spuelknopf_hoehe":100,"wc_position_notruf":"nicht vorhanden","wc_hoehe_notruf":null,"wc_bermerkung":null,"foto":null}},{"type":"Feature","id":"wc_finder_opendata.41","geometry":{"type":"Point","coordinates":[690050.2365,5330748.296]},"geometry_name":"shape","properties":{"name":"Toilettenanlage \"Tierparkparkplatz / Flaucher\"","stadt":"München","plz":81543,"strasse":null,"hausnr":null,"etage":null,"raumnummer":null,"oeffnungszeiten":"ganzjährig täglich 06:00 -02:00 Uhr","kategorie":"divers/unisex und barrierefrei","preis":0,"wickeln":0,"standort_beschreibung":"Bild: http://geoi.bau.muenchen.de/einrichtungen/wc/bild/POS126.JPG","zustand":"voll funktionsfähig","einschraenkungen":null,"mail":"service@hering-sanikonzept.de","website":"https://www.wc-fresh.com","telefon":"+49 2736 27-216","zustaendiges_referat":"BAU-G","erzeugt_bearbeitet":"28.03.2023 / 06.12.2023","din_18040_1":1,"toilette_fuer_alle":0,"eignung_blindenhunde":0,"eingangstuer_typ":null,"eingangstuer_glasmarkierung":0,"eingangstuer_klingel_taster":0,"eingangstuer_leichte_fuehrung":0,"eingangstuer_radar_schluessel":0,"eingangstuer_euro_schluessel":0,"eingangstuer_wendekreis":null,"eingangstuer_breite":null,"rampe":null,"rampe_steigung":null,"treppe_vorhanden":0,"treppe_antirutsch":0,"treppe_blindenschrift":0,"treppe_gelaender":0,"treppe_kontrast_visuell":0,"treppe_kontrast_taktil":0,"treppe_stufenanzahl":null,"treppe_stufenhoehe":null,"rollstuhllift":0,"eingangsbereich_beschreibung":null,"gebaeudeinneres_gangbreite":null,"gebaeudeinneres_induktionsschleifen":0,"gebaeudeinneres_fuehrungsrillen":0,"gebaeudeinneres_ruhig":0,"gebaeudeinneres_beleuchtet":0,"aufzug_vorhanden":0,"aufzug_tuerbreite":null,"aufzug_tiefe":null,"aufzug_breite":null,"wctuer_typ":null,"wctuer_glasmarkierung":0,"wctuer_klingel_taster":0,"wctuer_leichte_fuehrung":0,"wctuer_radar_schluessel":0,"wctuer_euro_schluessel":0,"wctuer_wendekreis":null,"wctuer_breite":null,"wctuer_bemerkung":null,"wc_badewanne":0,"wc_dusche":0,"wc_spiegel":0,"wc_gelaender":0,"wc_deckenlifter":0,"wc_standlifter":0,"wc_liege":0,"wc_spiegelhoehe":"mind. 100","wc_handtuchspenderhoehe":null,"wc_seifenspender_hoehe":null,"wc_waschbecken_oberkante":null,"wc_waschbecken_hoehe_unterfahrbar":null,"wc_waschbecken_tiefe_unterfahrbar":null,"wc_buegel_rechts":0,"wc_buegel_links":0,"wc_buegel_distanz":null,"wc_buegelhoehe":null,"wc_sitzhoehe":null,"wc_platz_davor":null,"wc_platz_rechts":"mind. 90","wc_platz_links":"mind. 90","wc_spuelknopf_hinten":0,"wc_spuelknopf_rechts":0,"wc_spuelknopf_links":null,"wc_spuelknopf_hoehe":null,"wc_position_notruf":"in der Nähe des WC-Beckens angebracht","wc_hoehe_notruf":null,"wc_bermerkung":null,"foto":null}},{"type":"Feature","id":"wc_finder_opendata.42","geometry":{"type":"Point","coordinates":[691373.9349,5333245.1546]},"geometry_name":"shape","properties":{"name":"Mobile Toilettenkabine \"westl. Eduard-Schmid-Str. 36\"","stadt":"München","plz":80469,"strasse":"westl. Eduard-Schmid-Str.","hausnr":"36","etage":null,"raumnummer":null,"oeffnungszeiten":null,"kategorie":"divers/unisex und barrierefrei","preis":null,"wickeln":0,"standort_beschreibung":"Bild: http://geoi.bau.muenchen.de/einrichtungen/wc/bild/POS113.JPG","zustand":"voll funktionsfähig","einschraenkungen":null,"mail":"wasserbau-bauwerksunterhalt.bau@muenchen.de","website":null,"telefon":null,"zustaendiges_referat":"BAU-J3","erzeugt_bearbeitet":"03.11.2023 / 03.11.2023","din_18040_1":0,"toilette_fuer_alle":0,"eignung_blindenhunde":0,"eingangstuer_typ":null,"eingangstuer_glasmarkierung":0,"eingangstuer_klingel_taster":0,"eingangstuer_leichte_fuehrung":0,"eingangstuer_radar_schluessel":0,"eingangstuer_euro_schluessel":0,"eingangstuer_wendekreis":null,"eingangstuer_breite":null,"rampe":null,"rampe_steigung":null,"treppe_vorhanden":0,"treppe_antirutsch":0,"treppe_blindenschrift":0,"treppe_gelaender":0,"treppe_kontrast_visuell":0,"treppe_kontrast_taktil":0,"treppe_stufenanzahl":null,"treppe_stufenhoehe":null,"rollstuhllift":0,"eingangsbereich_beschreibung":null,"gebaeudeinneres_gangbreite":null,"gebaeudeinneres_induktionsschleifen":0,"gebaeudeinneres_fuehrungsrillen":0,"gebaeudeinneres_ruhig":0,"gebaeudeinneres_beleuchtet":0,"aufzug_vorhanden":0,"aufzug_tuerbreite":null,"aufzug_tiefe":null,"aufzug_breite":null,"wctuer_typ":null,"wctuer_glasmarkierung":0,"wctuer_klingel_taster":0,"wctuer_leichte_fuehrung":0,"wctuer_radar_schluessel":0,"wctuer_euro_schluessel":0,"wctuer_wendekreis":null,"wctuer_breite":null,"wctuer_bemerkung":null,"wc_badewanne":0,"wc_dusche":0,"wc_spiegel":0,"wc_gelaender":0,"wc_deckenlifter":0,"wc_standlifter":0,"wc_liege":0,"wc_spiegelhoehe":null,"wc_handtuchspenderhoehe":null,"wc_seifenspender_hoehe":null,"wc_waschbecken_oberkante":null,"wc_waschbecken_hoehe_unterfahrbar":null,"wc_waschbecken_tiefe_unterfahrbar":null,"wc_buegel_rechts":0,"wc_buegel_links":0,"wc_buegel_distanz":null,"wc_buegelhoehe":null,"wc_sitzhoehe":null,"wc_platz_davor":null,"wc_platz_rechts":null,"wc_platz_links":null,"wc_spuelknopf_hinten":0,"wc_spuelknopf_rechts":0,"wc_spuelknopf_links":0,"wc_spuelknopf_hoehe":null,"wc_position_notruf":null,"wc_hoehe_notruf":null,"wc_bermerkung":null,"foto":null}},{"type":"Feature","id":"wc_finder_opendata.43","geometry":{"type":"Point","coordinates":[691367.7833,5333243.8979]},"geometry_name":"shape","properties":{"name":"Mobile Toilettenkabine \"westl. Eduard-Schmid-Str. 36\"","stadt":"München","plz":80469,"strasse":"westl. Eduard-Schmid-Str.","hausnr":"36","etage":null,"raumnummer":null,"oeffnungszeiten":null,"kategorie":"divers/unisex und barrierefrei","preis":null,"wickeln":0,"standort_beschreibung":"Bild: http://geoi.bau.muenchen.de/einrichtungen/wc/bild/POS113.JPG","zustand":"voll funktionsfähig","einschraenkungen":null,"mail":"wasserbau-bauwerksunterhalt.bau@muenchen.de","website":null,"telefon":null,"zustaendiges_referat":"BAU-J3","erzeugt_bearbeitet":"03.11.2023 / 03.11.2023","din_18040_1":0,"toilette_fuer_alle":0,"eignung_blindenhunde":0,"eingangstuer_typ":null,"eingangstuer_glasmarkierung":0,"eingangstuer_klingel_taster":0,"eingangstuer_leichte_fuehrung":0,"eingangstuer_radar_schluessel":0,"eingangstuer_euro_schluessel":0,"eingangstuer_wendekreis":null,"eingangstuer_breite":null,"rampe":null,"rampe_steigung":null,"treppe_vorhanden":0,"treppe_antirutsch":0,"treppe_blindenschrift":0,"treppe_gelaender":0,"treppe_kontrast_visuell":0,"treppe_kontrast_taktil":0,"treppe_stufenanzahl":null,"treppe_stufenhoehe":null,"rollstuhllift":0,"eingangsbereich_beschreibung":null,"gebaeudeinneres_gangbreite":null,"gebaeudeinneres_induktionsschleifen":0,"gebaeudeinneres_fuehrungsrillen":0,"gebaeudeinneres_ruhig":0,"gebaeudeinneres_beleuchtet":0,"aufzug_vorhanden":0,"aufzug_tuerbreite":null,"aufzug_tiefe":null,"aufzug_breite":null,"wctuer_typ":null,"wctuer_glasmarkierung":0,"wctuer_klingel_taster":0,"wctuer_leichte_fuehrung":0,"wctuer_radar_schluessel":0,"wctuer_euro_schluessel":0,"wctuer_wendekreis":null,"wctuer_breite":null,"wctuer_bemerkung":null,"wc_badewanne":0,"wc_dusche":0,"wc_spiegel":0,"wc_gelaender":0,"wc_deckenlifter":0,"wc_standlifter":0,"wc_liege":0,"wc_spiegelhoehe":null,"wc_handtuchspenderhoehe":null,"wc_seifenspender_hoehe":null,"wc_waschbecken_oberkante":null,"wc_waschbecken_hoehe_unterfahrbar":null,"wc_waschbecken_tiefe_unterfahrbar":null,"wc_buegel_rechts":0,"wc_buegel_links":0,"wc_buegel_distanz":null,"wc_buegelhoehe":null,"wc_sitzhoehe":null,"wc_platz_davor":null,"wc_platz_rechts":null,"wc_platz_links":null,"wc_spuelknopf_hinten":0,"wc_spuelknopf_rechts":0,"wc_spuelknopf_links":0,"wc_spuelknopf_hoehe":null,"wc_position_notruf":null,"wc_hoehe_notruf":null,"wc_bermerkung":null,"foto":null}},{"type":"Feature","id":"wc_finder_opendata.44","geometry":{"type":"Point","coordinates":[691370.0984,5333246.213]},"geometry_name":"shape","properties":{"name":"Mobile Toilettenkabine \"westl. Eduard-Schmid-Str. 36\"","stadt":"München","plz":80469,"strasse":"westl. Eduard-Schmid-Str.","hausnr":"36","etage":null,"raumnummer":null,"oeffnungszeiten":null,"kategorie":"divers/unisex und barrierefrei","preis":null,"wickeln":0,"standort_beschreibung":"Bild: http://geoi.bau.muenchen.de/einrichtungen/wc/bild/POS113.JPG","zustand":"voll funktionsfähig","einschraenkungen":null,"mail":"wasserbau-bauwerksunterhalt.bau@muenchen.de","website":null,"telefon":null,"zustaendiges_referat":"BAU-J3","erzeugt_bearbeitet":"03.11.2023 / 03.11.2023","din_18040_1":0,"toilette_fuer_alle":0,"eignung_blindenhunde":0,"eingangstuer_typ":null,"eingangstuer_glasmarkierung":0,"eingangstuer_klingel_taster":0,"eingangstuer_leichte_fuehrung":0,"eingangstuer_radar_schluessel":0,"eingangstuer_euro_schluessel":0,"eingangstuer_wendekreis":null,"eingangstuer_breite":null,"rampe":null,"rampe_steigung":null,"treppe_vorhanden":0,"treppe_antirutsch":0,"treppe_blindenschrift":0,"treppe_gelaender":0,"treppe_kontrast_visuell":0,"treppe_kontrast_taktil":0,"treppe_stufenanzahl":null,"treppe_stufenhoehe":null,"rollstuhllift":0,"eingangsbereich_beschreibung":null,"gebaeudeinneres_gangbreite":null,"gebaeudeinneres_induktionsschleifen":0,"gebaeudeinneres_fuehrungsrillen":0,"gebaeudeinneres_ruhig":0,"gebaeudeinneres_beleuchtet":0,"aufzug_vorhanden":0,"aufzug_tuerbreite":null,"aufzug_tiefe":null,"aufzug_breite":null,"wctuer_typ":null,"wctuer_glasmarkierung":0,"wctuer_klingel_taster":0,"wctuer_leichte_fuehrung":0,"wctuer_radar_schluessel":0,"wctuer_euro_schluessel":0,"wctuer_wendekreis":null,"wctuer_breite":null,"wctuer_bemerkung":null,"wc_badewanne":0,"wc_dusche":0,"wc_spiegel":0,"wc_gelaender":0,"wc_deckenlifter":0,"wc_standlifter":0,"wc_liege":0,"wc_spiegelhoehe":null,"wc_handtuchspenderhoehe":null,"wc_seifenspender_hoehe":null,"wc_waschbecken_oberkante":null,"wc_waschbecken_hoehe_unterfahrbar":null,"wc_waschbecken_tiefe_unterfahrbar":null,"wc_buegel_rechts":0,"wc_buegel_links":0,"wc_buegel_distanz":null,"wc_buegelhoehe":null,"wc_sitzhoehe":null,"wc_platz_davor":null,"wc_platz_rechts":null,"wc_platz_links":null,"wc_spuelknopf_hinten":0,"wc_spuelknopf_rechts":0,"wc_spuelknopf_links":0,"wc_spuelknopf_hoehe":null,"wc_position_notruf":null,"wc_hoehe_notruf":null,"wc_bermerkung":null,"foto":null}},{"type":"Feature","id":"wc_finder_opendata.45","geometry":{"type":"Point","coordinates":[689803.126,5329818.2135]},"geometry_name":"shape","properties":{"name":"Mobile Toilettenkabine \"nördl. Wasserwachtstation\"","stadt":"München","plz":81379,"strasse":"Marienklausenbrücke","hausnr":"3","etage":null,"raumnummer":null,"oeffnungszeiten":"nicht bei Hochwasser","kategorie":"divers/unisex","preis":null,"wickeln":0,"standort_beschreibung":"Bild: http://geoi.bau.muenchen.de/einrichtungen/wc/bild/pt_64_20220817.jpg","zustand":"voll funktionsfähig","einschraenkungen":null,"mail":"wasserbau-bauwerksunterhalt.bau@muenchen.de","website":null,"telefon":null,"zustaendiges_referat":"BAU-J3","erzeugt_bearbeitet":"28.03.2023 / 02.11.2023","din_18040_1":null,"toilette_fuer_alle":null,"eignung_blindenhunde":null,"eingangstuer_typ":null,"eingangstuer_glasmarkierung":null,"eingangstuer_klingel_taster":null,"eingangstuer_leichte_fuehrung":null,"eingangstuer_radar_schluessel":null,"eingangstuer_euro_schluessel":null,"eingangstuer_wendekreis":null,"eingangstuer_breite":null,"rampe":null,"rampe_steigung":null,"treppe_vorhanden":null,"treppe_antirutsch":null,"treppe_blindenschrift":null,"treppe_gelaender":null,"treppe_kontrast_visuell":null,"treppe_kontrast_taktil":null,"treppe_stufenanzahl":null,"treppe_stufenhoehe":null,"rollstuhllift":null,"eingangsbereich_beschreibung":null,"gebaeudeinneres_gangbreite":null,"gebaeudeinneres_induktionsschleifen":null,"gebaeudeinneres_fuehrungsrillen":null,"gebaeudeinneres_ruhig":null,"gebaeudeinneres_beleuchtet":null,"aufzug_vorhanden":null,"aufzug_tuerbreite":null,"aufzug_tiefe":null,"aufzug_breite":null,"wctuer_typ":null,"wctuer_glasmarkierung":null,"wctuer_klingel_taster":null,"wctuer_leichte_fuehrung":null,"wctuer_radar_schluessel":null,"wctuer_euro_schluessel":null,"wctuer_wendekreis":null,"wctuer_breite":null,"wctuer_bemerkung":null,"wc_badewanne":null,"wc_dusche":null,"wc_spiegel":null,"wc_gelaender":null,"wc_deckenlifter":null,"wc_standlifter":null,"wc_liege":null,"wc_spiegelhoehe":null,"wc_handtuchspenderhoehe":null,"wc_seifenspender_hoehe":null,"wc_waschbecken_oberkante":null,"wc_waschbecken_hoehe_unterfahrbar":null,"wc_waschbecken_tiefe_unterfahrbar":null,"wc_buegel_rechts":null,"wc_buegel_links":null,"wc_buegel_distanz":null,"wc_buegelhoehe":null,"wc_sitzhoehe":null,"wc_platz_davor":null,"wc_platz_rechts":null,"wc_platz_links":null,"wc_spuelknopf_hinten":null,"wc_spuelknopf_rechts":null,"wc_spuelknopf_links":null,"wc_spuelknopf_hoehe":null,"wc_position_notruf":null,"wc_hoehe_notruf":null,"wc_bermerkung":null,"foto":null}},{"type":"Feature","id":"wc_finder_opendata.46","geometry":{"type":"Point","coordinates":[689998.9566,5330839.6761]},"geometry_name":"shape","properties":{"name":"Mobile Toilettenkabine \"südl. Flauchersteg\"","stadt":"München","plz":81543,"strasse":null,"hausnr":null,"etage":null,"raumnummer":null,"oeffnungszeiten":"nicht bei Hochwasser","kategorie":"divers/unisex","preis":null,"wickeln":0,"standort_beschreibung":"Bild: http://geoi.bau.muenchen.de/einrichtungen/wc/bild/pt_76_20220817.jpg","zustand":"voll funktionsfähig","einschraenkungen":null,"mail":"wasserbau-bauwerksunterhalt.bau@muenchen.de","website":null,"telefon":null,"zustaendiges_referat":"BAU-J3","erzeugt_bearbeitet":"02.11.2023 / 02.11.2023","din_18040_1":null,"toilette_fuer_alle":null,"eignung_blindenhunde":null,"eingangstuer_typ":null,"eingangstuer_glasmarkierung":null,"eingangstuer_klingel_taster":null,"eingangstuer_leichte_fuehrung":null,"eingangstuer_radar_schluessel":null,"eingangstuer_euro_schluessel":null,"eingangstuer_wendekreis":null,"eingangstuer_breite":null,"rampe":null,"rampe_steigung":null,"treppe_vorhanden":null,"treppe_antirutsch":null,"treppe_blindenschrift":null,"treppe_gelaender":null,"treppe_kontrast_visuell":null,"treppe_kontrast_taktil":null,"treppe_stufenanzahl":null,"treppe_stufenhoehe":null,"rollstuhllift":null,"eingangsbereich_beschreibung":null,"gebaeudeinneres_gangbreite":null,"gebaeudeinneres_induktionsschleifen":null,"gebaeudeinneres_fuehrungsrillen":null,"gebaeudeinneres_ruhig":null,"gebaeudeinneres_beleuchtet":null,"aufzug_vorhanden":null,"aufzug_tuerbreite":null,"aufzug_tiefe":null,"aufzug_breite":null,"wctuer_typ":null,"wctuer_glasmarkierung":null,"wctuer_klingel_taster":null,"wctuer_leichte_fuehrung":null,"wctuer_radar_schluessel":null,"wctuer_euro_schluessel":null,"wctuer_wendekreis":null,"wctuer_breite":null,"wctuer_bemerkung":null,"wc_badewanne":null,"wc_dusche":null,"wc_spiegel":null,"wc_gelaender":null,"wc_deckenlifter":null,"wc_standlifter":null,"wc_liege":null,"wc_spiegelhoehe":null,"wc_handtuchspenderhoehe":null,"wc_seifenspender_hoehe":null,"wc_waschbecken_oberkante":null,"wc_waschbecken_hoehe_unterfahrbar":null,"wc_waschbecken_tiefe_unterfahrbar":null,"wc_buegel_rechts":null,"wc_buegel_links":null,"wc_buegel_distanz":null,"wc_buegelhoehe":null,"wc_sitzhoehe":null,"wc_platz_davor":null,"wc_platz_rechts":null,"wc_platz_links":null,"wc_spuelknopf_hinten":null,"wc_spuelknopf_rechts":null,"wc_spuelknopf_links":null,"wc_spuelknopf_hoehe":null,"wc_position_notruf":null,"wc_hoehe_notruf":null,"wc_bermerkung":null,"foto":null}},{"type":"Feature","id":"wc_finder_opendata.47","geometry":{"type":"Point","coordinates":[689999.7905,5330841.424]},"geometry_name":"shape","properties":{"name":"Mobile Toilettenkabine \"südl. Flauchersteg\"","stadt":"München","plz":81543,"strasse":null,"hausnr":null,"etage":null,"raumnummer":null,"oeffnungszeiten":"nicht bei Hochwasser","kategorie":"divers/unisex","preis":null,"wickeln":0,"standort_beschreibung":"Bild: http://geoi.bau.muenchen.de/einrichtungen/wc/bild/pt_76_20220817.jpg","zustand":"voll funktionsfähig","einschraenkungen":null,"mail":"wasserbau-bauwerksunterhalt.bau@muenchen.de","website":null,"telefon":null,"zustaendiges_referat":"BAU-J3","erzeugt_bearbeitet":"02.11.2023 / 02.11.2023","din_18040_1":null,"toilette_fuer_alle":null,"eignung_blindenhunde":null,"eingangstuer_typ":null,"eingangstuer_glasmarkierung":null,"eingangstuer_klingel_taster":null,"eingangstuer_leichte_fuehrung":null,"eingangstuer_radar_schluessel":null,"eingangstuer_euro_schluessel":null,"eingangstuer_wendekreis":null,"eingangstuer_breite":null,"rampe":null,"rampe_steigung":null,"treppe_vorhanden":null,"treppe_antirutsch":null,"treppe_blindenschrift":null,"treppe_gelaender":null,"treppe_kontrast_visuell":null,"treppe_kontrast_taktil":null,"treppe_stufenanzahl":null,"treppe_stufenhoehe":null,"rollstuhllift":null,"eingangsbereich_beschreibung":null,"gebaeudeinneres_gangbreite":null,"gebaeudeinneres_induktionsschleifen":null,"gebaeudeinneres_fuehrungsrillen":null,"gebaeudeinneres_ruhig":null,"gebaeudeinneres_beleuchtet":null,"aufzug_vorhanden":null,"aufzug_tuerbreite":null,"aufzug_tiefe":null,"aufzug_breite":null,"wctuer_typ":null,"wctuer_glasmarkierung":null,"wctuer_klingel_taster":null,"wctuer_leichte_fuehrung":null,"wctuer_radar_schluessel":null,"wctuer_euro_schluessel":null,"wctuer_wendekreis":null,"wctuer_breite":null,"wctuer_bemerkung":null,"wc_badewanne":null,"wc_dusche":null,"wc_spiegel":null,"wc_gelaender":null,"wc_deckenlifter":null,"wc_standlifter":null,"wc_liege":null,"wc_spiegelhoehe":null,"wc_handtuchspenderhoehe":null,"wc_seifenspender_hoehe":null,"wc_waschbecken_oberkante":null,"wc_waschbecken_hoehe_unterfahrbar":null,"wc_waschbecken_tiefe_unterfahrbar":null,"wc_buegel_rechts":null,"wc_buegel_links":null,"wc_buegel_distanz":null,"wc_buegelhoehe":null,"wc_sitzhoehe":null,"wc_platz_davor":null,"wc_platz_rechts":null,"wc_platz_links":null,"wc_spuelknopf_hinten":null,"wc_spuelknopf_rechts":null,"wc_spuelknopf_links":null,"wc_spuelknopf_hoehe":null,"wc_position_notruf":null,"wc_hoehe_notruf":null,"wc_bermerkung":null,"foto":null}},{"type":"Feature","id":"wc_finder_opendata.48","geometry":{"type":"Point","coordinates":[690001.232,5330838.5384]},"geometry_name":"shape","properties":{"name":"Mobile Toilettenkabine \"südl. Flauchersteg\"","stadt":"München","plz":81543,"strasse":null,"hausnr":null,"etage":null,"raumnummer":null,"oeffnungszeiten":"nicht bei Hochwasser","kategorie":"divers/unisex","preis":null,"wickeln":0,"standort_beschreibung":"Bild: http://geoi.bau.muenchen.de/einrichtungen/wc/bild/pt_76_20220817.jpg","zustand":"voll funktionsfähig","einschraenkungen":null,"mail":"wasserbau-bauwerksunterhalt.bau@muenchen.de","website":null,"telefon":null,"zustaendiges_referat":"BAU-J3","erzeugt_bearbeitet":"02.11.2023 / 02.11.2023","din_18040_1":null,"toilette_fuer_alle":null,"eignung_blindenhunde":null,"eingangstuer_typ":null,"eingangstuer_glasmarkierung":null,"eingangstuer_klingel_taster":null,"eingangstuer_leichte_fuehrung":null,"eingangstuer_radar_schluessel":null,"eingangstuer_euro_schluessel":null,"eingangstuer_wendekreis":null,"eingangstuer_breite":null,"rampe":null,"rampe_steigung":null,"treppe_vorhanden":null,"treppe_antirutsch":null,"treppe_blindenschrift":null,"treppe_gelaender":null,"treppe_kontrast_visuell":null,"treppe_kontrast_taktil":null,"treppe_stufenanzahl":null,"treppe_stufenhoehe":null,"rollstuhllift":null,"eingangsbereich_beschreibung":null,"gebaeudeinneres_gangbreite":null,"gebaeudeinneres_induktionsschleifen":null,"gebaeudeinneres_fuehrungsrillen":null,"gebaeudeinneres_ruhig":null,"gebaeudeinneres_beleuchtet":null,"aufzug_vorhanden":null,"aufzug_tuerbreite":null,"aufzug_tiefe":null,"aufzug_breite":null,"wctuer_typ":null,"wctuer_glasmarkierung":null,"wctuer_klingel_taster":null,"wctuer_leichte_fuehrung":null,"wctuer_radar_schluessel":null,"wctuer_euro_schluessel":null,"wctuer_wendekreis":null,"wctuer_breite":null,"wctuer_bemerkung":null,"wc_badewanne":null,"wc_dusche":null,"wc_spiegel":null,"wc_gelaender":null,"wc_deckenlifter":null,"wc_standlifter":null,"wc_liege":null,"wc_spiegelhoehe":null,"wc_handtuchspenderhoehe":null,"wc_seifenspender_hoehe":null,"wc_waschbecken_oberkante":null,"wc_waschbecken_hoehe_unterfahrbar":null,"wc_waschbecken_tiefe_unterfahrbar":null,"wc_buegel_rechts":null,"wc_buegel_links":null,"wc_buegel_distanz":null,"wc_buegelhoehe":null,"wc_sitzhoehe":null,"wc_platz_davor":null,"wc_platz_rechts":null,"wc_platz_links":null,"wc_spuelknopf_hinten":null,"wc_spuelknopf_rechts":null,"wc_spuelknopf_links":null,"wc_spuelknopf_hoehe":null,"wc_position_notruf":null,"wc_hoehe_notruf":null,"wc_bermerkung":null,"foto":null}},{"type":"Feature","id":"wc_finder_opendata.49","geometry":{"type":"Point","coordinates":[689161.5619,5328085.067]},"geometry_name":"shape","properties":{"name":"Mobile Toilettenkabine \"nördl. Großhesseloher Brücke\"","stadt":"München","plz":81479,"strasse":null,"hausnr":null,"etage":null,"raumnummer":null,"oeffnungszeiten":null,"kategorie":"divers/unisex","preis":null,"wickeln":0,"standort_beschreibung":"","zustand":"voll funktionsfähig","einschraenkungen":null,"mail":"wasserbau-bauwerksunterhalt.bau@muenchen.de","website":null,"telefon":null,"zustaendiges_referat":"BAU-J3","erzeugt_bearbeitet":"02.11.2023 / 02.11.2023","din_18040_1":null,"toilette_fuer_alle":null,"eignung_blindenhunde":null,"eingangstuer_typ":null,"eingangstuer_glasmarkierung":null,"eingangstuer_klingel_taster":null,"eingangstuer_leichte_fuehrung":null,"eingangstuer_radar_schluessel":null,"eingangstuer_euro_schluessel":null,"eingangstuer_wendekreis":null,"eingangstuer_breite":null,"rampe":null,"rampe_steigung":null,"treppe_vorhanden":null,"treppe_antirutsch":null,"treppe_blindenschrift":null,"treppe_gelaender":null,"treppe_kontrast_visuell":null,"treppe_kontrast_taktil":null,"treppe_stufenanzahl":null,"treppe_stufenhoehe":null,"rollstuhllift":null,"eingangsbereich_beschreibung":null,"gebaeudeinneres_gangbreite":null,"gebaeudeinneres_induktionsschleifen":null,"gebaeudeinneres_fuehrungsrillen":null,"gebaeudeinneres_ruhig":null,"gebaeudeinneres_beleuchtet":null,"aufzug_vorhanden":null,"aufzug_tuerbreite":null,"aufzug_tiefe":null,"aufzug_breite":null,"wctuer_typ":null,"wctuer_glasmarkierung":null,"wctuer_klingel_taster":null,"wctuer_leichte_fuehrung":null,"wctuer_radar_schluessel":null,"wctuer_euro_schluessel":null,"wctuer_wendekreis":null,"wctuer_breite":null,"wctuer_bemerkung":null,"wc_badewanne":null,"wc_dusche":null,"wc_spiegel":null,"wc_gelaender":null,"wc_deckenlifter":null,"wc_standlifter":null,"wc_liege":null,"wc_spiegelhoehe":null,"wc_handtuchspenderhoehe":null,"wc_seifenspender_hoehe":null,"wc_waschbecken_oberkante":null,"wc_waschbecken_hoehe_unterfahrbar":null,"wc_waschbecken_tiefe_unterfahrbar":null,"wc_buegel_rechts":null,"wc_buegel_links":null,"wc_buegel_distanz":null,"wc_buegelhoehe":null,"wc_sitzhoehe":null,"wc_platz_davor":null,"wc_platz_rechts":null,"wc_platz_links":null,"wc_spuelknopf_hinten":null,"wc_spuelknopf_rechts":null,"wc_spuelknopf_links":null,"wc_spuelknopf_hoehe":null,"wc_position_notruf":null,"wc_hoehe_notruf":null,"wc_bermerkung":null,"foto":null}},{"type":"Feature","id":"wc_finder_opendata.50","geometry":{"type":"Point","coordinates":[691159.5669,5333077.5925]},"geometry_name":"shape","properties":{"name":"Mobile Toilettenkabine \"nördl. Wittelsbacherbrücke\"","stadt":"München","plz":80469,"strasse":null,"hausnr":null,"etage":null,"raumnummer":null,"oeffnungszeiten":"nicht bei Hochwasser","kategorie":"divers/unisex","preis":null,"wickeln":0,"standort_beschreibung":"Bild: http://geoi.bau.muenchen.de/einrichtungen/wc/bild/pt_148_20220817.jpg","zustand":"voll funktionsfähig","einschraenkungen":null,"mail":"wasserbau-bauwerksunterhalt.bau@muenchen.de","website":null,"telefon":null,"zustaendiges_referat":"BAU-J3","erzeugt_bearbeitet":"02.11.2023 / 02.11.2023","din_18040_1":null,"toilette_fuer_alle":null,"eignung_blindenhunde":null,"eingangstuer_typ":null,"eingangstuer_glasmarkierung":null,"eingangstuer_klingel_taster":null,"eingangstuer_leichte_fuehrung":null,"eingangstuer_radar_schluessel":null,"eingangstuer_euro_schluessel":null,"eingangstuer_wendekreis":null,"eingangstuer_breite":null,"rampe":null,"rampe_steigung":null,"treppe_vorhanden":null,"treppe_antirutsch":null,"treppe_blindenschrift":null,"treppe_gelaender":null,"treppe_kontrast_visuell":null,"treppe_kontrast_taktil":null,"treppe_stufenanzahl":null,"treppe_stufenhoehe":null,"rollstuhllift":null,"eingangsbereich_beschreibung":null,"gebaeudeinneres_gangbreite":null,"gebaeudeinneres_induktionsschleifen":null,"gebaeudeinneres_fuehrungsrillen":null,"gebaeudeinneres_ruhig":null,"gebaeudeinneres_beleuchtet":null,"aufzug_vorhanden":null,"aufzug_tuerbreite":null,"aufzug_tiefe":null,"aufzug_breite":null,"wctuer_typ":null,"wctuer_glasmarkierung":null,"wctuer_klingel_taster":null,"wctuer_leichte_fuehrung":null,"wctuer_radar_schluessel":null,"wctuer_euro_schluessel":null,"wctuer_wendekreis":null,"wctuer_breite":null,"wctuer_bemerkung":null,"wc_badewanne":null,"wc_dusche":null,"wc_spiegel":null,"wc_gelaender":null,"wc_deckenlifter":null,"wc_standlifter":null,"wc_liege":null,"wc_spiegelhoehe":null,"wc_handtuchspenderhoehe":null,"wc_seifenspender_hoehe":null,"wc_waschbecken_oberkante":null,"wc_waschbecken_hoehe_unterfahrbar":null,"wc_waschbecken_tiefe_unterfahrbar":null,"wc_buegel_rechts":null,"wc_buegel_links":null,"wc_buegel_distanz":null,"wc_buegelhoehe":null,"wc_sitzhoehe":null,"wc_platz_davor":null,"wc_platz_rechts":null,"wc_platz_links":null,"wc_spuelknopf_hinten":null,"wc_spuelknopf_rechts":null,"wc_spuelknopf_links":null,"wc_spuelknopf_hoehe":null,"wc_position_notruf":null,"wc_hoehe_notruf":null,"wc_bermerkung":null,"foto":null}},{"type":"Feature","id":"wc_finder_opendata.51","geometry":{"type":"Point","coordinates":[689240.7915,5328439.067]},"geometry_name":"shape","properties":{"name":"Mobile Toilettenkabine \"südöstl. Conwentzbrücke\"","stadt":"München","plz":81479,"strasse":null,"hausnr":null,"etage":null,"raumnummer":null,"oeffnungszeiten":null,"kategorie":"divers/unisex","preis":null,"wickeln":0,"standort_beschreibung":"","zustand":"voll funktionsfähig","einschraenkungen":null,"mail":"wasserbau-bauwerksunterhalt.bau@muenchen.de","website":null,"telefon":null,"zustaendiges_referat":"BAU-J3","erzeugt_bearbeitet":"02.11.2023 / 02.11.2023","din_18040_1":null,"toilette_fuer_alle":null,"eignung_blindenhunde":null,"eingangstuer_typ":null,"eingangstuer_glasmarkierung":null,"eingangstuer_klingel_taster":null,"eingangstuer_leichte_fuehrung":null,"eingangstuer_radar_schluessel":null,"eingangstuer_euro_schluessel":null,"eingangstuer_wendekreis":null,"eingangstuer_breite":null,"rampe":null,"rampe_steigung":null,"treppe_vorhanden":null,"treppe_antirutsch":null,"treppe_blindenschrift":null,"treppe_gelaender":null,"treppe_kontrast_visuell":null,"treppe_kontrast_taktil":null,"treppe_stufenanzahl":null,"treppe_stufenhoehe":null,"rollstuhllift":null,"eingangsbereich_beschreibung":null,"gebaeudeinneres_gangbreite":null,"gebaeudeinneres_induktionsschleifen":null,"gebaeudeinneres_fuehrungsrillen":null,"gebaeudeinneres_ruhig":null,"gebaeudeinneres_beleuchtet":null,"aufzug_vorhanden":null,"aufzug_tuerbreite":null,"aufzug_tiefe":null,"aufzug_breite":null,"wctuer_typ":null,"wctuer_glasmarkierung":null,"wctuer_klingel_taster":null,"wctuer_leichte_fuehrung":null,"wctuer_radar_schluessel":null,"wctuer_euro_schluessel":null,"wctuer_wendekreis":null,"wctuer_breite":null,"wctuer_bemerkung":null,"wc_badewanne":null,"wc_dusche":null,"wc_spiegel":null,"wc_gelaender":null,"wc_deckenlifter":null,"wc_standlifter":null,"wc_liege":null,"wc_spiegelhoehe":null,"wc_handtuchspenderhoehe":null,"wc_seifenspender_hoehe":null,"wc_waschbecken_oberkante":null,"wc_waschbecken_hoehe_unterfahrbar":null,"wc_waschbecken_tiefe_unterfahrbar":null,"wc_buegel_rechts":null,"wc_buegel_links":null,"wc_buegel_distanz":null,"wc_buegelhoehe":null,"wc_sitzhoehe":null,"wc_platz_davor":null,"wc_platz_rechts":null,"wc_platz_links":null,"wc_spuelknopf_hinten":null,"wc_spuelknopf_rechts":null,"wc_spuelknopf_links":null,"wc_spuelknopf_hoehe":null,"wc_position_notruf":null,"wc_hoehe_notruf":null,"wc_bermerkung":null,"foto":null}},{"type":"Feature","id":"wc_finder_opendata.52","geometry":{"type":"Point","coordinates":[691689.3167,5333512.9388]},"geometry_name":"shape","properties":{"name":"Mobile Toilettenkabine \"südl. Reichenbachbrücke/ Boosstraße\"","stadt":"München","plz":80469,"strasse":null,"hausnr":null,"etage":null,"raumnummer":null,"oeffnungszeiten":"nicht bei Hochwasser","kategorie":"divers/unisex","preis":null,"wickeln":0,"standort_beschreibung":null,"zustand":"voll funktionsfähig","einschraenkungen":null,"mail":"wasserbau-bauwerksunterhalt.bau@muenchen.de","website":null,"telefon":null,"zustaendiges_referat":"BAU-J3","erzeugt_bearbeitet":"02.11.2023 / 02.11.2023","din_18040_1":null,"toilette_fuer_alle":null,"eignung_blindenhunde":null,"eingangstuer_typ":null,"eingangstuer_glasmarkierung":null,"eingangstuer_klingel_taster":null,"eingangstuer_leichte_fuehrung":null,"eingangstuer_radar_schluessel":null,"eingangstuer_euro_schluessel":null,"eingangstuer_wendekreis":null,"eingangstuer_breite":null,"rampe":null,"rampe_steigung":null,"treppe_vorhanden":null,"treppe_antirutsch":null,"treppe_blindenschrift":null,"treppe_gelaender":null,"treppe_kontrast_visuell":null,"treppe_kontrast_taktil":null,"treppe_stufenanzahl":null,"treppe_stufenhoehe":null,"rollstuhllift":null,"eingangsbereich_beschreibung":null,"gebaeudeinneres_gangbreite":null,"gebaeudeinneres_induktionsschleifen":null,"gebaeudeinneres_fuehrungsrillen":null,"gebaeudeinneres_ruhig":null,"gebaeudeinneres_beleuchtet":null,"aufzug_vorhanden":null,"aufzug_tuerbreite":null,"aufzug_tiefe":null,"aufzug_breite":null,"wctuer_typ":null,"wctuer_glasmarkierung":null,"wctuer_klingel_taster":null,"wctuer_leichte_fuehrung":null,"wctuer_radar_schluessel":null,"wctuer_euro_schluessel":null,"wctuer_wendekreis":null,"wctuer_breite":null,"wctuer_bemerkung":null,"wc_badewanne":null,"wc_dusche":null,"wc_spiegel":null,"wc_gelaender":null,"wc_deckenlifter":null,"wc_standlifter":null,"wc_liege":null,"wc_spiegelhoehe":null,"wc_handtuchspenderhoehe":null,"wc_seifenspender_hoehe":null,"wc_waschbecken_oberkante":null,"wc_waschbecken_hoehe_unterfahrbar":null,"wc_waschbecken_tiefe_unterfahrbar":null,"wc_buegel_rechts":null,"wc_buegel_links":null,"wc_buegel_distanz":null,"wc_buegelhoehe":null,"wc_sitzhoehe":null,"wc_platz_davor":null,"wc_platz_rechts":null,"wc_platz_links":null,"wc_spuelknopf_hinten":null,"wc_spuelknopf_rechts":null,"wc_spuelknopf_links":null,"wc_spuelknopf_hoehe":null,"wc_position_notruf":null,"wc_hoehe_notruf":null,"wc_bermerkung":null,"foto":null}},{"type":"Feature","id":"wc_finder_opendata.53","geometry":{"type":"Point","coordinates":[691158.6673,5333078.6773]},"geometry_name":"shape","properties":{"name":"Mobile Toilettenkabine \"nördl. Wittelsbacherbrücke\"","stadt":"München","plz":80469,"strasse":null,"hausnr":null,"etage":null,"raumnummer":null,"oeffnungszeiten":"nicht bei Hochwasser","kategorie":"divers/unisex","preis":null,"wickeln":0,"standort_beschreibung":"Bild: http://geoi.bau.muenchen.de/einrichtungen/wc/bild/pt_148_20220817.jpg","zustand":"voll funktionsfähig","einschraenkungen":null,"mail":"wasserbau-bauwerksunterhalt.bau@muenchen.de","website":null,"telefon":null,"zustaendiges_referat":"BAU-J3","erzeugt_bearbeitet":"02.11.2023 / 02.11.2023","din_18040_1":null,"toilette_fuer_alle":null,"eignung_blindenhunde":null,"eingangstuer_typ":null,"eingangstuer_glasmarkierung":null,"eingangstuer_klingel_taster":null,"eingangstuer_leichte_fuehrung":null,"eingangstuer_radar_schluessel":null,"eingangstuer_euro_schluessel":null,"eingangstuer_wendekreis":null,"eingangstuer_breite":null,"rampe":null,"rampe_steigung":null,"treppe_vorhanden":null,"treppe_antirutsch":null,"treppe_blindenschrift":null,"treppe_gelaender":null,"treppe_kontrast_visuell":null,"treppe_kontrast_taktil":null,"treppe_stufenanzahl":null,"treppe_stufenhoehe":null,"rollstuhllift":null,"eingangsbereich_beschreibung":null,"gebaeudeinneres_gangbreite":null,"gebaeudeinneres_induktionsschleifen":null,"gebaeudeinneres_fuehrungsrillen":null,"gebaeudeinneres_ruhig":null,"gebaeudeinneres_beleuchtet":null,"aufzug_vorhanden":null,"aufzug_tuerbreite":null,"aufzug_tiefe":null,"aufzug_breite":null,"wctuer_typ":null,"wctuer_glasmarkierung":null,"wctuer_klingel_taster":null,"wctuer_leichte_fuehrung":null,"wctuer_radar_schluessel":null,"wctuer_euro_schluessel":null,"wctuer_wendekreis":null,"wctuer_breite":null,"wctuer_bemerkung":null,"wc_badewanne":null,"wc_dusche":null,"wc_spiegel":null,"wc_gelaender":null,"wc_deckenlifter":null,"wc_standlifter":null,"wc_liege":null,"wc_spiegelhoehe":null,"wc_handtuchspenderhoehe":null,"wc_seifenspender_hoehe":null,"wc_waschbecken_oberkante":null,"wc_waschbecken_hoehe_unterfahrbar":null,"wc_waschbecken_tiefe_unterfahrbar":null,"wc_buegel_rechts":null,"wc_buegel_links":null,"wc_buegel_distanz":null,"wc_buegelhoehe":null,"wc_sitzhoehe":null,"wc_platz_davor":null,"wc_platz_rechts":null,"wc_platz_links":null,"wc_spuelknopf_hinten":null,"wc_spuelknopf_rechts":null,"wc_spuelknopf_links":null,"wc_spuelknopf_hoehe":null,"wc_position_notruf":null,"wc_hoehe_notruf":null,"wc_bermerkung":null,"foto":null}},{"type":"Feature","id":"wc_finder_opendata.54","geometry":{"type":"Point","coordinates":[692593.388,5334531.151]},"geometry_name":"shape","properties":{"name":"Mobile Toilettenkabine \"Praterinsel 6\"","stadt":"München","plz":80538,"strasse":"Praterinsel","hausnr":"6","etage":null,"raumnummer":null,"oeffnungszeiten":null,"kategorie":"divers/unisex","preis":null,"wickeln":0,"standort_beschreibung":"Bild: http://geoi.bau.muenchen.de/einrichtungen/wc/bild/POS119.JPG","zustand":"voll funktionsfähig","einschraenkungen":null,"mail":"wasserbau-bauwerksunterhalt.bau@muenchen.de","website":null,"telefon":null,"zustaendiges_referat":"BAU-J3","erzeugt_bearbeitet":"28.03.2023 / 02.11.2023","din_18040_1":null,"toilette_fuer_alle":null,"eignung_blindenhunde":null,"eingangstuer_typ":null,"eingangstuer_glasmarkierung":null,"eingangstuer_klingel_taster":null,"eingangstuer_leichte_fuehrung":null,"eingangstuer_radar_schluessel":null,"eingangstuer_euro_schluessel":null,"eingangstuer_wendekreis":null,"eingangstuer_breite":null,"rampe":null,"rampe_steigung":null,"treppe_vorhanden":null,"treppe_antirutsch":null,"treppe_blindenschrift":null,"treppe_gelaender":null,"treppe_kontrast_visuell":null,"treppe_kontrast_taktil":null,"treppe_stufenanzahl":null,"treppe_stufenhoehe":null,"rollstuhllift":null,"eingangsbereich_beschreibung":null,"gebaeudeinneres_gangbreite":null,"gebaeudeinneres_induktionsschleifen":null,"gebaeudeinneres_fuehrungsrillen":null,"gebaeudeinneres_ruhig":null,"gebaeudeinneres_beleuchtet":null,"aufzug_vorhanden":null,"aufzug_tuerbreite":null,"aufzug_tiefe":null,"aufzug_breite":null,"wctuer_typ":null,"wctuer_glasmarkierung":null,"wctuer_klingel_taster":null,"wctuer_leichte_fuehrung":null,"wctuer_radar_schluessel":null,"wctuer_euro_schluessel":null,"wctuer_wendekreis":null,"wctuer_breite":null,"wctuer_bemerkung":null,"wc_badewanne":null,"wc_dusche":null,"wc_spiegel":null,"wc_gelaender":null,"wc_deckenlifter":null,"wc_standlifter":null,"wc_liege":null,"wc_spiegelhoehe":null,"wc_handtuchspenderhoehe":null,"wc_seifenspender_hoehe":null,"wc_waschbecken_oberkante":null,"wc_waschbecken_hoehe_unterfahrbar":null,"wc_waschbecken_tiefe_unterfahrbar":null,"wc_buegel_rechts":null,"wc_buegel_links":null,"wc_buegel_distanz":null,"wc_buegelhoehe":null,"wc_sitzhoehe":null,"wc_platz_davor":null,"wc_platz_rechts":null,"wc_platz_links":null,"wc_spuelknopf_hinten":null,"wc_spuelknopf_rechts":null,"wc_spuelknopf_links":null,"wc_spuelknopf_hoehe":null,"wc_position_notruf":null,"wc_hoehe_notruf":null,"wc_bermerkung":null,"foto":null}},{"type":"Feature","id":"wc_finder_opendata.55","geometry":{"type":"Point","coordinates":[690011.6037,5331332.3577]},"geometry_name":"shape","properties":{"name":"Mobile Toilettenkabine \"nördl. Flauchersteg\"","stadt":"München","plz":81379,"strasse":null,"hausnr":null,"etage":null,"raumnummer":null,"oeffnungszeiten":null,"kategorie":"divers/unisex","preis":null,"wickeln":0,"standort_beschreibung":"Bild: http://geoi.bau.muenchen.de/einrichtungen/wc/bild/POS122.JPG","zustand":"voll funktionsfähig","einschraenkungen":null,"mail":"wasserbau-bauwerksunterhalt.bau@muenchen.de","website":null,"telefon":null,"zustaendiges_referat":"BAU-J3","erzeugt_bearbeitet":"02.11.2023 / 02.11.2023","din_18040_1":null,"toilette_fuer_alle":null,"eignung_blindenhunde":null,"eingangstuer_typ":null,"eingangstuer_glasmarkierung":null,"eingangstuer_klingel_taster":null,"eingangstuer_leichte_fuehrung":null,"eingangstuer_radar_schluessel":null,"eingangstuer_euro_schluessel":null,"eingangstuer_wendekreis":null,"eingangstuer_breite":null,"rampe":null,"rampe_steigung":null,"treppe_vorhanden":null,"treppe_antirutsch":null,"treppe_blindenschrift":null,"treppe_gelaender":null,"treppe_kontrast_visuell":null,"treppe_kontrast_taktil":null,"treppe_stufenanzahl":null,"treppe_stufenhoehe":null,"rollstuhllift":null,"eingangsbereich_beschreibung":null,"gebaeudeinneres_gangbreite":null,"gebaeudeinneres_induktionsschleifen":null,"gebaeudeinneres_fuehrungsrillen":null,"gebaeudeinneres_ruhig":null,"gebaeudeinneres_beleuchtet":null,"aufzug_vorhanden":null,"aufzug_tuerbreite":null,"aufzug_tiefe":null,"aufzug_breite":null,"wctuer_typ":null,"wctuer_glasmarkierung":null,"wctuer_klingel_taster":null,"wctuer_leichte_fuehrung":null,"wctuer_radar_schluessel":null,"wctuer_euro_schluessel":null,"wctuer_wendekreis":null,"wctuer_breite":null,"wctuer_bemerkung":null,"wc_badewanne":null,"wc_dusche":null,"wc_spiegel":null,"wc_gelaender":null,"wc_deckenlifter":null,"wc_standlifter":null,"wc_liege":null,"wc_spiegelhoehe":null,"wc_handtuchspenderhoehe":null,"wc_seifenspender_hoehe":null,"wc_waschbecken_oberkante":null,"wc_waschbecken_hoehe_unterfahrbar":null,"wc_waschbecken_tiefe_unterfahrbar":null,"wc_buegel_rechts":null,"wc_buegel_links":null,"wc_buegel_distanz":null,"wc_buegelhoehe":null,"wc_sitzhoehe":null,"wc_platz_davor":null,"wc_platz_rechts":null,"wc_platz_links":null,"wc_spuelknopf_hinten":null,"wc_spuelknopf_rechts":null,"wc_spuelknopf_links":null,"wc_spuelknopf_hoehe":null,"wc_position_notruf":null,"wc_hoehe_notruf":null,"wc_bermerkung":null,"foto":null}},{"type":"Feature","id":"wc_finder_opendata.56","geometry":{"type":"Point","coordinates":[691690.5735,5333514.9232]},"geometry_name":"shape","properties":{"name":"Mobile Toilettenkabine \"südl. Reichenbachbrücke/ Boosstraße\"","stadt":"München","plz":80469,"strasse":null,"hausnr":null,"etage":null,"raumnummer":null,"oeffnungszeiten":"nicht bei Hochwasser","kategorie":"divers/unisex","preis":null,"wickeln":0,"standort_beschreibung":null,"zustand":"voll funktionsfähig","einschraenkungen":null,"mail":"wasserbau-bauwerksunterhalt.bau@muenchen.de","website":null,"telefon":null,"zustaendiges_referat":"BAU-J3","erzeugt_bearbeitet":"02.11.2023 / 02.11.2023","din_18040_1":null,"toilette_fuer_alle":null,"eignung_blindenhunde":null,"eingangstuer_typ":null,"eingangstuer_glasmarkierung":null,"eingangstuer_klingel_taster":null,"eingangstuer_leichte_fuehrung":null,"eingangstuer_radar_schluessel":null,"eingangstuer_euro_schluessel":null,"eingangstuer_wendekreis":null,"eingangstuer_breite":null,"rampe":null,"rampe_steigung":null,"treppe_vorhanden":null,"treppe_antirutsch":null,"treppe_blindenschrift":null,"treppe_gelaender":null,"treppe_kontrast_visuell":null,"treppe_kontrast_taktil":null,"treppe_stufenanzahl":null,"treppe_stufenhoehe":null,"rollstuhllift":null,"eingangsbereich_beschreibung":null,"gebaeudeinneres_gangbreite":null,"gebaeudeinneres_induktionsschleifen":null,"gebaeudeinneres_fuehrungsrillen":null,"gebaeudeinneres_ruhig":null,"gebaeudeinneres_beleuchtet":null,"aufzug_vorhanden":null,"aufzug_tuerbreite":null,"aufzug_tiefe":null,"aufzug_breite":null,"wctuer_typ":null,"wctuer_glasmarkierung":null,"wctuer_klingel_taster":null,"wctuer_leichte_fuehrung":null,"wctuer_radar_schluessel":null,"wctuer_euro_schluessel":null,"wctuer_wendekreis":null,"wctuer_breite":null,"wctuer_bemerkung":null,"wc_badewanne":null,"wc_dusche":null,"wc_spiegel":null,"wc_gelaender":null,"wc_deckenlifter":null,"wc_standlifter":null,"wc_liege":null,"wc_spiegelhoehe":null,"wc_handtuchspenderhoehe":null,"wc_seifenspender_hoehe":null,"wc_waschbecken_oberkante":null,"wc_waschbecken_hoehe_unterfahrbar":null,"wc_waschbecken_tiefe_unterfahrbar":null,"wc_buegel_rechts":null,"wc_buegel_links":null,"wc_buegel_distanz":null,"wc_buegelhoehe":null,"wc_sitzhoehe":null,"wc_platz_davor":null,"wc_platz_rechts":null,"wc_platz_links":null,"wc_spuelknopf_hinten":null,"wc_spuelknopf_rechts":null,"wc_spuelknopf_links":null,"wc_spuelknopf_hoehe":null,"wc_position_notruf":null,"wc_hoehe_notruf":null,"wc_bermerkung":null,"foto":null}},{"type":"Feature","id":"wc_finder_opendata.57","geometry":{"type":"Point","coordinates":[689887.953,5330596.438]},"geometry_name":"shape","properties":{"name":"Mobile Toilettenkabine \"südl. Thalkirchner Brücke\"","stadt":"München","plz":81543,"strasse":null,"hausnr":null,"etage":null,"raumnummer":null,"oeffnungszeiten":"nicht bei Hochwasser","kategorie":"divers/unisex","preis":null,"wickeln":0,"standort_beschreibung":"","zustand":"voll funktionsfähig","einschraenkungen":null,"mail":"wasserbau-bauwerksunterhalt.bau@muenchen.de","website":null,"telefon":null,"zustaendiges_referat":"BAU-J3","erzeugt_bearbeitet":"28.03.2023 / 02.11.2023","din_18040_1":null,"toilette_fuer_alle":null,"eignung_blindenhunde":null,"eingangstuer_typ":null,"eingangstuer_glasmarkierung":null,"eingangstuer_klingel_taster":null,"eingangstuer_leichte_fuehrung":null,"eingangstuer_radar_schluessel":null,"eingangstuer_euro_schluessel":null,"eingangstuer_wendekreis":null,"eingangstuer_breite":null,"rampe":null,"rampe_steigung":null,"treppe_vorhanden":null,"treppe_antirutsch":null,"treppe_blindenschrift":null,"treppe_gelaender":null,"treppe_kontrast_visuell":null,"treppe_kontrast_taktil":null,"treppe_stufenanzahl":null,"treppe_stufenhoehe":null,"rollstuhllift":null,"eingangsbereich_beschreibung":null,"gebaeudeinneres_gangbreite":null,"gebaeudeinneres_induktionsschleifen":null,"gebaeudeinneres_fuehrungsrillen":null,"gebaeudeinneres_ruhig":null,"gebaeudeinneres_beleuchtet":null,"aufzug_vorhanden":null,"aufzug_tuerbreite":null,"aufzug_tiefe":null,"aufzug_breite":null,"wctuer_typ":null,"wctuer_glasmarkierung":null,"wctuer_klingel_taster":null,"wctuer_leichte_fuehrung":null,"wctuer_radar_schluessel":null,"wctuer_euro_schluessel":null,"wctuer_wendekreis":null,"wctuer_breite":null,"wctuer_bemerkung":null,"wc_badewanne":null,"wc_dusche":null,"wc_spiegel":null,"wc_gelaender":null,"wc_deckenlifter":null,"wc_standlifter":null,"wc_liege":null,"wc_spiegelhoehe":null,"wc_handtuchspenderhoehe":null,"wc_seifenspender_hoehe":null,"wc_waschbecken_oberkante":null,"wc_waschbecken_hoehe_unterfahrbar":null,"wc_waschbecken_tiefe_unterfahrbar":null,"wc_buegel_rechts":null,"wc_buegel_links":null,"wc_buegel_distanz":null,"wc_buegelhoehe":null,"wc_sitzhoehe":null,"wc_platz_davor":null,"wc_platz_rechts":null,"wc_platz_links":null,"wc_spuelknopf_hinten":null,"wc_spuelknopf_rechts":null,"wc_spuelknopf_links":null,"wc_spuelknopf_hoehe":null,"wc_position_notruf":null,"wc_hoehe_notruf":null,"wc_bermerkung":null,"foto":null}},{"type":"Feature","id":"wc_finder_opendata.58","geometry":{"type":"Point","coordinates":[689241.4455,5328440.328]},"geometry_name":"shape","properties":{"name":"Mobile Toilettenkabine \"südöstl. Conwentzbrücke\"","stadt":"München","plz":81479,"strasse":null,"hausnr":null,"etage":null,"raumnummer":null,"oeffnungszeiten":null,"kategorie":"divers/unisex","preis":null,"wickeln":0,"standort_beschreibung":"","zustand":"voll funktionsfähig","einschraenkungen":null,"mail":"wasserbau-bauwerksunterhalt.bau@muenchen.de","website":null,"telefon":null,"zustaendiges_referat":"BAU-J3","erzeugt_bearbeitet":"28.03.2023 / 02.11.2023","din_18040_1":null,"toilette_fuer_alle":null,"eignung_blindenhunde":null,"eingangstuer_typ":null,"eingangstuer_glasmarkierung":null,"eingangstuer_klingel_taster":null,"eingangstuer_leichte_fuehrung":null,"eingangstuer_radar_schluessel":null,"eingangstuer_euro_schluessel":null,"eingangstuer_wendekreis":null,"eingangstuer_breite":null,"rampe":null,"rampe_steigung":null,"treppe_vorhanden":null,"treppe_antirutsch":null,"treppe_blindenschrift":null,"treppe_gelaender":null,"treppe_kontrast_visuell":null,"treppe_kontrast_taktil":null,"treppe_stufenanzahl":null,"treppe_stufenhoehe":null,"rollstuhllift":null,"eingangsbereich_beschreibung":null,"gebaeudeinneres_gangbreite":null,"gebaeudeinneres_induktionsschleifen":null,"gebaeudeinneres_fuehrungsrillen":null,"gebaeudeinneres_ruhig":null,"gebaeudeinneres_beleuchtet":null,"aufzug_vorhanden":null,"aufzug_tuerbreite":null,"aufzug_tiefe":null,"aufzug_breite":null,"wctuer_typ":null,"wctuer_glasmarkierung":null,"wctuer_klingel_taster":null,"wctuer_leichte_fuehrung":null,"wctuer_radar_schluessel":null,"wctuer_euro_schluessel":null,"wctuer_wendekreis":null,"wctuer_breite":null,"wctuer_bemerkung":null,"wc_badewanne":null,"wc_dusche":null,"wc_spiegel":null,"wc_gelaender":null,"wc_deckenlifter":null,"wc_standlifter":null,"wc_liege":null,"wc_spiegelhoehe":null,"wc_handtuchspenderhoehe":null,"wc_seifenspender_hoehe":null,"wc_waschbecken_oberkante":null,"wc_waschbecken_hoehe_unterfahrbar":null,"wc_waschbecken_tiefe_unterfahrbar":null,"wc_buegel_rechts":null,"wc_buegel_links":null,"wc_buegel_distanz":null,"wc_buegelhoehe":null,"wc_sitzhoehe":null,"wc_platz_davor":null,"wc_platz_rechts":null,"wc_platz_links":null,"wc_spuelknopf_hinten":null,"wc_spuelknopf_rechts":null,"wc_spuelknopf_links":null,"wc_spuelknopf_hoehe":null,"wc_position_notruf":null,"wc_hoehe_notruf":null,"wc_bermerkung":null,"foto":null}},{"type":"Feature","id":"wc_finder_opendata.59","geometry":{"type":"Point","coordinates":[690618.0015,5331949.5255]},"geometry_name":"shape","properties":{"name":"Mobile Toilettenkabine \"südl. Brudermühlbrücke\"","stadt":"München","plz":81379,"strasse":null,"hausnr":null,"etage":null,"raumnummer":null,"oeffnungszeiten":"nicht bei Hochwasser","kategorie":"divers/unisex","preis":null,"wickeln":0,"standort_beschreibung":"Bild: http://geoi.bau.muenchen.de/einrichtungen/wc/bild/pt_111_20220817.jpg","zustand":"voll funktionsfähig","einschraenkungen":null,"mail":"wasserbau-bauwerksunterhalt.bau@muenchen.de","website":null,"telefon":null,"zustaendiges_referat":"BAU-J3","erzeugt_bearbeitet":"28.03.2023 / 02.11.2023","din_18040_1":null,"toilette_fuer_alle":null,"eignung_blindenhunde":null,"eingangstuer_typ":null,"eingangstuer_glasmarkierung":null,"eingangstuer_klingel_taster":null,"eingangstuer_leichte_fuehrung":null,"eingangstuer_radar_schluessel":null,"eingangstuer_euro_schluessel":null,"eingangstuer_wendekreis":null,"eingangstuer_breite":null,"rampe":null,"rampe_steigung":null,"treppe_vorhanden":null,"treppe_antirutsch":null,"treppe_blindenschrift":null,"treppe_gelaender":null,"treppe_kontrast_visuell":null,"treppe_kontrast_taktil":null,"treppe_stufenanzahl":null,"treppe_stufenhoehe":null,"rollstuhllift":null,"eingangsbereich_beschreibung":null,"gebaeudeinneres_gangbreite":null,"gebaeudeinneres_induktionsschleifen":null,"gebaeudeinneres_fuehrungsrillen":null,"gebaeudeinneres_ruhig":null,"gebaeudeinneres_beleuchtet":null,"aufzug_vorhanden":null,"aufzug_tuerbreite":null,"aufzug_tiefe":null,"aufzug_breite":null,"wctuer_typ":null,"wctuer_glasmarkierung":null,"wctuer_klingel_taster":null,"wctuer_leichte_fuehrung":null,"wctuer_radar_schluessel":null,"wctuer_euro_schluessel":null,"wctuer_wendekreis":null,"wctuer_breite":null,"wctuer_bemerkung":null,"wc_badewanne":null,"wc_dusche":null,"wc_spiegel":null,"wc_gelaender":null,"wc_deckenlifter":null,"wc_standlifter":null,"wc_liege":null,"wc_spiegelhoehe":null,"wc_handtuchspenderhoehe":null,"wc_seifenspender_hoehe":null,"wc_waschbecken_oberkante":null,"wc_waschbecken_hoehe_unterfahrbar":null,"wc_waschbecken_tiefe_unterfahrbar":null,"wc_buegel_rechts":null,"wc_buegel_links":null,"wc_buegel_distanz":null,"wc_buegelhoehe":null,"wc_sitzhoehe":null,"wc_platz_davor":null,"wc_platz_rechts":null,"wc_platz_links":null,"wc_spuelknopf_hinten":null,"wc_spuelknopf_rechts":null,"wc_spuelknopf_links":null,"wc_spuelknopf_hoehe":null,"wc_position_notruf":null,"wc_hoehe_notruf":null,"wc_bermerkung":null,"foto":null}},{"type":"Feature","id":"wc_finder_opendata.60","geometry":{"type":"Point","coordinates":[691686.8032,5333517.4367]},"geometry_name":"shape","properties":{"name":"Mobile Toilettenkabine \"südl. Reichenbachbrücke/ Boosstraße\"","stadt":"München","plz":80469,"strasse":null,"hausnr":null,"etage":null,"raumnummer":null,"oeffnungszeiten":"nicht bei Hochwasser","kategorie":"divers/unisex","preis":null,"wickeln":0,"standort_beschreibung":null,"zustand":"voll funktionsfähig","einschraenkungen":null,"mail":"wasserbau-bauwerksunterhalt.bau@muenchen.de","website":null,"telefon":null,"zustaendiges_referat":"BAU-J3","erzeugt_bearbeitet":"02.11.2023 / 02.11.2023","din_18040_1":null,"toilette_fuer_alle":null,"eignung_blindenhunde":null,"eingangstuer_typ":null,"eingangstuer_glasmarkierung":null,"eingangstuer_klingel_taster":null,"eingangstuer_leichte_fuehrung":null,"eingangstuer_radar_schluessel":null,"eingangstuer_euro_schluessel":null,"eingangstuer_wendekreis":null,"eingangstuer_breite":null,"rampe":null,"rampe_steigung":null,"treppe_vorhanden":null,"treppe_antirutsch":null,"treppe_blindenschrift":null,"treppe_gelaender":null,"treppe_kontrast_visuell":null,"treppe_kontrast_taktil":null,"treppe_stufenanzahl":null,"treppe_stufenhoehe":null,"rollstuhllift":null,"eingangsbereich_beschreibung":null,"gebaeudeinneres_gangbreite":null,"gebaeudeinneres_induktionsschleifen":null,"gebaeudeinneres_fuehrungsrillen":null,"gebaeudeinneres_ruhig":null,"gebaeudeinneres_beleuchtet":null,"aufzug_vorhanden":null,"aufzug_tuerbreite":null,"aufzug_tiefe":null,"aufzug_breite":null,"wctuer_typ":null,"wctuer_glasmarkierung":null,"wctuer_klingel_taster":null,"wctuer_leichte_fuehrung":null,"wctuer_radar_schluessel":null,"wctuer_euro_schluessel":null,"wctuer_wendekreis":null,"wctuer_breite":null,"wctuer_bemerkung":null,"wc_badewanne":null,"wc_dusche":null,"wc_spiegel":null,"wc_gelaender":null,"wc_deckenlifter":null,"wc_standlifter":null,"wc_liege":null,"wc_spiegelhoehe":null,"wc_handtuchspenderhoehe":null,"wc_seifenspender_hoehe":null,"wc_waschbecken_oberkante":null,"wc_waschbecken_hoehe_unterfahrbar":null,"wc_waschbecken_tiefe_unterfahrbar":null,"wc_buegel_rechts":null,"wc_buegel_links":null,"wc_buegel_distanz":null,"wc_buegelhoehe":null,"wc_sitzhoehe":null,"wc_platz_davor":null,"wc_platz_rechts":null,"wc_platz_links":null,"wc_spuelknopf_hinten":null,"wc_spuelknopf_rechts":null,"wc_spuelknopf_links":null,"wc_spuelknopf_hoehe":null,"wc_position_notruf":null,"wc_hoehe_notruf":null,"wc_bermerkung":null,"foto":null}},{"type":"Feature","id":"wc_finder_opendata.61","geometry":{"type":"Point","coordinates":[691106.3375,5333011.1725]},"geometry_name":"shape","properties":{"name":"Mobile Toilettenkabine \"südl. Wittelsbacherbrücke, bei Bolzplatz\"","stadt":"München","plz":80469,"strasse":null,"hausnr":null,"etage":null,"raumnummer":null,"oeffnungszeiten":null,"kategorie":"divers/unisex","preis":null,"wickeln":0,"standort_beschreibung":"Bild: http://geoi.bau.muenchen.de/einrichtungen/wc/bild/pt_141_20220817.jpg","zustand":"voll funktionsfähig","einschraenkungen":null,"mail":"wasserbau-bauwerksunterhalt.bau@muenchen.de","website":null,"telefon":null,"zustaendiges_referat":"BAU-J3","erzeugt_bearbeitet":"28.03.2023 / 02.11.2023","din_18040_1":null,"toilette_fuer_alle":null,"eignung_blindenhunde":null,"eingangstuer_typ":null,"eingangstuer_glasmarkierung":null,"eingangstuer_klingel_taster":null,"eingangstuer_leichte_fuehrung":null,"eingangstuer_radar_schluessel":null,"eingangstuer_euro_schluessel":null,"eingangstuer_wendekreis":null,"eingangstuer_breite":null,"rampe":null,"rampe_steigung":null,"treppe_vorhanden":null,"treppe_antirutsch":null,"treppe_blindenschrift":null,"treppe_gelaender":null,"treppe_kontrast_visuell":null,"treppe_kontrast_taktil":null,"treppe_stufenanzahl":null,"treppe_stufenhoehe":null,"rollstuhllift":null,"eingangsbereich_beschreibung":null,"gebaeudeinneres_gangbreite":null,"gebaeudeinneres_induktionsschleifen":null,"gebaeudeinneres_fuehrungsrillen":null,"gebaeudeinneres_ruhig":null,"gebaeudeinneres_beleuchtet":null,"aufzug_vorhanden":null,"aufzug_tuerbreite":null,"aufzug_tiefe":null,"aufzug_breite":null,"wctuer_typ":null,"wctuer_glasmarkierung":null,"wctuer_klingel_taster":null,"wctuer_leichte_fuehrung":null,"wctuer_radar_schluessel":null,"wctuer_euro_schluessel":null,"wctuer_wendekreis":null,"wctuer_breite":null,"wctuer_bemerkung":null,"wc_badewanne":null,"wc_dusche":null,"wc_spiegel":null,"wc_gelaender":null,"wc_deckenlifter":null,"wc_standlifter":null,"wc_liege":null,"wc_spiegelhoehe":null,"wc_handtuchspenderhoehe":null,"wc_seifenspender_hoehe":null,"wc_waschbecken_oberkante":null,"wc_waschbecken_hoehe_unterfahrbar":null,"wc_waschbecken_tiefe_unterfahrbar":null,"wc_buegel_rechts":null,"wc_buegel_links":null,"wc_buegel_distanz":null,"wc_buegelhoehe":null,"wc_sitzhoehe":null,"wc_platz_davor":null,"wc_platz_rechts":null,"wc_platz_links":null,"wc_spuelknopf_hinten":null,"wc_spuelknopf_rechts":null,"wc_spuelknopf_links":null,"wc_spuelknopf_hoehe":null,"wc_position_notruf":null,"wc_hoehe_notruf":null,"wc_bermerkung":null,"foto":null}},{"type":"Feature","id":"wc_finder_opendata.62","geometry":{"type":"Point","coordinates":[690637.0025,5331595.0975]},"geometry_name":"shape","properties":{"name":"Mobile Toilettenkabine \"Isarauen 10\"","stadt":"München","plz":81379,"strasse":"Isarauen","hausnr":"10","etage":null,"raumnummer":null,"oeffnungszeiten":"nicht bei Hochwasser","kategorie":"barrierefrei","preis":null,"wickeln":0,"standort_beschreibung":"Bild: http://geoi.bau.muenchen.de/einrichtungen/wc/bild/pt_100_20220817.jpg","zustand":"voll funktionsfähig","einschraenkungen":null,"mail":"wasserbau-bauwerksunterhalt.bau@muenchen.de","website":null,"telefon":null,"zustaendiges_referat":"BAU-J3","erzeugt_bearbeitet":"28.03.2023 / 02.11.2023","din_18040_1":0,"toilette_fuer_alle":0,"eignung_blindenhunde":0,"eingangstuer_typ":null,"eingangstuer_glasmarkierung":0,"eingangstuer_klingel_taster":0,"eingangstuer_leichte_fuehrung":0,"eingangstuer_radar_schluessel":0,"eingangstuer_euro_schluessel":0,"eingangstuer_wendekreis":null,"eingangstuer_breite":null,"rampe":null,"rampe_steigung":null,"treppe_vorhanden":0,"treppe_antirutsch":0,"treppe_blindenschrift":0,"treppe_gelaender":0,"treppe_kontrast_visuell":0,"treppe_kontrast_taktil":0,"treppe_stufenanzahl":null,"treppe_stufenhoehe":null,"rollstuhllift":0,"eingangsbereich_beschreibung":null,"gebaeudeinneres_gangbreite":null,"gebaeudeinneres_induktionsschleifen":0,"gebaeudeinneres_fuehrungsrillen":0,"gebaeudeinneres_ruhig":0,"gebaeudeinneres_beleuchtet":0,"aufzug_vorhanden":0,"aufzug_tuerbreite":null,"aufzug_tiefe":null,"aufzug_breite":null,"wctuer_typ":null,"wctuer_glasmarkierung":0,"wctuer_klingel_taster":0,"wctuer_leichte_fuehrung":0,"wctuer_radar_schluessel":0,"wctuer_euro_schluessel":0,"wctuer_wendekreis":null,"wctuer_breite":null,"wctuer_bemerkung":null,"wc_badewanne":0,"wc_dusche":0,"wc_spiegel":0,"wc_gelaender":0,"wc_deckenlifter":0,"wc_standlifter":0,"wc_liege":0,"wc_spiegelhoehe":null,"wc_handtuchspenderhoehe":null,"wc_seifenspender_hoehe":null,"wc_waschbecken_oberkante":null,"wc_waschbecken_hoehe_unterfahrbar":null,"wc_waschbecken_tiefe_unterfahrbar":null,"wc_buegel_rechts":0,"wc_buegel_links":0,"wc_buegel_distanz":null,"wc_buegelhoehe":null,"wc_sitzhoehe":null,"wc_platz_davor":null,"wc_platz_rechts":null,"wc_platz_links":null,"wc_spuelknopf_hinten":0,"wc_spuelknopf_rechts":0,"wc_spuelknopf_links":0,"wc_spuelknopf_hoehe":null,"wc_position_notruf":null,"wc_hoehe_notruf":null,"wc_bermerkung":null,"foto":null}},{"type":"Feature","id":"wc_finder_opendata.63","geometry":{"type":"Point","coordinates":[689999.7905,5330841.424]},"geometry_name":"shape","properties":{"name":"Mobile Toilettenkabine \"südl. Flauchersteg\"","stadt":"München","plz":81543,"strasse":null,"hausnr":null,"etage":null,"raumnummer":null,"oeffnungszeiten":"nicht bei Hochwasser","kategorie":"divers/unisex","preis":null,"wickeln":0,"standort_beschreibung":"Bild: http://geoi.bau.muenchen.de/einrichtungen/wc/bild/pt_76_20220817.jpg","zustand":"voll funktionsfähig","einschraenkungen":null,"mail":"wasserbau-bauwerksunterhalt.bau@muenchen.de","website":null,"telefon":null,"zustaendiges_referat":"BAU-J3","erzeugt_bearbeitet":"28.03.2023 / 02.11.2023","din_18040_1":null,"toilette_fuer_alle":null,"eignung_blindenhunde":null,"eingangstuer_typ":null,"eingangstuer_glasmarkierung":null,"eingangstuer_klingel_taster":null,"eingangstuer_leichte_fuehrung":null,"eingangstuer_radar_schluessel":null,"eingangstuer_euro_schluessel":null,"eingangstuer_wendekreis":null,"eingangstuer_breite":null,"rampe":null,"rampe_steigung":null,"treppe_vorhanden":null,"treppe_antirutsch":null,"treppe_blindenschrift":null,"treppe_gelaender":null,"treppe_kontrast_visuell":null,"treppe_kontrast_taktil":null,"treppe_stufenanzahl":null,"treppe_stufenhoehe":null,"rollstuhllift":null,"eingangsbereich_beschreibung":null,"gebaeudeinneres_gangbreite":null,"gebaeudeinneres_induktionsschleifen":null,"gebaeudeinneres_fuehrungsrillen":null,"gebaeudeinneres_ruhig":null,"gebaeudeinneres_beleuchtet":null,"aufzug_vorhanden":null,"aufzug_tuerbreite":null,"aufzug_tiefe":null,"aufzug_breite":null,"wctuer_typ":null,"wctuer_glasmarkierung":null,"wctuer_klingel_taster":null,"wctuer_leichte_fuehrung":null,"wctuer_radar_schluessel":null,"wctuer_euro_schluessel":null,"wctuer_wendekreis":null,"wctuer_breite":null,"wctuer_bemerkung":null,"wc_badewanne":null,"wc_dusche":null,"wc_spiegel":null,"wc_gelaender":null,"wc_deckenlifter":null,"wc_standlifter":null,"wc_liege":null,"wc_spiegelhoehe":null,"wc_handtuchspenderhoehe":null,"wc_seifenspender_hoehe":null,"wc_waschbecken_oberkante":null,"wc_waschbecken_hoehe_unterfahrbar":null,"wc_waschbecken_tiefe_unterfahrbar":null,"wc_buegel_rechts":null,"wc_buegel_links":null,"wc_buegel_distanz":null,"wc_buegelhoehe":null,"wc_sitzhoehe":null,"wc_platz_davor":null,"wc_platz_rechts":null,"wc_platz_links":null,"wc_spuelknopf_hinten":null,"wc_spuelknopf_rechts":null,"wc_spuelknopf_links":null,"wc_spuelknopf_hoehe":null,"wc_position_notruf":null,"wc_hoehe_notruf":null,"wc_bermerkung":null,"foto":null}},{"type":"Feature","id":"wc_finder_opendata.64","geometry":{"type":"Point","coordinates":[691687.4646,5333514.2617]},"geometry_name":"shape","properties":{"name":"Mobile Toilettenkabine \"südl. Reichenbachbrücke/ Boosstraße\"","stadt":"München","plz":80469,"strasse":null,"hausnr":null,"etage":null,"raumnummer":null,"oeffnungszeiten":"nicht bei Hochwasser","kategorie":"divers/unisex","preis":null,"wickeln":0,"standort_beschreibung":null,"zustand":"voll funktionsfähig","einschraenkungen":null,"mail":"wasserbau-bauwerksunterhalt.bau@muenchen.de","website":null,"telefon":null,"zustaendiges_referat":"BAU-J3","erzeugt_bearbeitet":"02.11.2023 / 02.11.2023","din_18040_1":null,"toilette_fuer_alle":null,"eignung_blindenhunde":null,"eingangstuer_typ":null,"eingangstuer_glasmarkierung":null,"eingangstuer_klingel_taster":null,"eingangstuer_leichte_fuehrung":null,"eingangstuer_radar_schluessel":null,"eingangstuer_euro_schluessel":null,"eingangstuer_wendekreis":null,"eingangstuer_breite":null,"rampe":null,"rampe_steigung":null,"treppe_vorhanden":null,"treppe_antirutsch":null,"treppe_blindenschrift":null,"treppe_gelaender":null,"treppe_kontrast_visuell":null,"treppe_kontrast_taktil":null,"treppe_stufenanzahl":null,"treppe_stufenhoehe":null,"rollstuhllift":null,"eingangsbereich_beschreibung":null,"gebaeudeinneres_gangbreite":null,"gebaeudeinneres_induktionsschleifen":null,"gebaeudeinneres_fuehrungsrillen":null,"gebaeudeinneres_ruhig":null,"gebaeudeinneres_beleuchtet":null,"aufzug_vorhanden":null,"aufzug_tuerbreite":null,"aufzug_tiefe":null,"aufzug_breite":null,"wctuer_typ":null,"wctuer_glasmarkierung":null,"wctuer_klingel_taster":null,"wctuer_leichte_fuehrung":null,"wctuer_radar_schluessel":null,"wctuer_euro_schluessel":null,"wctuer_wendekreis":null,"wctuer_breite":null,"wctuer_bemerkung":null,"wc_badewanne":null,"wc_dusche":null,"wc_spiegel":null,"wc_gelaender":null,"wc_deckenlifter":null,"wc_standlifter":null,"wc_liege":null,"wc_spiegelhoehe":null,"wc_handtuchspenderhoehe":null,"wc_seifenspender_hoehe":null,"wc_waschbecken_oberkante":null,"wc_waschbecken_hoehe_unterfahrbar":null,"wc_waschbecken_tiefe_unterfahrbar":null,"wc_buegel_rechts":null,"wc_buegel_links":null,"wc_buegel_distanz":null,"wc_buegelhoehe":null,"wc_sitzhoehe":null,"wc_platz_davor":null,"wc_platz_rechts":null,"wc_platz_links":null,"wc_spuelknopf_hinten":null,"wc_spuelknopf_rechts":null,"wc_spuelknopf_links":null,"wc_spuelknopf_hoehe":null,"wc_position_notruf":null,"wc_hoehe_notruf":null,"wc_bermerkung":null,"foto":null}},{"type":"Feature","id":"wc_finder_opendata.65","geometry":{"type":"Point","coordinates":[691690.9704,5333511.8143]},"geometry_name":"shape","properties":{"name":"Mobile Toilettenkabine \"südl. Reichenbachbrücke/ Boosstraße\"","stadt":"München","plz":80469,"strasse":null,"hausnr":null,"etage":null,"raumnummer":null,"oeffnungszeiten":"nicht bei Hochwasser","kategorie":"divers/unisex","preis":null,"wickeln":0,"standort_beschreibung":null,"zustand":"voll funktionsfähig","einschraenkungen":null,"mail":"wasserbau-bauwerksunterhalt.bau@muenchen.de","website":null,"telefon":null,"zustaendiges_referat":"BAU-J3","erzeugt_bearbeitet":"02.11.2023 / 02.11.2023","din_18040_1":null,"toilette_fuer_alle":null,"eignung_blindenhunde":null,"eingangstuer_typ":null,"eingangstuer_glasmarkierung":null,"eingangstuer_klingel_taster":null,"eingangstuer_leichte_fuehrung":null,"eingangstuer_radar_schluessel":null,"eingangstuer_euro_schluessel":null,"eingangstuer_wendekreis":null,"eingangstuer_breite":null,"rampe":null,"rampe_steigung":null,"treppe_vorhanden":null,"treppe_antirutsch":null,"treppe_blindenschrift":null,"treppe_gelaender":null,"treppe_kontrast_visuell":null,"treppe_kontrast_taktil":null,"treppe_stufenanzahl":null,"treppe_stufenhoehe":null,"rollstuhllift":null,"eingangsbereich_beschreibung":null,"gebaeudeinneres_gangbreite":null,"gebaeudeinneres_induktionsschleifen":null,"gebaeudeinneres_fuehrungsrillen":null,"gebaeudeinneres_ruhig":null,"gebaeudeinneres_beleuchtet":null,"aufzug_vorhanden":null,"aufzug_tuerbreite":null,"aufzug_tiefe":null,"aufzug_breite":null,"wctuer_typ":null,"wctuer_glasmarkierung":null,"wctuer_klingel_taster":null,"wctuer_leichte_fuehrung":null,"wctuer_radar_schluessel":null,"wctuer_euro_schluessel":null,"wctuer_wendekreis":null,"wctuer_breite":null,"wctuer_bemerkung":null,"wc_badewanne":null,"wc_dusche":null,"wc_spiegel":null,"wc_gelaender":null,"wc_deckenlifter":null,"wc_standlifter":null,"wc_liege":null,"wc_spiegelhoehe":null,"wc_handtuchspenderhoehe":null,"wc_seifenspender_hoehe":null,"wc_waschbecken_oberkante":null,"wc_waschbecken_hoehe_unterfahrbar":null,"wc_waschbecken_tiefe_unterfahrbar":null,"wc_buegel_rechts":null,"wc_buegel_links":null,"wc_buegel_distanz":null,"wc_buegelhoehe":null,"wc_sitzhoehe":null,"wc_platz_davor":null,"wc_platz_rechts":null,"wc_platz_links":null,"wc_spuelknopf_hinten":null,"wc_spuelknopf_rechts":null,"wc_spuelknopf_links":null,"wc_spuelknopf_hoehe":null,"wc_position_notruf":null,"wc_hoehe_notruf":null,"wc_bermerkung":null,"foto":null}},{"type":"Feature","id":"wc_finder_opendata.66","geometry":{"type":"Point","coordinates":[690706.234,5332568.954]},"geometry_name":"shape","properties":{"name":"Mobile Toilettenkabine \"süd. Braunauer Eisenbahnbrücke\"","stadt":"München","plz":81543,"strasse":"Teutoburger Str.","hausnr":"11","etage":null,"raumnummer":null,"oeffnungszeiten":"nicht bei Hochwasser","kategorie":"divers/unisex","preis":null,"wickeln":0,"standort_beschreibung":"Bild: http://geoi.bau.muenchen.de/einrichtungen/wc/bild/pt_128_20220817.jpg","zustand":"voll funktionsfähig","einschraenkungen":null,"mail":"wasserbau-bauwerksunterhalt.bau@muenchen.de","website":null,"telefon":null,"zustaendiges_referat":"BAU-J3","erzeugt_bearbeitet":"28.03.2023 / 02.11.2023","din_18040_1":null,"toilette_fuer_alle":null,"eignung_blindenhunde":null,"eingangstuer_typ":null,"eingangstuer_glasmarkierung":null,"eingangstuer_klingel_taster":null,"eingangstuer_leichte_fuehrung":null,"eingangstuer_radar_schluessel":null,"eingangstuer_euro_schluessel":null,"eingangstuer_wendekreis":null,"eingangstuer_breite":null,"rampe":null,"rampe_steigung":null,"treppe_vorhanden":null,"treppe_antirutsch":null,"treppe_blindenschrift":null,"treppe_gelaender":null,"treppe_kontrast_visuell":null,"treppe_kontrast_taktil":null,"treppe_stufenanzahl":null,"treppe_stufenhoehe":null,"rollstuhllift":null,"eingangsbereich_beschreibung":null,"gebaeudeinneres_gangbreite":null,"gebaeudeinneres_induktionsschleifen":null,"gebaeudeinneres_fuehrungsrillen":null,"gebaeudeinneres_ruhig":null,"gebaeudeinneres_beleuchtet":null,"aufzug_vorhanden":null,"aufzug_tuerbreite":null,"aufzug_tiefe":null,"aufzug_breite":null,"wctuer_typ":null,"wctuer_glasmarkierung":null,"wctuer_klingel_taster":null,"wctuer_leichte_fuehrung":null,"wctuer_radar_schluessel":null,"wctuer_euro_schluessel":null,"wctuer_wendekreis":null,"wctuer_breite":null,"wctuer_bemerkung":null,"wc_badewanne":null,"wc_dusche":null,"wc_spiegel":null,"wc_gelaender":null,"wc_deckenlifter":null,"wc_standlifter":null,"wc_liege":null,"wc_spiegelhoehe":null,"wc_handtuchspenderhoehe":null,"wc_seifenspender_hoehe":null,"wc_waschbecken_oberkante":null,"wc_waschbecken_hoehe_unterfahrbar":null,"wc_waschbecken_tiefe_unterfahrbar":null,"wc_buegel_rechts":null,"wc_buegel_links":null,"wc_buegel_distanz":null,"wc_buegelhoehe":null,"wc_sitzhoehe":null,"wc_platz_davor":null,"wc_platz_rechts":null,"wc_platz_links":null,"wc_spuelknopf_hinten":null,"wc_spuelknopf_rechts":null,"wc_spuelknopf_links":null,"wc_spuelknopf_hoehe":null,"wc_position_notruf":null,"wc_hoehe_notruf":null,"wc_bermerkung":null,"foto":null}},{"type":"Feature","id":"wc_finder_opendata.67","geometry":{"type":"Point","coordinates":[691688.7214,5333516.2461]},"geometry_name":"shape","properties":{"name":"Mobile Toilettenkabine \"südl. Reichenbachbrücke/ Boosstraße\"","stadt":"München","plz":80469,"strasse":null,"hausnr":null,"etage":null,"raumnummer":null,"oeffnungszeiten":"nicht bei Hochwasser","kategorie":"divers/unisex","preis":null,"wickeln":0,"standort_beschreibung":null,"zustand":"voll funktionsfähig","einschraenkungen":null,"mail":"wasserbau-bauwerksunterhalt.bau@muenchen.de","website":null,"telefon":null,"zustaendiges_referat":"BAU-J3","erzeugt_bearbeitet":"02.11.2023 / 02.11.2023","din_18040_1":null,"toilette_fuer_alle":null,"eignung_blindenhunde":null,"eingangstuer_typ":null,"eingangstuer_glasmarkierung":null,"eingangstuer_klingel_taster":null,"eingangstuer_leichte_fuehrung":null,"eingangstuer_radar_schluessel":null,"eingangstuer_euro_schluessel":null,"eingangstuer_wendekreis":null,"eingangstuer_breite":null,"rampe":null,"rampe_steigung":null,"treppe_vorhanden":null,"treppe_antirutsch":null,"treppe_blindenschrift":null,"treppe_gelaender":null,"treppe_kontrast_visuell":null,"treppe_kontrast_taktil":null,"treppe_stufenanzahl":null,"treppe_stufenhoehe":null,"rollstuhllift":null,"eingangsbereich_beschreibung":null,"gebaeudeinneres_gangbreite":null,"gebaeudeinneres_induktionsschleifen":null,"gebaeudeinneres_fuehrungsrillen":null,"gebaeudeinneres_ruhig":null,"gebaeudeinneres_beleuchtet":null,"aufzug_vorhanden":null,"aufzug_tuerbreite":null,"aufzug_tiefe":null,"aufzug_breite":null,"wctuer_typ":null,"wctuer_glasmarkierung":null,"wctuer_klingel_taster":null,"wctuer_leichte_fuehrung":null,"wctuer_radar_schluessel":null,"wctuer_euro_schluessel":null,"wctuer_wendekreis":null,"wctuer_breite":null,"wctuer_bemerkung":null,"wc_badewanne":null,"wc_dusche":null,"wc_spiegel":null,"wc_gelaender":null,"wc_deckenlifter":null,"wc_standlifter":null,"wc_liege":null,"wc_spiegelhoehe":null,"wc_handtuchspenderhoehe":null,"wc_seifenspender_hoehe":null,"wc_waschbecken_oberkante":null,"wc_waschbecken_hoehe_unterfahrbar":null,"wc_waschbecken_tiefe_unterfahrbar":null,"wc_buegel_rechts":null,"wc_buegel_links":null,"wc_buegel_distanz":null,"wc_buegelhoehe":null,"wc_sitzhoehe":null,"wc_platz_davor":null,"wc_platz_rechts":null,"wc_platz_links":null,"wc_spuelknopf_hinten":null,"wc_spuelknopf_rechts":null,"wc_spuelknopf_links":null,"wc_spuelknopf_hoehe":null,"wc_position_notruf":null,"wc_hoehe_notruf":null,"wc_bermerkung":null,"foto":null}},{"type":"Feature","id":"wc_finder_opendata.68","geometry":{"type":"Point","coordinates":[691692.2801,5333513.9839]},"geometry_name":"shape","properties":{"name":"Mobile Toilettenkabine \"südl. Reichenbachbrücke/ Boosstraße\"","stadt":"München","plz":80469,"strasse":null,"hausnr":null,"etage":null,"raumnummer":null,"oeffnungszeiten":"nicht bei Hochwasser","kategorie":"divers/unisex","preis":null,"wickeln":0,"standort_beschreibung":null,"zustand":"voll funktionsfähig","einschraenkungen":null,"mail":"wasserbau-bauwerksunterhalt.bau@muenchen.de","website":null,"telefon":null,"zustaendiges_referat":"BAU-J3","erzeugt_bearbeitet":"02.11.2023 / 02.11.2023","din_18040_1":null,"toilette_fuer_alle":null,"eignung_blindenhunde":null,"eingangstuer_typ":null,"eingangstuer_glasmarkierung":null,"eingangstuer_klingel_taster":null,"eingangstuer_leichte_fuehrung":null,"eingangstuer_radar_schluessel":null,"eingangstuer_euro_schluessel":null,"eingangstuer_wendekreis":null,"eingangstuer_breite":null,"rampe":null,"rampe_steigung":null,"treppe_vorhanden":null,"treppe_antirutsch":null,"treppe_blindenschrift":null,"treppe_gelaender":null,"treppe_kontrast_visuell":null,"treppe_kontrast_taktil":null,"treppe_stufenanzahl":null,"treppe_stufenhoehe":null,"rollstuhllift":null,"eingangsbereich_beschreibung":null,"gebaeudeinneres_gangbreite":null,"gebaeudeinneres_induktionsschleifen":null,"gebaeudeinneres_fuehrungsrillen":null,"gebaeudeinneres_ruhig":null,"gebaeudeinneres_beleuchtet":null,"aufzug_vorhanden":null,"aufzug_tuerbreite":null,"aufzug_tiefe":null,"aufzug_breite":null,"wctuer_typ":null,"wctuer_glasmarkierung":null,"wctuer_klingel_taster":null,"wctuer_leichte_fuehrung":null,"wctuer_radar_schluessel":null,"wctuer_euro_schluessel":null,"wctuer_wendekreis":null,"wctuer_breite":null,"wctuer_bemerkung":null,"wc_badewanne":null,"wc_dusche":null,"wc_spiegel":null,"wc_gelaender":null,"wc_deckenlifter":null,"wc_standlifter":null,"wc_liege":null,"wc_spiegelhoehe":null,"wc_handtuchspenderhoehe":null,"wc_seifenspender_hoehe":null,"wc_waschbecken_oberkante":null,"wc_waschbecken_hoehe_unterfahrbar":null,"wc_waschbecken_tiefe_unterfahrbar":null,"wc_buegel_rechts":null,"wc_buegel_links":null,"wc_buegel_distanz":null,"wc_buegelhoehe":null,"wc_sitzhoehe":null,"wc_platz_davor":null,"wc_platz_rechts":null,"wc_platz_links":null,"wc_spuelknopf_hinten":null,"wc_spuelknopf_rechts":null,"wc_spuelknopf_links":null,"wc_spuelknopf_hoehe":null,"wc_position_notruf":null,"wc_hoehe_notruf":null,"wc_bermerkung":null,"foto":null}},{"type":"Feature","id":"wc_finder_opendata.69","geometry":{"type":"Point","coordinates":[692617,5334343.7235]},"geometry_name":"shape","properties":{"name":"Mobile Toilettenkabine \"Zellstraße, Muffatwerk\"","stadt":"München","plz":81667,"strasse":null,"hausnr":null,"etage":null,"raumnummer":null,"oeffnungszeiten":null,"kategorie":"divers/unisex","preis":null,"wickeln":0,"standort_beschreibung":"Bild: http://geoi.bau.muenchen.de/einrichtungen/wc/bild/POS120.JPG","zustand":"voll funktionsfähig","einschraenkungen":null,"mail":"wasserbau-bauwerksunterhalt.bau@muenchen.de","website":null,"telefon":null,"zustaendiges_referat":"BAU-J3","erzeugt_bearbeitet":"28.03.2023 / 02.11.2023","din_18040_1":null,"toilette_fuer_alle":null,"eignung_blindenhunde":null,"eingangstuer_typ":null,"eingangstuer_glasmarkierung":null,"eingangstuer_klingel_taster":null,"eingangstuer_leichte_fuehrung":null,"eingangstuer_radar_schluessel":null,"eingangstuer_euro_schluessel":null,"eingangstuer_wendekreis":null,"eingangstuer_breite":null,"rampe":null,"rampe_steigung":null,"treppe_vorhanden":null,"treppe_antirutsch":null,"treppe_blindenschrift":null,"treppe_gelaender":null,"treppe_kontrast_visuell":null,"treppe_kontrast_taktil":null,"treppe_stufenanzahl":null,"treppe_stufenhoehe":null,"rollstuhllift":null,"eingangsbereich_beschreibung":null,"gebaeudeinneres_gangbreite":null,"gebaeudeinneres_induktionsschleifen":null,"gebaeudeinneres_fuehrungsrillen":null,"gebaeudeinneres_ruhig":null,"gebaeudeinneres_beleuchtet":null,"aufzug_vorhanden":null,"aufzug_tuerbreite":null,"aufzug_tiefe":null,"aufzug_breite":null,"wctuer_typ":null,"wctuer_glasmarkierung":null,"wctuer_klingel_taster":null,"wctuer_leichte_fuehrung":null,"wctuer_radar_schluessel":null,"wctuer_euro_schluessel":null,"wctuer_wendekreis":null,"wctuer_breite":null,"wctuer_bemerkung":null,"wc_badewanne":null,"wc_dusche":null,"wc_spiegel":null,"wc_gelaender":null,"wc_deckenlifter":null,"wc_standlifter":null,"wc_liege":null,"wc_spiegelhoehe":null,"wc_handtuchspenderhoehe":null,"wc_seifenspender_hoehe":null,"wc_waschbecken_oberkante":null,"wc_waschbecken_hoehe_unterfahrbar":null,"wc_waschbecken_tiefe_unterfahrbar":null,"wc_buegel_rechts":null,"wc_buegel_links":null,"wc_buegel_distanz":null,"wc_buegelhoehe":null,"wc_sitzhoehe":null,"wc_platz_davor":null,"wc_platz_rechts":null,"wc_platz_links":null,"wc_spuelknopf_hinten":null,"wc_spuelknopf_rechts":null,"wc_spuelknopf_links":null,"wc_spuelknopf_hoehe":null,"wc_position_notruf":null,"wc_hoehe_notruf":null,"wc_bermerkung":null,"foto":null}},{"type":"Feature","id":"wc_finder_opendata.70","geometry":{"type":"Point","coordinates":[690471.2225,5331652.696]},"geometry_name":"shape","properties":{"name":"Mobile Toilettenkabine \"nördl. Flaucher\"","stadt":"München","plz":81379,"strasse":null,"hausnr":null,"etage":null,"raumnummer":null,"oeffnungszeiten":null,"kategorie":"divers/unisex","preis":null,"wickeln":0,"standort_beschreibung":"Bild: http://geoi.bau.muenchen.de/einrichtungen/wc/bild/POS117.JPG","zustand":"voll funktionsfähig","einschraenkungen":null,"mail":"wasserbau-bauwerksunterhalt.bau@muenchen.de","website":null,"telefon":null,"zustaendiges_referat":"BAU-J3","erzeugt_bearbeitet":"28.03.2023 / 02.11.2023","din_18040_1":null,"toilette_fuer_alle":null,"eignung_blindenhunde":null,"eingangstuer_typ":null,"eingangstuer_glasmarkierung":null,"eingangstuer_klingel_taster":null,"eingangstuer_leichte_fuehrung":null,"eingangstuer_radar_schluessel":null,"eingangstuer_euro_schluessel":null,"eingangstuer_wendekreis":null,"eingangstuer_breite":null,"rampe":null,"rampe_steigung":null,"treppe_vorhanden":null,"treppe_antirutsch":null,"treppe_blindenschrift":null,"treppe_gelaender":null,"treppe_kontrast_visuell":null,"treppe_kontrast_taktil":null,"treppe_stufenanzahl":null,"treppe_stufenhoehe":null,"rollstuhllift":null,"eingangsbereich_beschreibung":null,"gebaeudeinneres_gangbreite":null,"gebaeudeinneres_induktionsschleifen":null,"gebaeudeinneres_fuehrungsrillen":null,"gebaeudeinneres_ruhig":null,"gebaeudeinneres_beleuchtet":null,"aufzug_vorhanden":null,"aufzug_tuerbreite":null,"aufzug_tiefe":null,"aufzug_breite":null,"wctuer_typ":null,"wctuer_glasmarkierung":null,"wctuer_klingel_taster":null,"wctuer_leichte_fuehrung":null,"wctuer_radar_schluessel":null,"wctuer_euro_schluessel":null,"wctuer_wendekreis":null,"wctuer_breite":null,"wctuer_bemerkung":null,"wc_badewanne":null,"wc_dusche":null,"wc_spiegel":null,"wc_gelaender":null,"wc_deckenlifter":null,"wc_standlifter":null,"wc_liege":null,"wc_spiegelhoehe":null,"wc_handtuchspenderhoehe":null,"wc_seifenspender_hoehe":null,"wc_waschbecken_oberkante":null,"wc_waschbecken_hoehe_unterfahrbar":null,"wc_waschbecken_tiefe_unterfahrbar":null,"wc_buegel_rechts":null,"wc_buegel_links":null,"wc_buegel_distanz":null,"wc_buegelhoehe":null,"wc_sitzhoehe":null,"wc_platz_davor":null,"wc_platz_rechts":null,"wc_platz_links":null,"wc_spuelknopf_hinten":null,"wc_spuelknopf_rechts":null,"wc_spuelknopf_links":null,"wc_spuelknopf_hoehe":null,"wc_position_notruf":null,"wc_hoehe_notruf":null,"wc_bermerkung":null,"foto":null}},{"type":"Feature","id":"wc_finder_opendata.71","geometry":{"type":"Point","coordinates":[691782.473,5333585.9455]},"geometry_name":"shape","properties":{"name":"Mobile Toilettenkabine \"südl. Reichenbachbrücke\"","stadt":"München","plz":80469,"strasse":null,"hausnr":null,"etage":null,"raumnummer":null,"oeffnungszeiten":"nicht bei Hochwasser","kategorie":"divers/unisex","preis":null,"wickeln":0,"standort_beschreibung":"Bild: http://geoi.bau.muenchen.de/einrichtungen/wc/bild/POS114.JPG","zustand":"voll funktionsfähig","einschraenkungen":null,"mail":"wasserbau-bauwerksunterhalt.bau@muenchen.de","website":null,"telefon":null,"zustaendiges_referat":"BAU-J3","erzeugt_bearbeitet":"28.03.2023 / 02.11.2023","din_18040_1":null,"toilette_fuer_alle":null,"eignung_blindenhunde":null,"eingangstuer_typ":null,"eingangstuer_glasmarkierung":null,"eingangstuer_klingel_taster":null,"eingangstuer_leichte_fuehrung":null,"eingangstuer_radar_schluessel":null,"eingangstuer_euro_schluessel":null,"eingangstuer_wendekreis":null,"eingangstuer_breite":null,"rampe":null,"rampe_steigung":null,"treppe_vorhanden":null,"treppe_antirutsch":null,"treppe_blindenschrift":null,"treppe_gelaender":null,"treppe_kontrast_visuell":null,"treppe_kontrast_taktil":null,"treppe_stufenanzahl":null,"treppe_stufenhoehe":null,"rollstuhllift":null,"eingangsbereich_beschreibung":null,"gebaeudeinneres_gangbreite":null,"gebaeudeinneres_induktionsschleifen":null,"gebaeudeinneres_fuehrungsrillen":null,"gebaeudeinneres_ruhig":null,"gebaeudeinneres_beleuchtet":null,"aufzug_vorhanden":null,"aufzug_tuerbreite":null,"aufzug_tiefe":null,"aufzug_breite":null,"wctuer_typ":null,"wctuer_glasmarkierung":null,"wctuer_klingel_taster":null,"wctuer_leichte_fuehrung":null,"wctuer_radar_schluessel":null,"wctuer_euro_schluessel":null,"wctuer_wendekreis":null,"wctuer_breite":null,"wctuer_bemerkung":null,"wc_badewanne":null,"wc_dusche":null,"wc_spiegel":null,"wc_gelaender":null,"wc_deckenlifter":null,"wc_standlifter":null,"wc_liege":null,"wc_spiegelhoehe":null,"wc_handtuchspenderhoehe":null,"wc_seifenspender_hoehe":null,"wc_waschbecken_oberkante":null,"wc_waschbecken_hoehe_unterfahrbar":null,"wc_waschbecken_tiefe_unterfahrbar":null,"wc_buegel_rechts":null,"wc_buegel_links":null,"wc_buegel_distanz":null,"wc_buegelhoehe":null,"wc_sitzhoehe":null,"wc_platz_davor":null,"wc_platz_rechts":null,"wc_platz_links":null,"wc_spuelknopf_hinten":null,"wc_spuelknopf_rechts":null,"wc_spuelknopf_links":null,"wc_spuelknopf_hoehe":null,"wc_position_notruf":null,"wc_hoehe_notruf":null,"wc_bermerkung":null,"foto":null}},{"type":"Feature","id":"wc_finder_opendata.72","geometry":{"type":"Point","coordinates":[691371.592,5333242.8765]},"geometry_name":"shape","properties":{"name":"Mobile Toilettenkabine \"westl. Eduard-Schmid-Str. 36\"","stadt":"München","plz":80469,"strasse":"westl. Eduard-Schmid-Str.","hausnr":"36","etage":null,"raumnummer":null,"oeffnungszeiten":null,"kategorie":"divers/unisex und barrierefrei","preis":null,"wickeln":0,"standort_beschreibung":"Bild: http://geoi.bau.muenchen.de/einrichtungen/wc/bild/POS113.JPG","zustand":"voll funktionsfähig","einschraenkungen":null,"mail":"wasserbau-bauwerksunterhalt.bau@muenchen.de","website":null,"telefon":null,"zustaendiges_referat":"BAU-J3","erzeugt_bearbeitet":"28.03.2023 / 02.11.2023","din_18040_1":0,"toilette_fuer_alle":0,"eignung_blindenhunde":0,"eingangstuer_typ":null,"eingangstuer_glasmarkierung":0,"eingangstuer_klingel_taster":0,"eingangstuer_leichte_fuehrung":0,"eingangstuer_radar_schluessel":0,"eingangstuer_euro_schluessel":0,"eingangstuer_wendekreis":null,"eingangstuer_breite":null,"rampe":null,"rampe_steigung":null,"treppe_vorhanden":0,"treppe_antirutsch":0,"treppe_blindenschrift":0,"treppe_gelaender":0,"treppe_kontrast_visuell":0,"treppe_kontrast_taktil":0,"treppe_stufenanzahl":null,"treppe_stufenhoehe":null,"rollstuhllift":0,"eingangsbereich_beschreibung":null,"gebaeudeinneres_gangbreite":null,"gebaeudeinneres_induktionsschleifen":0,"gebaeudeinneres_fuehrungsrillen":0,"gebaeudeinneres_ruhig":0,"gebaeudeinneres_beleuchtet":0,"aufzug_vorhanden":0,"aufzug_tuerbreite":null,"aufzug_tiefe":null,"aufzug_breite":null,"wctuer_typ":null,"wctuer_glasmarkierung":0,"wctuer_klingel_taster":0,"wctuer_leichte_fuehrung":0,"wctuer_radar_schluessel":0,"wctuer_euro_schluessel":0,"wctuer_wendekreis":null,"wctuer_breite":null,"wctuer_bemerkung":null,"wc_badewanne":0,"wc_dusche":0,"wc_spiegel":0,"wc_gelaender":0,"wc_deckenlifter":0,"wc_standlifter":0,"wc_liege":0,"wc_spiegelhoehe":null,"wc_handtuchspenderhoehe":null,"wc_seifenspender_hoehe":null,"wc_waschbecken_oberkante":null,"wc_waschbecken_hoehe_unterfahrbar":null,"wc_waschbecken_tiefe_unterfahrbar":null,"wc_buegel_rechts":0,"wc_buegel_links":0,"wc_buegel_distanz":null,"wc_buegelhoehe":null,"wc_sitzhoehe":null,"wc_platz_davor":null,"wc_platz_rechts":null,"wc_platz_links":null,"wc_spuelknopf_hinten":0,"wc_spuelknopf_rechts":0,"wc_spuelknopf_links":0,"wc_spuelknopf_hoehe":null,"wc_position_notruf":null,"wc_hoehe_notruf":null,"wc_bermerkung":null,"foto":null}},{"type":"Feature","id":"wc_finder_opendata.73","geometry":{"type":"Point","coordinates":[690010.562,5331332.871]},"geometry_name":"shape","properties":{"name":"Mobile Toilettenkabine \"nördl. Flauchersteg\"","stadt":"München","plz":81379,"strasse":null,"hausnr":null,"etage":null,"raumnummer":null,"oeffnungszeiten":null,"kategorie":"divers/unisex","preis":null,"wickeln":0,"standort_beschreibung":"Bild: http://geoi.bau.muenchen.de/einrichtungen/wc/bild/POS122.JPG","zustand":"voll funktionsfähig","einschraenkungen":null,"mail":"wasserbau-bauwerksunterhalt.bau@muenchen.de","website":null,"telefon":null,"zustaendiges_referat":"BAU-J3","erzeugt_bearbeitet":"28.03.2023 / 02.11.2023","din_18040_1":null,"toilette_fuer_alle":null,"eignung_blindenhunde":null,"eingangstuer_typ":null,"eingangstuer_glasmarkierung":null,"eingangstuer_klingel_taster":null,"eingangstuer_leichte_fuehrung":null,"eingangstuer_radar_schluessel":null,"eingangstuer_euro_schluessel":null,"eingangstuer_wendekreis":null,"eingangstuer_breite":null,"rampe":null,"rampe_steigung":null,"treppe_vorhanden":null,"treppe_antirutsch":null,"treppe_blindenschrift":null,"treppe_gelaender":null,"treppe_kontrast_visuell":null,"treppe_kontrast_taktil":null,"treppe_stufenanzahl":null,"treppe_stufenhoehe":null,"rollstuhllift":null,"eingangsbereich_beschreibung":null,"gebaeudeinneres_gangbreite":null,"gebaeudeinneres_induktionsschleifen":null,"gebaeudeinneres_fuehrungsrillen":null,"gebaeudeinneres_ruhig":null,"gebaeudeinneres_beleuchtet":null,"aufzug_vorhanden":null,"aufzug_tuerbreite":null,"aufzug_tiefe":null,"aufzug_breite":null,"wctuer_typ":null,"wctuer_glasmarkierung":null,"wctuer_klingel_taster":null,"wctuer_leichte_fuehrung":null,"wctuer_radar_schluessel":null,"wctuer_euro_schluessel":null,"wctuer_wendekreis":null,"wctuer_breite":null,"wctuer_bemerkung":null,"wc_badewanne":null,"wc_dusche":null,"wc_spiegel":null,"wc_gelaender":null,"wc_deckenlifter":null,"wc_standlifter":null,"wc_liege":null,"wc_spiegelhoehe":null,"wc_handtuchspenderhoehe":null,"wc_seifenspender_hoehe":null,"wc_waschbecken_oberkante":null,"wc_waschbecken_hoehe_unterfahrbar":null,"wc_waschbecken_tiefe_unterfahrbar":null,"wc_buegel_rechts":null,"wc_buegel_links":null,"wc_buegel_distanz":null,"wc_buegelhoehe":null,"wc_sitzhoehe":null,"wc_platz_davor":null,"wc_platz_rechts":null,"wc_platz_links":null,"wc_spuelknopf_hinten":null,"wc_spuelknopf_rechts":null,"wc_spuelknopf_links":null,"wc_spuelknopf_hoehe":null,"wc_position_notruf":null,"wc_hoehe_notruf":null,"wc_bermerkung":null,"foto":null}},{"type":"Feature","id":"wc_finder_opendata.74","geometry":{"type":"Point","coordinates":[691121.227,5333055.7675]},"geometry_name":"shape","properties":{"name":"Mobile Toilettenkabine \"südl. Wittelsbacherbrücke, bei Bolzplatz\"","stadt":"München","plz":80469,"strasse":null,"hausnr":null,"etage":null,"raumnummer":null,"oeffnungszeiten":"nicht bei Hochwasser","kategorie":"divers/unisex","preis":null,"wickeln":0,"standort_beschreibung":"Bild: http://geoi.bau.muenchen.de/einrichtungen/wc/bild/pt_145_20220817.jpg","zustand":"voll funktionsfähig","einschraenkungen":null,"mail":"wasserbau-bauwerksunterhalt.bau@muenchen.de","website":null,"telefon":null,"zustaendiges_referat":"BAU-J3","erzeugt_bearbeitet":"28.03.2023 / 02.11.2023","din_18040_1":null,"toilette_fuer_alle":null,"eignung_blindenhunde":null,"eingangstuer_typ":null,"eingangstuer_glasmarkierung":null,"eingangstuer_klingel_taster":null,"eingangstuer_leichte_fuehrung":null,"eingangstuer_radar_schluessel":null,"eingangstuer_euro_schluessel":null,"eingangstuer_wendekreis":null,"eingangstuer_breite":null,"rampe":null,"rampe_steigung":null,"treppe_vorhanden":null,"treppe_antirutsch":null,"treppe_blindenschrift":null,"treppe_gelaender":null,"treppe_kontrast_visuell":null,"treppe_kontrast_taktil":null,"treppe_stufenanzahl":null,"treppe_stufenhoehe":null,"rollstuhllift":null,"eingangsbereich_beschreibung":null,"gebaeudeinneres_gangbreite":null,"gebaeudeinneres_induktionsschleifen":null,"gebaeudeinneres_fuehrungsrillen":null,"gebaeudeinneres_ruhig":null,"gebaeudeinneres_beleuchtet":null,"aufzug_vorhanden":null,"aufzug_tuerbreite":null,"aufzug_tiefe":null,"aufzug_breite":null,"wctuer_typ":null,"wctuer_glasmarkierung":null,"wctuer_klingel_taster":null,"wctuer_leichte_fuehrung":null,"wctuer_radar_schluessel":null,"wctuer_euro_schluessel":null,"wctuer_wendekreis":null,"wctuer_breite":null,"wctuer_bemerkung":null,"wc_badewanne":null,"wc_dusche":null,"wc_spiegel":null,"wc_gelaender":null,"wc_deckenlifter":null,"wc_standlifter":null,"wc_liege":null,"wc_spiegelhoehe":null,"wc_handtuchspenderhoehe":null,"wc_seifenspender_hoehe":null,"wc_waschbecken_oberkante":null,"wc_waschbecken_hoehe_unterfahrbar":null,"wc_waschbecken_tiefe_unterfahrbar":null,"wc_buegel_rechts":null,"wc_buegel_links":null,"wc_buegel_distanz":null,"wc_buegelhoehe":null,"wc_sitzhoehe":null,"wc_platz_davor":null,"wc_platz_rechts":null,"wc_platz_links":null,"wc_spuelknopf_hinten":null,"wc_spuelknopf_rechts":null,"wc_spuelknopf_links":null,"wc_spuelknopf_hoehe":null,"wc_position_notruf":null,"wc_hoehe_notruf":null,"wc_bermerkung":null,"foto":null}},{"type":"Feature","id":"wc_finder_opendata.75","geometry":{"type":"Point","coordinates":[691685.6125,5333515.5185]},"geometry_name":"shape","properties":{"name":"Mobile Toilettenkabine \"südl. Reichenbachbrücke/ Boosstraße\"","stadt":"München","plz":80469,"strasse":null,"hausnr":null,"etage":null,"raumnummer":null,"oeffnungszeiten":"nicht bei Hochwasser","kategorie":"divers/unisex","preis":null,"wickeln":0,"standort_beschreibung":null,"zustand":"voll funktionsfähig","einschraenkungen":null,"mail":"wasserbau-bauwerksunterhalt.bau@muenchen.de","website":null,"telefon":null,"zustaendiges_referat":"BAU-J3","erzeugt_bearbeitet":"02.11.2023 / 02.11.2023","din_18040_1":null,"toilette_fuer_alle":null,"eignung_blindenhunde":null,"eingangstuer_typ":null,"eingangstuer_glasmarkierung":null,"eingangstuer_klingel_taster":null,"eingangstuer_leichte_fuehrung":null,"eingangstuer_radar_schluessel":null,"eingangstuer_euro_schluessel":null,"eingangstuer_wendekreis":null,"eingangstuer_breite":null,"rampe":null,"rampe_steigung":null,"treppe_vorhanden":null,"treppe_antirutsch":null,"treppe_blindenschrift":null,"treppe_gelaender":null,"treppe_kontrast_visuell":null,"treppe_kontrast_taktil":null,"treppe_stufenanzahl":null,"treppe_stufenhoehe":null,"rollstuhllift":null,"eingangsbereich_beschreibung":null,"gebaeudeinneres_gangbreite":null,"gebaeudeinneres_induktionsschleifen":null,"gebaeudeinneres_fuehrungsrillen":null,"gebaeudeinneres_ruhig":null,"gebaeudeinneres_beleuchtet":null,"aufzug_vorhanden":null,"aufzug_tuerbreite":null,"aufzug_tiefe":null,"aufzug_breite":null,"wctuer_typ":null,"wctuer_glasmarkierung":null,"wctuer_klingel_taster":null,"wctuer_leichte_fuehrung":null,"wctuer_radar_schluessel":null,"wctuer_euro_schluessel":null,"wctuer_wendekreis":null,"wctuer_breite":null,"wctuer_bemerkung":null,"wc_badewanne":null,"wc_dusche":null,"wc_spiegel":null,"wc_gelaender":null,"wc_deckenlifter":null,"wc_standlifter":null,"wc_liege":null,"wc_spiegelhoehe":null,"wc_handtuchspenderhoehe":null,"wc_seifenspender_hoehe":null,"wc_waschbecken_oberkante":null,"wc_waschbecken_hoehe_unterfahrbar":null,"wc_waschbecken_tiefe_unterfahrbar":null,"wc_buegel_rechts":null,"wc_buegel_links":null,"wc_buegel_distanz":null,"wc_buegelhoehe":null,"wc_sitzhoehe":null,"wc_platz_davor":null,"wc_platz_rechts":null,"wc_platz_links":null,"wc_spuelknopf_hinten":null,"wc_spuelknopf_rechts":null,"wc_spuelknopf_links":null,"wc_spuelknopf_hoehe":null,"wc_position_notruf":null,"wc_hoehe_notruf":null,"wc_bermerkung":null,"foto":null}},{"type":"Feature","id":"wc_finder_opendata.76","geometry":{"type":"Point","coordinates":[690483.7444,5331876.5792]},"geometry_name":"shape","properties":{"name":"Mobile Toilettenkabine Isarauen \"südlich Brudermühlbrücke\"","stadt":"München","plz":81379,"strasse":"südlich Brudermühlbrücke","hausnr":null,"etage":null,"raumnummer":null,"oeffnungszeiten":null,"kategorie":"divers/unisex","preis":null,"wickeln":0,"standort_beschreibung":"nicht bei Hochwasser. ","zustand":"voll funktionsfähig","einschraenkungen":null,"mail":"wasserbau-bauwerksunterhalt.bau@muenchen.de","website":null,"telefon":null,"zustaendiges_referat":"BAU-J3","erzeugt_bearbeitet":"28.03.2023 / 02.11.2023","din_18040_1":null,"toilette_fuer_alle":null,"eignung_blindenhunde":null,"eingangstuer_typ":null,"eingangstuer_glasmarkierung":null,"eingangstuer_klingel_taster":null,"eingangstuer_leichte_fuehrung":null,"eingangstuer_radar_schluessel":null,"eingangstuer_euro_schluessel":null,"eingangstuer_wendekreis":null,"eingangstuer_breite":null,"rampe":null,"rampe_steigung":null,"treppe_vorhanden":null,"treppe_antirutsch":null,"treppe_blindenschrift":null,"treppe_gelaender":null,"treppe_kontrast_visuell":null,"treppe_kontrast_taktil":null,"treppe_stufenanzahl":null,"treppe_stufenhoehe":null,"rollstuhllift":null,"eingangsbereich_beschreibung":null,"gebaeudeinneres_gangbreite":null,"gebaeudeinneres_induktionsschleifen":null,"gebaeudeinneres_fuehrungsrillen":null,"gebaeudeinneres_ruhig":null,"gebaeudeinneres_beleuchtet":null,"aufzug_vorhanden":null,"aufzug_tuerbreite":null,"aufzug_tiefe":null,"aufzug_breite":null,"wctuer_typ":null,"wctuer_glasmarkierung":null,"wctuer_klingel_taster":null,"wctuer_leichte_fuehrung":null,"wctuer_radar_schluessel":null,"wctuer_euro_schluessel":null,"wctuer_wendekreis":null,"wctuer_breite":null,"wctuer_bemerkung":null,"wc_badewanne":null,"wc_dusche":null,"wc_spiegel":null,"wc_gelaender":null,"wc_deckenlifter":null,"wc_standlifter":null,"wc_liege":null,"wc_spiegelhoehe":null,"wc_handtuchspenderhoehe":null,"wc_seifenspender_hoehe":null,"wc_waschbecken_oberkante":null,"wc_waschbecken_hoehe_unterfahrbar":null,"wc_waschbecken_tiefe_unterfahrbar":null,"wc_buegel_rechts":null,"wc_buegel_links":null,"wc_buegel_distanz":null,"wc_buegelhoehe":null,"wc_sitzhoehe":null,"wc_platz_davor":null,"wc_platz_rechts":null,"wc_platz_links":null,"wc_spuelknopf_hinten":null,"wc_spuelknopf_rechts":null,"wc_spuelknopf_links":null,"wc_spuelknopf_hoehe":null,"wc_position_notruf":null,"wc_hoehe_notruf":null,"wc_bermerkung":null,"foto":null}},{"type":"Feature","id":"wc_finder_opendata.77","geometry":{"type":"Point","coordinates":[691786.2222,5333587.8435]},"geometry_name":"shape","properties":{"name":"Öffentliche Toilettenkabine Isarauen \"südlich Reichenbachbrücke\"","stadt":"München","plz":80469,"strasse":"südlich Reichenbachbrücke","hausnr":null,"etage":null,"raumnummer":null,"oeffnungszeiten":"nicht bei Hochwasser","kategorie":"divers/unisex","preis":null,"wickeln":0,"standort_beschreibung":"nicht bei Hochwasser. ","zustand":"voll funktionsfähig","einschraenkungen":null,"mail":"wasserbau-bauwerksunterhalt.bau@muenchen.de","website":null,"telefon":null,"zustaendiges_referat":"BAU-J3","erzeugt_bearbeitet":"28.03.2023 / 02.11.2023","din_18040_1":null,"toilette_fuer_alle":null,"eignung_blindenhunde":null,"eingangstuer_typ":null,"eingangstuer_glasmarkierung":null,"eingangstuer_klingel_taster":null,"eingangstuer_leichte_fuehrung":null,"eingangstuer_radar_schluessel":null,"eingangstuer_euro_schluessel":null,"eingangstuer_wendekreis":null,"eingangstuer_breite":null,"rampe":null,"rampe_steigung":null,"treppe_vorhanden":null,"treppe_antirutsch":null,"treppe_blindenschrift":null,"treppe_gelaender":null,"treppe_kontrast_visuell":null,"treppe_kontrast_taktil":null,"treppe_stufenanzahl":null,"treppe_stufenhoehe":null,"rollstuhllift":null,"eingangsbereich_beschreibung":null,"gebaeudeinneres_gangbreite":null,"gebaeudeinneres_induktionsschleifen":null,"gebaeudeinneres_fuehrungsrillen":null,"gebaeudeinneres_ruhig":null,"gebaeudeinneres_beleuchtet":null,"aufzug_vorhanden":null,"aufzug_tuerbreite":null,"aufzug_tiefe":null,"aufzug_breite":null,"wctuer_typ":null,"wctuer_glasmarkierung":null,"wctuer_klingel_taster":null,"wctuer_leichte_fuehrung":null,"wctuer_radar_schluessel":null,"wctuer_euro_schluessel":null,"wctuer_wendekreis":null,"wctuer_breite":null,"wctuer_bemerkung":null,"wc_badewanne":null,"wc_dusche":null,"wc_spiegel":null,"wc_gelaender":null,"wc_deckenlifter":null,"wc_standlifter":null,"wc_liege":null,"wc_spiegelhoehe":null,"wc_handtuchspenderhoehe":null,"wc_seifenspender_hoehe":null,"wc_waschbecken_oberkante":null,"wc_waschbecken_hoehe_unterfahrbar":null,"wc_waschbecken_tiefe_unterfahrbar":null,"wc_buegel_rechts":null,"wc_buegel_links":null,"wc_buegel_distanz":null,"wc_buegelhoehe":null,"wc_sitzhoehe":null,"wc_platz_davor":null,"wc_platz_rechts":null,"wc_platz_links":null,"wc_spuelknopf_hinten":null,"wc_spuelknopf_rechts":null,"wc_spuelknopf_links":null,"wc_spuelknopf_hoehe":null,"wc_position_notruf":null,"wc_hoehe_notruf":null,"wc_bermerkung":null,"foto":null}},{"type":"Feature","id":"wc_finder_opendata.78","geometry":{"type":"Point","coordinates":[691158.5086,5333076.5077]},"geometry_name":"shape","properties":{"name":"Mobile Toilettenkabine \"nördl. Wittelsbacherbrücke\"","stadt":"München","plz":80469,"strasse":null,"hausnr":null,"etage":null,"raumnummer":null,"oeffnungszeiten":"nicht bei Hochwasser","kategorie":"divers/unisex","preis":null,"wickeln":0,"standort_beschreibung":"Bild: http://geoi.bau.muenchen.de/einrichtungen/wc/bild/pt_148_20220817.jpg","zustand":"voll funktionsfähig","einschraenkungen":null,"mail":"wasserbau-bauwerksunterhalt.bau@muenchen.de","website":null,"telefon":null,"zustaendiges_referat":"BAU-J3","erzeugt_bearbeitet":"02.11.2023 / 02.11.2023","din_18040_1":null,"toilette_fuer_alle":null,"eignung_blindenhunde":null,"eingangstuer_typ":null,"eingangstuer_glasmarkierung":null,"eingangstuer_klingel_taster":null,"eingangstuer_leichte_fuehrung":null,"eingangstuer_radar_schluessel":null,"eingangstuer_euro_schluessel":null,"eingangstuer_wendekreis":null,"eingangstuer_breite":null,"rampe":null,"rampe_steigung":null,"treppe_vorhanden":null,"treppe_antirutsch":null,"treppe_blindenschrift":null,"treppe_gelaender":null,"treppe_kontrast_visuell":null,"treppe_kontrast_taktil":null,"treppe_stufenanzahl":null,"treppe_stufenhoehe":null,"rollstuhllift":null,"eingangsbereich_beschreibung":null,"gebaeudeinneres_gangbreite":null,"gebaeudeinneres_induktionsschleifen":null,"gebaeudeinneres_fuehrungsrillen":null,"gebaeudeinneres_ruhig":null,"gebaeudeinneres_beleuchtet":null,"aufzug_vorhanden":null,"aufzug_tuerbreite":null,"aufzug_tiefe":null,"aufzug_breite":null,"wctuer_typ":null,"wctuer_glasmarkierung":null,"wctuer_klingel_taster":null,"wctuer_leichte_fuehrung":null,"wctuer_radar_schluessel":null,"wctuer_euro_schluessel":null,"wctuer_wendekreis":null,"wctuer_breite":null,"wctuer_bemerkung":null,"wc_badewanne":null,"wc_dusche":null,"wc_spiegel":null,"wc_gelaender":null,"wc_deckenlifter":null,"wc_standlifter":null,"wc_liege":null,"wc_spiegelhoehe":null,"wc_handtuchspenderhoehe":null,"wc_seifenspender_hoehe":null,"wc_waschbecken_oberkante":null,"wc_waschbecken_hoehe_unterfahrbar":null,"wc_waschbecken_tiefe_unterfahrbar":null,"wc_buegel_rechts":null,"wc_buegel_links":null,"wc_buegel_distanz":null,"wc_buegelhoehe":null,"wc_sitzhoehe":null,"wc_platz_davor":null,"wc_platz_rechts":null,"wc_platz_links":null,"wc_spuelknopf_hinten":null,"wc_spuelknopf_rechts":null,"wc_spuelknopf_links":null,"wc_spuelknopf_hoehe":null,"wc_position_notruf":null,"wc_hoehe_notruf":null,"wc_bermerkung":null,"foto":null}},{"type":"Feature","id":"wc_finder_opendata.79","geometry":{"type":"Point","coordinates":[691157.4767,5333077.5396]},"geometry_name":"shape","properties":{"name":"Mobile Toilettenkabine \"nördl. Wittelsbacherbrücke\"","stadt":"München","plz":80469,"strasse":null,"hausnr":null,"etage":null,"raumnummer":null,"oeffnungszeiten":"nicht bei Hochwasser","kategorie":"divers/unisex","preis":null,"wickeln":0,"standort_beschreibung":"Bild: http://geoi.bau.muenchen.de/einrichtungen/wc/bild/pt_148_20220817.jpg","zustand":"voll funktionsfähig","einschraenkungen":null,"mail":"wasserbau-bauwerksunterhalt.bau@muenchen.de","website":null,"telefon":null,"zustaendiges_referat":"BAU-J3","erzeugt_bearbeitet":"02.11.2023 / 02.11.2023","din_18040_1":null,"toilette_fuer_alle":null,"eignung_blindenhunde":null,"eingangstuer_typ":null,"eingangstuer_glasmarkierung":null,"eingangstuer_klingel_taster":null,"eingangstuer_leichte_fuehrung":null,"eingangstuer_radar_schluessel":null,"eingangstuer_euro_schluessel":null,"eingangstuer_wendekreis":null,"eingangstuer_breite":null,"rampe":null,"rampe_steigung":null,"treppe_vorhanden":null,"treppe_antirutsch":null,"treppe_blindenschrift":null,"treppe_gelaender":null,"treppe_kontrast_visuell":null,"treppe_kontrast_taktil":null,"treppe_stufenanzahl":null,"treppe_stufenhoehe":null,"rollstuhllift":null,"eingangsbereich_beschreibung":null,"gebaeudeinneres_gangbreite":null,"gebaeudeinneres_induktionsschleifen":null,"gebaeudeinneres_fuehrungsrillen":null,"gebaeudeinneres_ruhig":null,"gebaeudeinneres_beleuchtet":null,"aufzug_vorhanden":null,"aufzug_tuerbreite":null,"aufzug_tiefe":null,"aufzug_breite":null,"wctuer_typ":null,"wctuer_glasmarkierung":null,"wctuer_klingel_taster":null,"wctuer_leichte_fuehrung":null,"wctuer_radar_schluessel":null,"wctuer_euro_schluessel":null,"wctuer_wendekreis":null,"wctuer_breite":null,"wctuer_bemerkung":null,"wc_badewanne":null,"wc_dusche":null,"wc_spiegel":null,"wc_gelaender":null,"wc_deckenlifter":null,"wc_standlifter":null,"wc_liege":null,"wc_spiegelhoehe":null,"wc_handtuchspenderhoehe":null,"wc_seifenspender_hoehe":null,"wc_waschbecken_oberkante":null,"wc_waschbecken_hoehe_unterfahrbar":null,"wc_waschbecken_tiefe_unterfahrbar":null,"wc_buegel_rechts":null,"wc_buegel_links":null,"wc_buegel_distanz":null,"wc_buegelhoehe":null,"wc_sitzhoehe":null,"wc_platz_davor":null,"wc_platz_rechts":null,"wc_platz_links":null,"wc_spuelknopf_hinten":null,"wc_spuelknopf_rechts":null,"wc_spuelknopf_links":null,"wc_spuelknopf_hoehe":null,"wc_position_notruf":null,"wc_hoehe_notruf":null,"wc_bermerkung":null,"foto":null}},{"type":"Feature","id":"wc_finder_opendata.80","geometry":{"type":"Point","coordinates":[690683.122,5332568.662]},"geometry_name":"shape","properties":{"name":"Mobile Toilettenkabine \"südl. Braunauer Eisenbahnbrücke\"","stadt":"München","plz":81371,"strasse":"Teutoburger Str.","hausnr":"11","etage":null,"raumnummer":null,"oeffnungszeiten":null,"kategorie":"divers/unisex","preis":null,"wickeln":0,"standort_beschreibung":"Bild: http://geoi.bau.muenchen.de/einrichtungen/wc/bild/pt_127_20220817.jpg","zustand":"voll funktionsfähig","einschraenkungen":null,"mail":"wasserbau-bauwerksunterhalt.bau@muenchen.de","website":null,"telefon":null,"zustaendiges_referat":"BAU-J3","erzeugt_bearbeitet":"28.03.2023 / 02.11.2023","din_18040_1":null,"toilette_fuer_alle":null,"eignung_blindenhunde":null,"eingangstuer_typ":null,"eingangstuer_glasmarkierung":null,"eingangstuer_klingel_taster":null,"eingangstuer_leichte_fuehrung":null,"eingangstuer_radar_schluessel":null,"eingangstuer_euro_schluessel":null,"eingangstuer_wendekreis":null,"eingangstuer_breite":null,"rampe":null,"rampe_steigung":null,"treppe_vorhanden":null,"treppe_antirutsch":null,"treppe_blindenschrift":null,"treppe_gelaender":null,"treppe_kontrast_visuell":null,"treppe_kontrast_taktil":null,"treppe_stufenanzahl":null,"treppe_stufenhoehe":null,"rollstuhllift":null,"eingangsbereich_beschreibung":null,"gebaeudeinneres_gangbreite":null,"gebaeudeinneres_induktionsschleifen":null,"gebaeudeinneres_fuehrungsrillen":null,"gebaeudeinneres_ruhig":null,"gebaeudeinneres_beleuchtet":null,"aufzug_vorhanden":null,"aufzug_tuerbreite":null,"aufzug_tiefe":null,"aufzug_breite":null,"wctuer_typ":null,"wctuer_glasmarkierung":null,"wctuer_klingel_taster":null,"wctuer_leichte_fuehrung":null,"wctuer_radar_schluessel":null,"wctuer_euro_schluessel":null,"wctuer_wendekreis":null,"wctuer_breite":null,"wctuer_bemerkung":null,"wc_badewanne":null,"wc_dusche":null,"wc_spiegel":null,"wc_gelaender":null,"wc_deckenlifter":null,"wc_standlifter":null,"wc_liege":null,"wc_spiegelhoehe":null,"wc_handtuchspenderhoehe":null,"wc_seifenspender_hoehe":null,"wc_waschbecken_oberkante":null,"wc_waschbecken_hoehe_unterfahrbar":null,"wc_waschbecken_tiefe_unterfahrbar":null,"wc_buegel_rechts":null,"wc_buegel_links":null,"wc_buegel_distanz":null,"wc_buegelhoehe":null,"wc_sitzhoehe":null,"wc_platz_davor":null,"wc_platz_rechts":null,"wc_platz_links":null,"wc_spuelknopf_hinten":null,"wc_spuelknopf_rechts":null,"wc_spuelknopf_links":null,"wc_spuelknopf_hoehe":null,"wc_position_notruf":null,"wc_hoehe_notruf":null,"wc_bermerkung":null,"foto":null}},{"type":"Feature","id":"wc_finder_opendata.81","geometry":{"type":"Point","coordinates":[690682.2708,5332567.5939]},"geometry_name":"shape","properties":{"name":"Mobile Toilettenkabine \"südl. Braunauer Eisenbahnbrücke\"","stadt":"München","plz":81371,"strasse":"Teutoburger Str.","hausnr":"11","etage":null,"raumnummer":null,"oeffnungszeiten":null,"kategorie":"divers/unisex","preis":null,"wickeln":0,"standort_beschreibung":"Bild: http://geoi.bau.muenchen.de/einrichtungen/wc/bild/pt_127_20220817.jpg","zustand":"voll funktionsfähig","einschraenkungen":null,"mail":"wasserbau-bauwerksunterhalt.bau@muenchen.de","website":null,"telefon":null,"zustaendiges_referat":"BAU-J3","erzeugt_bearbeitet":"02.11.2023 / 02.11.2023","din_18040_1":null,"toilette_fuer_alle":null,"eignung_blindenhunde":null,"eingangstuer_typ":null,"eingangstuer_glasmarkierung":null,"eingangstuer_klingel_taster":null,"eingangstuer_leichte_fuehrung":null,"eingangstuer_radar_schluessel":null,"eingangstuer_euro_schluessel":null,"eingangstuer_wendekreis":null,"eingangstuer_breite":null,"rampe":null,"rampe_steigung":null,"treppe_vorhanden":null,"treppe_antirutsch":null,"treppe_blindenschrift":null,"treppe_gelaender":null,"treppe_kontrast_visuell":null,"treppe_kontrast_taktil":null,"treppe_stufenanzahl":null,"treppe_stufenhoehe":null,"rollstuhllift":null,"eingangsbereich_beschreibung":null,"gebaeudeinneres_gangbreite":null,"gebaeudeinneres_induktionsschleifen":null,"gebaeudeinneres_fuehrungsrillen":null,"gebaeudeinneres_ruhig":null,"gebaeudeinneres_beleuchtet":null,"aufzug_vorhanden":null,"aufzug_tuerbreite":null,"aufzug_tiefe":null,"aufzug_breite":null,"wctuer_typ":null,"wctuer_glasmarkierung":null,"wctuer_klingel_taster":null,"wctuer_leichte_fuehrung":null,"wctuer_radar_schluessel":null,"wctuer_euro_schluessel":null,"wctuer_wendekreis":null,"wctuer_breite":null,"wctuer_bemerkung":null,"wc_badewanne":null,"wc_dusche":null,"wc_spiegel":null,"wc_gelaender":null,"wc_deckenlifter":null,"wc_standlifter":null,"wc_liege":null,"wc_spiegelhoehe":null,"wc_handtuchspenderhoehe":null,"wc_seifenspender_hoehe":null,"wc_waschbecken_oberkante":null,"wc_waschbecken_hoehe_unterfahrbar":null,"wc_waschbecken_tiefe_unterfahrbar":null,"wc_buegel_rechts":null,"wc_buegel_links":null,"wc_buegel_distanz":null,"wc_buegelhoehe":null,"wc_sitzhoehe":null,"wc_platz_davor":null,"wc_platz_rechts":null,"wc_platz_links":null,"wc_spuelknopf_hinten":null,"wc_spuelknopf_rechts":null,"wc_spuelknopf_links":null,"wc_spuelknopf_hoehe":null,"wc_position_notruf":null,"wc_hoehe_notruf":null,"wc_bermerkung":null,"foto":null}},{"type":"Feature","id":"wc_finder_opendata.82","geometry":{"type":"Point","coordinates":[690681.3183,5332566.4297]},"geometry_name":"shape","properties":{"name":"Mobile Toilettenkabine \"südl. Braunauer Eisenbahnbrücke\"","stadt":"München","plz":81371,"strasse":"Teutoburger Str.","hausnr":"11","etage":null,"raumnummer":null,"oeffnungszeiten":null,"kategorie":"divers/unisex","preis":null,"wickeln":0,"standort_beschreibung":"Bild: http://geoi.bau.muenchen.de/einrichtungen/wc/bild/pt_127_20220817.jpg","zustand":"voll funktionsfähig","einschraenkungen":null,"mail":"wasserbau-bauwerksunterhalt.bau@muenchen.de","website":null,"telefon":null,"zustaendiges_referat":"BAU-J3","erzeugt_bearbeitet":"02.11.2023 / 02.11.2023","din_18040_1":null,"toilette_fuer_alle":null,"eignung_blindenhunde":null,"eingangstuer_typ":null,"eingangstuer_glasmarkierung":null,"eingangstuer_klingel_taster":null,"eingangstuer_leichte_fuehrung":null,"eingangstuer_radar_schluessel":null,"eingangstuer_euro_schluessel":null,"eingangstuer_wendekreis":null,"eingangstuer_breite":null,"rampe":null,"rampe_steigung":null,"treppe_vorhanden":null,"treppe_antirutsch":null,"treppe_blindenschrift":null,"treppe_gelaender":null,"treppe_kontrast_visuell":null,"treppe_kontrast_taktil":null,"treppe_stufenanzahl":null,"treppe_stufenhoehe":null,"rollstuhllift":null,"eingangsbereich_beschreibung":null,"gebaeudeinneres_gangbreite":null,"gebaeudeinneres_induktionsschleifen":null,"gebaeudeinneres_fuehrungsrillen":null,"gebaeudeinneres_ruhig":null,"gebaeudeinneres_beleuchtet":null,"aufzug_vorhanden":null,"aufzug_tuerbreite":null,"aufzug_tiefe":null,"aufzug_breite":null,"wctuer_typ":null,"wctuer_glasmarkierung":null,"wctuer_klingel_taster":null,"wctuer_leichte_fuehrung":null,"wctuer_radar_schluessel":null,"wctuer_euro_schluessel":null,"wctuer_wendekreis":null,"wctuer_breite":null,"wctuer_bemerkung":null,"wc_badewanne":null,"wc_dusche":null,"wc_spiegel":null,"wc_gelaender":null,"wc_deckenlifter":null,"wc_standlifter":null,"wc_liege":null,"wc_spiegelhoehe":null,"wc_handtuchspenderhoehe":null,"wc_seifenspender_hoehe":null,"wc_waschbecken_oberkante":null,"wc_waschbecken_hoehe_unterfahrbar":null,"wc_waschbecken_tiefe_unterfahrbar":null,"wc_buegel_rechts":null,"wc_buegel_links":null,"wc_buegel_distanz":null,"wc_buegelhoehe":null,"wc_sitzhoehe":null,"wc_platz_davor":null,"wc_platz_rechts":null,"wc_platz_links":null,"wc_spuelknopf_hinten":null,"wc_spuelknopf_rechts":null,"wc_spuelknopf_links":null,"wc_spuelknopf_hoehe":null,"wc_position_notruf":null,"wc_hoehe_notruf":null,"wc_bermerkung":null,"foto":null}},{"type":"Feature","id":"wc_finder_opendata.83","geometry":{"type":"Point","coordinates":[690680.3923,5332565.292]},"geometry_name":"shape","properties":{"name":"Mobile Toilettenkabine \"südl. Braunauer Eisenbahnbrücke\"","stadt":"München","plz":81371,"strasse":"Teutoburger Str.","hausnr":"11","etage":null,"raumnummer":null,"oeffnungszeiten":null,"kategorie":"divers/unisex","preis":null,"wickeln":0,"standort_beschreibung":"Bild: http://geoi.bau.muenchen.de/einrichtungen/wc/bild/pt_127_20220817.jpg","zustand":"voll funktionsfähig","einschraenkungen":null,"mail":"wasserbau-bauwerksunterhalt.bau@muenchen.de","website":null,"telefon":null,"zustaendiges_referat":"BAU-J3","erzeugt_bearbeitet":"02.11.2023 / 02.11.2023","din_18040_1":null,"toilette_fuer_alle":null,"eignung_blindenhunde":null,"eingangstuer_typ":null,"eingangstuer_glasmarkierung":null,"eingangstuer_klingel_taster":null,"eingangstuer_leichte_fuehrung":null,"eingangstuer_radar_schluessel":null,"eingangstuer_euro_schluessel":null,"eingangstuer_wendekreis":null,"eingangstuer_breite":null,"rampe":null,"rampe_steigung":null,"treppe_vorhanden":null,"treppe_antirutsch":null,"treppe_blindenschrift":null,"treppe_gelaender":null,"treppe_kontrast_visuell":null,"treppe_kontrast_taktil":null,"treppe_stufenanzahl":null,"treppe_stufenhoehe":null,"rollstuhllift":null,"eingangsbereich_beschreibung":null,"gebaeudeinneres_gangbreite":null,"gebaeudeinneres_induktionsschleifen":null,"gebaeudeinneres_fuehrungsrillen":null,"gebaeudeinneres_ruhig":null,"gebaeudeinneres_beleuchtet":null,"aufzug_vorhanden":null,"aufzug_tuerbreite":null,"aufzug_tiefe":null,"aufzug_breite":null,"wctuer_typ":null,"wctuer_glasmarkierung":null,"wctuer_klingel_taster":null,"wctuer_leichte_fuehrung":null,"wctuer_radar_schluessel":null,"wctuer_euro_schluessel":null,"wctuer_wendekreis":null,"wctuer_breite":null,"wctuer_bemerkung":null,"wc_badewanne":null,"wc_dusche":null,"wc_spiegel":null,"wc_gelaender":null,"wc_deckenlifter":null,"wc_standlifter":null,"wc_liege":null,"wc_spiegelhoehe":null,"wc_handtuchspenderhoehe":null,"wc_seifenspender_hoehe":null,"wc_waschbecken_oberkante":null,"wc_waschbecken_hoehe_unterfahrbar":null,"wc_waschbecken_tiefe_unterfahrbar":null,"wc_buegel_rechts":null,"wc_buegel_links":null,"wc_buegel_distanz":null,"wc_buegelhoehe":null,"wc_sitzhoehe":null,"wc_platz_davor":null,"wc_platz_rechts":null,"wc_platz_links":null,"wc_spuelknopf_hinten":null,"wc_spuelknopf_rechts":null,"wc_spuelknopf_links":null,"wc_spuelknopf_hoehe":null,"wc_position_notruf":null,"wc_hoehe_notruf":null,"wc_bermerkung":null,"foto":null}},{"type":"Feature","id":"wc_finder_opendata.84","geometry":{"type":"Point","coordinates":[690002.0787,5330840.4434]},"geometry_name":"shape","properties":{"name":"Mobile Toilettenkabine \"südl. Flauchersteg\"","stadt":"München","plz":81543,"strasse":null,"hausnr":null,"etage":null,"raumnummer":null,"oeffnungszeiten":"nicht bei Hochwasser","kategorie":"divers/unisex","preis":null,"wickeln":0,"standort_beschreibung":"Bild: http://geoi.bau.muenchen.de/einrichtungen/wc/bild/pt_76_20220817.jpg","zustand":"voll funktionsfähig","einschraenkungen":null,"mail":"wasserbau-bauwerksunterhalt.bau@muenchen.de","website":null,"telefon":null,"zustaendiges_referat":"BAU-J3","erzeugt_bearbeitet":"02.11.2023 / 02.11.2023","din_18040_1":null,"toilette_fuer_alle":null,"eignung_blindenhunde":null,"eingangstuer_typ":null,"eingangstuer_glasmarkierung":null,"eingangstuer_klingel_taster":null,"eingangstuer_leichte_fuehrung":null,"eingangstuer_radar_schluessel":null,"eingangstuer_euro_schluessel":null,"eingangstuer_wendekreis":null,"eingangstuer_breite":null,"rampe":null,"rampe_steigung":null,"treppe_vorhanden":null,"treppe_antirutsch":null,"treppe_blindenschrift":null,"treppe_gelaender":null,"treppe_kontrast_visuell":null,"treppe_kontrast_taktil":null,"treppe_stufenanzahl":null,"treppe_stufenhoehe":null,"rollstuhllift":null,"eingangsbereich_beschreibung":null,"gebaeudeinneres_gangbreite":null,"gebaeudeinneres_induktionsschleifen":null,"gebaeudeinneres_fuehrungsrillen":null,"gebaeudeinneres_ruhig":null,"gebaeudeinneres_beleuchtet":null,"aufzug_vorhanden":null,"aufzug_tuerbreite":null,"aufzug_tiefe":null,"aufzug_breite":null,"wctuer_typ":null,"wctuer_glasmarkierung":null,"wctuer_klingel_taster":null,"wctuer_leichte_fuehrung":null,"wctuer_radar_schluessel":null,"wctuer_euro_schluessel":null,"wctuer_wendekreis":null,"wctuer_breite":null,"wctuer_bemerkung":null,"wc_badewanne":null,"wc_dusche":null,"wc_spiegel":null,"wc_gelaender":null,"wc_deckenlifter":null,"wc_standlifter":null,"wc_liege":null,"wc_spiegelhoehe":null,"wc_handtuchspenderhoehe":null,"wc_seifenspender_hoehe":null,"wc_waschbecken_oberkante":null,"wc_waschbecken_hoehe_unterfahrbar":null,"wc_waschbecken_tiefe_unterfahrbar":null,"wc_buegel_rechts":null,"wc_buegel_links":null,"wc_buegel_distanz":null,"wc_buegelhoehe":null,"wc_sitzhoehe":null,"wc_platz_davor":null,"wc_platz_rechts":null,"wc_platz_links":null,"wc_spuelknopf_hinten":null,"wc_spuelknopf_rechts":null,"wc_spuelknopf_links":null,"wc_spuelknopf_hoehe":null,"wc_position_notruf":null,"wc_hoehe_notruf":null,"wc_bermerkung":null,"foto":null}},{"type":"Feature","id":"wc_finder_opendata.85","geometry":{"type":"Point","coordinates":[689889.2733,5330595.28]},"geometry_name":"shape","properties":{"name":"Mobile Toilettenkabine \"südl. Thalkirchner Brücke\"","stadt":"München","plz":81543,"strasse":null,"hausnr":null,"etage":null,"raumnummer":null,"oeffnungszeiten":"nicht bei Hochwasser","kategorie":"divers/unisex","preis":null,"wickeln":0,"standort_beschreibung":"","zustand":"voll funktionsfähig","einschraenkungen":null,"mail":"wasserbau-bauwerksunterhalt.bau@muenchen.de","website":null,"telefon":null,"zustaendiges_referat":"BAU-J3","erzeugt_bearbeitet":"02.11.2023 / 02.11.2023","din_18040_1":null,"toilette_fuer_alle":null,"eignung_blindenhunde":null,"eingangstuer_typ":null,"eingangstuer_glasmarkierung":null,"eingangstuer_klingel_taster":null,"eingangstuer_leichte_fuehrung":null,"eingangstuer_radar_schluessel":null,"eingangstuer_euro_schluessel":null,"eingangstuer_wendekreis":null,"eingangstuer_breite":null,"rampe":null,"rampe_steigung":null,"treppe_vorhanden":null,"treppe_antirutsch":null,"treppe_blindenschrift":null,"treppe_gelaender":null,"treppe_kontrast_visuell":null,"treppe_kontrast_taktil":null,"treppe_stufenanzahl":null,"treppe_stufenhoehe":null,"rollstuhllift":null,"eingangsbereich_beschreibung":null,"gebaeudeinneres_gangbreite":null,"gebaeudeinneres_induktionsschleifen":null,"gebaeudeinneres_fuehrungsrillen":null,"gebaeudeinneres_ruhig":null,"gebaeudeinneres_beleuchtet":null,"aufzug_vorhanden":null,"aufzug_tuerbreite":null,"aufzug_tiefe":null,"aufzug_breite":null,"wctuer_typ":null,"wctuer_glasmarkierung":null,"wctuer_klingel_taster":null,"wctuer_leichte_fuehrung":null,"wctuer_radar_schluessel":null,"wctuer_euro_schluessel":null,"wctuer_wendekreis":null,"wctuer_breite":null,"wctuer_bemerkung":null,"wc_badewanne":null,"wc_dusche":null,"wc_spiegel":null,"wc_gelaender":null,"wc_deckenlifter":null,"wc_standlifter":null,"wc_liege":null,"wc_spiegelhoehe":null,"wc_handtuchspenderhoehe":null,"wc_seifenspender_hoehe":null,"wc_waschbecken_oberkante":null,"wc_waschbecken_hoehe_unterfahrbar":null,"wc_waschbecken_tiefe_unterfahrbar":null,"wc_buegel_rechts":null,"wc_buegel_links":null,"wc_buegel_distanz":null,"wc_buegelhoehe":null,"wc_sitzhoehe":null,"wc_platz_davor":null,"wc_platz_rechts":null,"wc_platz_links":null,"wc_spuelknopf_hinten":null,"wc_spuelknopf_rechts":null,"wc_spuelknopf_links":null,"wc_spuelknopf_hoehe":null,"wc_position_notruf":null,"wc_hoehe_notruf":null,"wc_bermerkung":null,"foto":null}},{"type":"Feature","id":"wc_finder_opendata.86","geometry":{"type":"Point","coordinates":[689803.1248,5329816.7022]},"geometry_name":"shape","properties":{"name":"Mobile Toilettenkabine \"nördl. Wasserwachtstation\"","stadt":"München","plz":81379,"strasse":"Marienklausenbrücke","hausnr":"3","etage":null,"raumnummer":null,"oeffnungszeiten":"nicht bei Hochwasser","kategorie":"divers/unisex","preis":null,"wickeln":0,"standort_beschreibung":"Bild: http://geoi.bau.muenchen.de/einrichtungen/wc/bild/pt_64_20220817.jpg","zustand":"voll funktionsfähig","einschraenkungen":null,"mail":"wasserbau-bauwerksunterhalt.bau@muenchen.de","website":null,"telefon":null,"zustaendiges_referat":"BAU-J3","erzeugt_bearbeitet":"02.11.2023 / 02.11.2023","din_18040_1":null,"toilette_fuer_alle":null,"eignung_blindenhunde":null,"eingangstuer_typ":null,"eingangstuer_glasmarkierung":null,"eingangstuer_klingel_taster":null,"eingangstuer_leichte_fuehrung":null,"eingangstuer_radar_schluessel":null,"eingangstuer_euro_schluessel":null,"eingangstuer_wendekreis":null,"eingangstuer_breite":null,"rampe":null,"rampe_steigung":null,"treppe_vorhanden":null,"treppe_antirutsch":null,"treppe_blindenschrift":null,"treppe_gelaender":null,"treppe_kontrast_visuell":null,"treppe_kontrast_taktil":null,"treppe_stufenanzahl":null,"treppe_stufenhoehe":null,"rollstuhllift":null,"eingangsbereich_beschreibung":null,"gebaeudeinneres_gangbreite":null,"gebaeudeinneres_induktionsschleifen":null,"gebaeudeinneres_fuehrungsrillen":null,"gebaeudeinneres_ruhig":null,"gebaeudeinneres_beleuchtet":null,"aufzug_vorhanden":null,"aufzug_tuerbreite":null,"aufzug_tiefe":null,"aufzug_breite":null,"wctuer_typ":null,"wctuer_glasmarkierung":null,"wctuer_klingel_taster":null,"wctuer_leichte_fuehrung":null,"wctuer_radar_schluessel":null,"wctuer_euro_schluessel":null,"wctuer_wendekreis":null,"wctuer_breite":null,"wctuer_bemerkung":null,"wc_badewanne":null,"wc_dusche":null,"wc_spiegel":null,"wc_gelaender":null,"wc_deckenlifter":null,"wc_standlifter":null,"wc_liege":null,"wc_spiegelhoehe":null,"wc_handtuchspenderhoehe":null,"wc_seifenspender_hoehe":null,"wc_waschbecken_oberkante":null,"wc_waschbecken_hoehe_unterfahrbar":null,"wc_waschbecken_tiefe_unterfahrbar":null,"wc_buegel_rechts":null,"wc_buegel_links":null,"wc_buegel_distanz":null,"wc_buegelhoehe":null,"wc_sitzhoehe":null,"wc_platz_davor":null,"wc_platz_rechts":null,"wc_platz_links":null,"wc_spuelknopf_hinten":null,"wc_spuelknopf_rechts":null,"wc_spuelknopf_links":null,"wc_spuelknopf_hoehe":null,"wc_position_notruf":null,"wc_hoehe_notruf":null,"wc_bermerkung":null,"foto":null}},{"type":"Feature","id":"wc_finder_opendata.87","geometry":{"type":"Point","coordinates":[689364.3654,5328377.0353]},"geometry_name":"shape","properties":{"name":"Mobile Toilettenkabine \"Schlichtweg\"","stadt":"München","plz":81545,"strasse":"Schlichtweg auf Höhe Meichelbeckstraße","hausnr":null,"etage":null,"raumnummer":null,"oeffnungszeiten":"nicht bei Hochwasser","kategorie":"divers/unisex","preis":null,"wickeln":0,"standort_beschreibung":"","zustand":"voll funktionsfähig","einschraenkungen":null,"mail":"wasserbau-bauwerksunterhalt.bau@muenchen.de","website":null,"telefon":null,"zustaendiges_referat":"BAU-J3","erzeugt_bearbeitet":"02.11.2023 / 02.11.2023","din_18040_1":null,"toilette_fuer_alle":null,"eignung_blindenhunde":null,"eingangstuer_typ":null,"eingangstuer_glasmarkierung":null,"eingangstuer_klingel_taster":null,"eingangstuer_leichte_fuehrung":null,"eingangstuer_radar_schluessel":null,"eingangstuer_euro_schluessel":null,"eingangstuer_wendekreis":null,"eingangstuer_breite":null,"rampe":null,"rampe_steigung":null,"treppe_vorhanden":null,"treppe_antirutsch":null,"treppe_blindenschrift":null,"treppe_gelaender":null,"treppe_kontrast_visuell":null,"treppe_kontrast_taktil":null,"treppe_stufenanzahl":null,"treppe_stufenhoehe":null,"rollstuhllift":null,"eingangsbereich_beschreibung":null,"gebaeudeinneres_gangbreite":null,"gebaeudeinneres_induktionsschleifen":null,"gebaeudeinneres_fuehrungsrillen":null,"gebaeudeinneres_ruhig":null,"gebaeudeinneres_beleuchtet":null,"aufzug_vorhanden":null,"aufzug_tuerbreite":null,"aufzug_tiefe":null,"aufzug_breite":null,"wctuer_typ":null,"wctuer_glasmarkierung":null,"wctuer_klingel_taster":null,"wctuer_leichte_fuehrung":null,"wctuer_radar_schluessel":null,"wctuer_euro_schluessel":null,"wctuer_wendekreis":null,"wctuer_breite":null,"wctuer_bemerkung":null,"wc_badewanne":null,"wc_dusche":null,"wc_spiegel":null,"wc_gelaender":null,"wc_deckenlifter":null,"wc_standlifter":null,"wc_liege":null,"wc_spiegelhoehe":null,"wc_handtuchspenderhoehe":null,"wc_seifenspender_hoehe":null,"wc_waschbecken_oberkante":null,"wc_waschbecken_hoehe_unterfahrbar":null,"wc_waschbecken_tiefe_unterfahrbar":null,"wc_buegel_rechts":null,"wc_buegel_links":null,"wc_buegel_distanz":null,"wc_buegelhoehe":null,"wc_sitzhoehe":null,"wc_platz_davor":null,"wc_platz_rechts":null,"wc_platz_links":null,"wc_spuelknopf_hinten":null,"wc_spuelknopf_rechts":null,"wc_spuelknopf_links":null,"wc_spuelknopf_hoehe":null,"wc_position_notruf":null,"wc_hoehe_notruf":null,"wc_bermerkung":null,"foto":null}},{"type":"Feature","id":"wc_finder_opendata.88","geometry":{"type":"Point","coordinates":[688416.71,5341041.1081]},"geometry_name":"shape","properties":{"name":"Öffentliche Toilette \"Lerchenauer See\" Süd","stadt":"München","plz":80995,"strasse":"Lassallenstraße","hausnr":null,"etage":null,"raumnummer":null,"oeffnungszeiten":"ganztägig, Mai bis Oktober","kategorie":"divers/unisex","preis":0,"wickeln":0,"standort_beschreibung":null,"zustand":"voll funktionsfähig","einschraenkungen":null,"mail":"gartenbau@muenchen.de","website":null,"telefon":null,"zustaendiges_referat":"BAU G23","erzeugt_bearbeitet":"29.09.2023 / 29.09.2023","din_18040_1":null,"toilette_fuer_alle":null,"eignung_blindenhunde":null,"eingangstuer_typ":null,"eingangstuer_glasmarkierung":null,"eingangstuer_klingel_taster":null,"eingangstuer_leichte_fuehrung":null,"eingangstuer_radar_schluessel":null,"eingangstuer_euro_schluessel":null,"eingangstuer_wendekreis":null,"eingangstuer_breite":null,"rampe":null,"rampe_steigung":null,"treppe_vorhanden":null,"treppe_antirutsch":null,"treppe_blindenschrift":null,"treppe_gelaender":null,"treppe_kontrast_visuell":null,"treppe_kontrast_taktil":null,"treppe_stufenanzahl":null,"treppe_stufenhoehe":null,"rollstuhllift":null,"eingangsbereich_beschreibung":null,"gebaeudeinneres_gangbreite":null,"gebaeudeinneres_induktionsschleifen":null,"gebaeudeinneres_fuehrungsrillen":null,"gebaeudeinneres_ruhig":null,"gebaeudeinneres_beleuchtet":null,"aufzug_vorhanden":null,"aufzug_tuerbreite":null,"aufzug_tiefe":null,"aufzug_breite":null,"wctuer_typ":null,"wctuer_glasmarkierung":null,"wctuer_klingel_taster":null,"wctuer_leichte_fuehrung":null,"wctuer_radar_schluessel":null,"wctuer_euro_schluessel":null,"wctuer_wendekreis":null,"wctuer_breite":null,"wctuer_bemerkung":null,"wc_badewanne":null,"wc_dusche":null,"wc_spiegel":null,"wc_gelaender":null,"wc_deckenlifter":null,"wc_standlifter":null,"wc_liege":null,"wc_spiegelhoehe":null,"wc_handtuchspenderhoehe":null,"wc_seifenspender_hoehe":null,"wc_waschbecken_oberkante":null,"wc_waschbecken_hoehe_unterfahrbar":null,"wc_waschbecken_tiefe_unterfahrbar":null,"wc_buegel_rechts":null,"wc_buegel_links":null,"wc_buegel_distanz":null,"wc_buegelhoehe":null,"wc_sitzhoehe":null,"wc_platz_davor":null,"wc_platz_rechts":null,"wc_platz_links":null,"wc_spuelknopf_hinten":null,"wc_spuelknopf_rechts":null,"wc_spuelknopf_links":null,"wc_spuelknopf_hoehe":null,"wc_position_notruf":null,"wc_hoehe_notruf":null,"wc_bermerkung":null,"foto":null}},{"type":"Feature","id":"wc_finder_opendata.89","geometry":{"type":"Point","coordinates":[688099.9533,5333086.91]},"geometry_name":"shape","properties":{"name":"Öffentliche Toilette \"Westpark Wasserspielplatz\"","stadt":"München","plz":81373,"strasse":"Heiterwanger Str.","hausnr":"34","etage":null,"raumnummer":null,"oeffnungszeiten":"Mai bis Oktober","kategorie":"divers/unisex","preis":0,"wickeln":0,"standort_beschreibung":null,"zustand":"voll funktionsfähig","einschraenkungen":null,"mail":"gartenbau@muenchen.de","website":null,"telefon":null,"zustaendiges_referat":"BAU-G33","erzeugt_bearbeitet":"28.03.2023 / 29.09.2023","din_18040_1":null,"toilette_fuer_alle":null,"eignung_blindenhunde":null,"eingangstuer_typ":null,"eingangstuer_glasmarkierung":null,"eingangstuer_klingel_taster":null,"eingangstuer_leichte_fuehrung":null,"eingangstuer_radar_schluessel":null,"eingangstuer_euro_schluessel":null,"eingangstuer_wendekreis":null,"eingangstuer_breite":null,"rampe":null,"rampe_steigung":null,"treppe_vorhanden":null,"treppe_antirutsch":null,"treppe_blindenschrift":null,"treppe_gelaender":null,"treppe_kontrast_visuell":null,"treppe_kontrast_taktil":null,"treppe_stufenanzahl":null,"treppe_stufenhoehe":null,"rollstuhllift":null,"eingangsbereich_beschreibung":null,"gebaeudeinneres_gangbreite":null,"gebaeudeinneres_induktionsschleifen":null,"gebaeudeinneres_fuehrungsrillen":null,"gebaeudeinneres_ruhig":null,"gebaeudeinneres_beleuchtet":null,"aufzug_vorhanden":null,"aufzug_tuerbreite":null,"aufzug_tiefe":null,"aufzug_breite":null,"wctuer_typ":null,"wctuer_glasmarkierung":null,"wctuer_klingel_taster":null,"wctuer_leichte_fuehrung":null,"wctuer_radar_schluessel":null,"wctuer_euro_schluessel":null,"wctuer_wendekreis":null,"wctuer_breite":null,"wctuer_bemerkung":null,"wc_badewanne":null,"wc_dusche":null,"wc_spiegel":null,"wc_gelaender":null,"wc_deckenlifter":null,"wc_standlifter":null,"wc_liege":null,"wc_spiegelhoehe":null,"wc_handtuchspenderhoehe":null,"wc_seifenspender_hoehe":null,"wc_waschbecken_oberkante":null,"wc_waschbecken_hoehe_unterfahrbar":null,"wc_waschbecken_tiefe_unterfahrbar":null,"wc_buegel_rechts":null,"wc_buegel_links":null,"wc_buegel_distanz":null,"wc_buegelhoehe":null,"wc_sitzhoehe":null,"wc_platz_davor":null,"wc_platz_rechts":null,"wc_platz_links":null,"wc_spuelknopf_hinten":null,"wc_spuelknopf_rechts":null,"wc_spuelknopf_links":null,"wc_spuelknopf_hoehe":null,"wc_position_notruf":null,"wc_hoehe_notruf":null,"wc_bermerkung":null,"foto":null}},{"type":"Feature","id":"wc_finder_opendata.90","geometry":{"type":"Point","coordinates":[688564.8016,5334583.6556]},"geometry_name":"shape","properties":{"name":"Öffentliche Toilette \"Gollierplatz\"","stadt":"München","plz":80339,"strasse":"Gollierplatz","hausnr":null,"etage":null,"raumnummer":null,"oeffnungszeiten":null,"kategorie":"divers/unisex","preis":1,"wickeln":0,"standort_beschreibung":"Münz-WC. ","zustand":"voll funktionsfähig","einschraenkungen":null,"mail":"gartenbau@muenchen.de","website":null,"telefon":null,"zustaendiges_referat":"BAU-G","erzeugt_bearbeitet":"28.03.2023 / 29.09.2023","din_18040_1":null,"toilette_fuer_alle":null,"eignung_blindenhunde":null,"eingangstuer_typ":null,"eingangstuer_glasmarkierung":null,"eingangstuer_klingel_taster":null,"eingangstuer_leichte_fuehrung":null,"eingangstuer_radar_schluessel":null,"eingangstuer_euro_schluessel":null,"eingangstuer_wendekreis":null,"eingangstuer_breite":null,"rampe":null,"rampe_steigung":null,"treppe_vorhanden":null,"treppe_antirutsch":null,"treppe_blindenschrift":null,"treppe_gelaender":null,"treppe_kontrast_visuell":null,"treppe_kontrast_taktil":null,"treppe_stufenanzahl":null,"treppe_stufenhoehe":null,"rollstuhllift":null,"eingangsbereich_beschreibung":null,"gebaeudeinneres_gangbreite":null,"gebaeudeinneres_induktionsschleifen":null,"gebaeudeinneres_fuehrungsrillen":null,"gebaeudeinneres_ruhig":null,"gebaeudeinneres_beleuchtet":null,"aufzug_vorhanden":null,"aufzug_tuerbreite":null,"aufzug_tiefe":null,"aufzug_breite":null,"wctuer_typ":null,"wctuer_glasmarkierung":null,"wctuer_klingel_taster":null,"wctuer_leichte_fuehrung":null,"wctuer_radar_schluessel":null,"wctuer_euro_schluessel":null,"wctuer_wendekreis":null,"wctuer_breite":null,"wctuer_bemerkung":null,"wc_badewanne":null,"wc_dusche":null,"wc_spiegel":null,"wc_gelaender":null,"wc_deckenlifter":null,"wc_standlifter":null,"wc_liege":null,"wc_spiegelhoehe":null,"wc_handtuchspenderhoehe":null,"wc_seifenspender_hoehe":null,"wc_waschbecken_oberkante":null,"wc_waschbecken_hoehe_unterfahrbar":null,"wc_waschbecken_tiefe_unterfahrbar":null,"wc_buegel_rechts":null,"wc_buegel_links":null,"wc_buegel_distanz":null,"wc_buegelhoehe":null,"wc_sitzhoehe":null,"wc_platz_davor":null,"wc_platz_rechts":null,"wc_platz_links":null,"wc_spuelknopf_hinten":null,"wc_spuelknopf_rechts":null,"wc_spuelknopf_links":null,"wc_spuelknopf_hoehe":null,"wc_position_notruf":null,"wc_hoehe_notruf":null,"wc_bermerkung":null,"foto":null}},{"type":"Feature","id":"wc_finder_opendata.91","geometry":{"type":"Point","coordinates":[686791.6318,5343462.7237]},"geometry_name":"shape","properties":{"name":"Öffentliche Toilette \"Feldmochinger See\"","stadt":"München","plz":80995,"strasse":"Karlsfelder Str.","hausnr":"80","etage":null,"raumnummer":null,"oeffnungszeiten":"Ganzjährig, Täglich, 00.00-24.00 Uhr","kategorie":"divers/unisex","preis":0,"wickeln":0,"standort_beschreibung":null,"zustand":"voll funktionsfähig","einschraenkungen":null,"mail":"gartenbau@muenchen.de","website":null,"telefon":null,"zustaendiges_referat":"BAU G 23","erzeugt_bearbeitet":"28.03.2023 / 29.09.2023","din_18040_1":null,"toilette_fuer_alle":null,"eignung_blindenhunde":null,"eingangstuer_typ":null,"eingangstuer_glasmarkierung":null,"eingangstuer_klingel_taster":null,"eingangstuer_leichte_fuehrung":null,"eingangstuer_radar_schluessel":null,"eingangstuer_euro_schluessel":null,"eingangstuer_wendekreis":null,"eingangstuer_breite":null,"rampe":null,"rampe_steigung":null,"treppe_vorhanden":null,"treppe_antirutsch":null,"treppe_blindenschrift":null,"treppe_gelaender":null,"treppe_kontrast_visuell":null,"treppe_kontrast_taktil":null,"treppe_stufenanzahl":null,"treppe_stufenhoehe":null,"rollstuhllift":null,"eingangsbereich_beschreibung":null,"gebaeudeinneres_gangbreite":null,"gebaeudeinneres_induktionsschleifen":null,"gebaeudeinneres_fuehrungsrillen":null,"gebaeudeinneres_ruhig":null,"gebaeudeinneres_beleuchtet":null,"aufzug_vorhanden":null,"aufzug_tuerbreite":null,"aufzug_tiefe":null,"aufzug_breite":null,"wctuer_typ":null,"wctuer_glasmarkierung":null,"wctuer_klingel_taster":null,"wctuer_leichte_fuehrung":null,"wctuer_radar_schluessel":null,"wctuer_euro_schluessel":null,"wctuer_wendekreis":null,"wctuer_breite":null,"wctuer_bemerkung":null,"wc_badewanne":null,"wc_dusche":null,"wc_spiegel":null,"wc_gelaender":null,"wc_deckenlifter":null,"wc_standlifter":null,"wc_liege":null,"wc_spiegelhoehe":null,"wc_handtuchspenderhoehe":null,"wc_seifenspender_hoehe":null,"wc_waschbecken_oberkante":null,"wc_waschbecken_hoehe_unterfahrbar":null,"wc_waschbecken_tiefe_unterfahrbar":null,"wc_buegel_rechts":null,"wc_buegel_links":null,"wc_buegel_distanz":null,"wc_buegelhoehe":null,"wc_sitzhoehe":null,"wc_platz_davor":null,"wc_platz_rechts":null,"wc_platz_links":null,"wc_spuelknopf_hinten":null,"wc_spuelknopf_rechts":null,"wc_spuelknopf_links":null,"wc_spuelknopf_hoehe":null,"wc_position_notruf":null,"wc_hoehe_notruf":null,"wc_bermerkung":null,"foto":null}},{"type":"Feature","id":"wc_finder_opendata.92","geometry":{"type":"Point","coordinates":[687672.6252,5341899.5718]},"geometry_name":"shape","properties":{"name":"Öffentliche Toilette \"Fasaneriesee \"Parkplatz\" Süd","stadt":"München","plz":80995,"strasse":"Feldmochinger Str.","hausnr":null,"etage":null,"raumnummer":null,"oeffnungszeiten":"Täglich, 00.00-24.00 Uhr","kategorie":"divers/unisex","preis":0,"wickeln":0,"standort_beschreibung":null,"zustand":"voll funktionsfähig","einschraenkungen":null,"mail":"gartenbau@muenchen.de","website":null,"telefon":null,"zustaendiges_referat":"BAU G23","erzeugt_bearbeitet":"28.03.2023 / 29.09.2023","din_18040_1":null,"toilette_fuer_alle":null,"eignung_blindenhunde":null,"eingangstuer_typ":null,"eingangstuer_glasmarkierung":null,"eingangstuer_klingel_taster":null,"eingangstuer_leichte_fuehrung":null,"eingangstuer_radar_schluessel":null,"eingangstuer_euro_schluessel":null,"eingangstuer_wendekreis":null,"eingangstuer_breite":null,"rampe":null,"rampe_steigung":null,"treppe_vorhanden":null,"treppe_antirutsch":null,"treppe_blindenschrift":null,"treppe_gelaender":null,"treppe_kontrast_visuell":null,"treppe_kontrast_taktil":null,"treppe_stufenanzahl":null,"treppe_stufenhoehe":null,"rollstuhllift":null,"eingangsbereich_beschreibung":null,"gebaeudeinneres_gangbreite":null,"gebaeudeinneres_induktionsschleifen":null,"gebaeudeinneres_fuehrungsrillen":null,"gebaeudeinneres_ruhig":null,"gebaeudeinneres_beleuchtet":null,"aufzug_vorhanden":null,"aufzug_tuerbreite":null,"aufzug_tiefe":null,"aufzug_breite":null,"wctuer_typ":null,"wctuer_glasmarkierung":null,"wctuer_klingel_taster":null,"wctuer_leichte_fuehrung":null,"wctuer_radar_schluessel":null,"wctuer_euro_schluessel":null,"wctuer_wendekreis":null,"wctuer_breite":null,"wctuer_bemerkung":null,"wc_badewanne":null,"wc_dusche":null,"wc_spiegel":null,"wc_gelaender":null,"wc_deckenlifter":null,"wc_standlifter":null,"wc_liege":null,"wc_spiegelhoehe":null,"wc_handtuchspenderhoehe":null,"wc_seifenspender_hoehe":null,"wc_waschbecken_oberkante":null,"wc_waschbecken_hoehe_unterfahrbar":null,"wc_waschbecken_tiefe_unterfahrbar":null,"wc_buegel_rechts":null,"wc_buegel_links":null,"wc_buegel_distanz":null,"wc_buegelhoehe":null,"wc_sitzhoehe":null,"wc_platz_davor":null,"wc_platz_rechts":null,"wc_platz_links":null,"wc_spuelknopf_hinten":null,"wc_spuelknopf_rechts":null,"wc_spuelknopf_links":null,"wc_spuelknopf_hoehe":null,"wc_position_notruf":null,"wc_hoehe_notruf":null,"wc_bermerkung":null,"foto":null}},{"type":"Feature","id":"wc_finder_opendata.93","geometry":{"type":"Point","coordinates":[686566.4175,5335774.1916]},"geometry_name":"shape","properties":{"name":"Öffentliche Toilettenanlage \"Hirschgarten\"","stadt":"München","plz":80639,"strasse":"De-La-Paz-Straße","hausnr":"68","etage":null,"raumnummer":null,"oeffnungszeiten":"ganzjährig, ganztägig","kategorie":"divers/unisex","preis":0,"wickeln":0,"standort_beschreibung":null,"zustand":"voll funktionsfähig","einschraenkungen":null,"mail":"gartenbau@muenchen.de","website":null,"telefon":null,"zustaendiges_referat":"BAU-G 21","erzeugt_bearbeitet":"27.09.2023 / 29.09.2023","din_18040_1":null,"toilette_fuer_alle":null,"eignung_blindenhunde":null,"eingangstuer_typ":null,"eingangstuer_glasmarkierung":null,"eingangstuer_klingel_taster":null,"eingangstuer_leichte_fuehrung":null,"eingangstuer_radar_schluessel":null,"eingangstuer_euro_schluessel":null,"eingangstuer_wendekreis":null,"eingangstuer_breite":null,"rampe":null,"rampe_steigung":null,"treppe_vorhanden":null,"treppe_antirutsch":null,"treppe_blindenschrift":null,"treppe_gelaender":null,"treppe_kontrast_visuell":null,"treppe_kontrast_taktil":null,"treppe_stufenanzahl":null,"treppe_stufenhoehe":null,"rollstuhllift":null,"eingangsbereich_beschreibung":null,"gebaeudeinneres_gangbreite":null,"gebaeudeinneres_induktionsschleifen":null,"gebaeudeinneres_fuehrungsrillen":null,"gebaeudeinneres_ruhig":null,"gebaeudeinneres_beleuchtet":null,"aufzug_vorhanden":null,"aufzug_tuerbreite":null,"aufzug_tiefe":null,"aufzug_breite":null,"wctuer_typ":null,"wctuer_glasmarkierung":null,"wctuer_klingel_taster":null,"wctuer_leichte_fuehrung":null,"wctuer_radar_schluessel":null,"wctuer_euro_schluessel":null,"wctuer_wendekreis":null,"wctuer_breite":null,"wctuer_bemerkung":null,"wc_badewanne":null,"wc_dusche":null,"wc_spiegel":null,"wc_gelaender":null,"wc_deckenlifter":null,"wc_standlifter":null,"wc_liege":null,"wc_spiegelhoehe":null,"wc_handtuchspenderhoehe":null,"wc_seifenspender_hoehe":null,"wc_waschbecken_oberkante":null,"wc_waschbecken_hoehe_unterfahrbar":null,"wc_waschbecken_tiefe_unterfahrbar":null,"wc_buegel_rechts":null,"wc_buegel_links":null,"wc_buegel_distanz":null,"wc_buegelhoehe":null,"wc_sitzhoehe":null,"wc_platz_davor":null,"wc_platz_rechts":null,"wc_platz_links":null,"wc_spuelknopf_hinten":null,"wc_spuelknopf_rechts":null,"wc_spuelknopf_links":null,"wc_spuelknopf_hoehe":null,"wc_position_notruf":null,"wc_hoehe_notruf":null,"wc_bermerkung":null,"foto":null}},{"type":"Feature","id":"wc_finder_opendata.94","geometry":{"type":"Point","coordinates":[686989.8178,5335782.1291]},"geometry_name":"shape","properties":{"name":"Öffentliche Toilette \"Hirschgarten\"","stadt":"München","plz":80639,"strasse":"Grünfläche Grillzone, Skateanlage","hausnr":null,"etage":null,"raumnummer":null,"oeffnungszeiten":"ganzjährig, täglich, 06.00- 02.00 Uhr, ","kategorie":"divers/unisex und barrierefrei","preis":0,"wickeln":0,"standort_beschreibung":null,"zustand":"voll funktionsfähig","einschraenkungen":null,"mail":"service@hering-sanikonzept.de","website":"https://www.wc-fresh.com","telefon":"+49 2736 27216","zustaendiges_referat":"BAU-G","erzeugt_bearbeitet":"28.03.2023 / 29.09.2023","din_18040_1":1,"toilette_fuer_alle":0,"eignung_blindenhunde":0,"eingangstuer_typ":null,"eingangstuer_glasmarkierung":0,"eingangstuer_klingel_taster":0,"eingangstuer_leichte_fuehrung":0,"eingangstuer_radar_schluessel":0,"eingangstuer_euro_schluessel":0,"eingangstuer_wendekreis":null,"eingangstuer_breite":null,"rampe":null,"rampe_steigung":null,"treppe_vorhanden":0,"treppe_antirutsch":0,"treppe_blindenschrift":0,"treppe_gelaender":0,"treppe_kontrast_visuell":0,"treppe_kontrast_taktil":0,"treppe_stufenanzahl":null,"treppe_stufenhoehe":null,"rollstuhllift":0,"eingangsbereich_beschreibung":null,"gebaeudeinneres_gangbreite":null,"gebaeudeinneres_induktionsschleifen":0,"gebaeudeinneres_fuehrungsrillen":0,"gebaeudeinneres_ruhig":0,"gebaeudeinneres_beleuchtet":0,"aufzug_vorhanden":0,"aufzug_tuerbreite":null,"aufzug_tiefe":null,"aufzug_breite":null,"wctuer_typ":null,"wctuer_glasmarkierung":0,"wctuer_klingel_taster":0,"wctuer_leichte_fuehrung":0,"wctuer_radar_schluessel":0,"wctuer_euro_schluessel":0,"wctuer_wendekreis":null,"wctuer_breite":null,"wctuer_bemerkung":null,"wc_badewanne":0,"wc_dusche":0,"wc_spiegel":0,"wc_gelaender":0,"wc_deckenlifter":0,"wc_standlifter":0,"wc_liege":0,"wc_spiegelhoehe":"mind. 100","wc_handtuchspenderhoehe":null,"wc_seifenspender_hoehe":null,"wc_waschbecken_oberkante":null,"wc_waschbecken_hoehe_unterfahrbar":null,"wc_waschbecken_tiefe_unterfahrbar":null,"wc_buegel_rechts":0,"wc_buegel_links":0,"wc_buegel_distanz":null,"wc_buegelhoehe":null,"wc_sitzhoehe":null,"wc_platz_davor":null,"wc_platz_rechts":"mind. 90","wc_platz_links":"mind. 90","wc_spuelknopf_hinten":0,"wc_spuelknopf_rechts":0,"wc_spuelknopf_links":null,"wc_spuelknopf_hoehe":null,"wc_position_notruf":"in der Nähe des WC-Beckens angebracht","wc_hoehe_notruf":null,"wc_bermerkung":null,"foto":null}},{"type":"Feature","id":"wc_finder_opendata.95","geometry":{"type":"Point","coordinates":[686625.6406,5332907.2696]},"geometry_name":"shape","properties":{"name":"Öffentliche Toilette \"WC am Jackl (Westpark Westteil)\"","stadt":"München","plz":81377,"strasse":"Gilmstraße","hausnr":null,"etage":null,"raumnummer":null,"oeffnungszeiten":"ganzjährig","kategorie":"divers/unisex","preis":0,"wickeln":0,"standort_beschreibung":null,"zustand":"voll funktionsfähig","einschraenkungen":null,"mail":"gartenbau@muenchen.de","website":null,"telefon":null,"zustaendiges_referat":"BAU G33","erzeugt_bearbeitet":"28.03.2023 / 29.09.2023","din_18040_1":null,"toilette_fuer_alle":null,"eignung_blindenhunde":null,"eingangstuer_typ":null,"eingangstuer_glasmarkierung":null,"eingangstuer_klingel_taster":null,"eingangstuer_leichte_fuehrung":null,"eingangstuer_radar_schluessel":null,"eingangstuer_euro_schluessel":null,"eingangstuer_wendekreis":null,"eingangstuer_breite":null,"rampe":null,"rampe_steigung":null,"treppe_vorhanden":null,"treppe_antirutsch":null,"treppe_blindenschrift":null,"treppe_gelaender":null,"treppe_kontrast_visuell":null,"treppe_kontrast_taktil":null,"treppe_stufenanzahl":null,"treppe_stufenhoehe":null,"rollstuhllift":null,"eingangsbereich_beschreibung":null,"gebaeudeinneres_gangbreite":null,"gebaeudeinneres_induktionsschleifen":null,"gebaeudeinneres_fuehrungsrillen":null,"gebaeudeinneres_ruhig":null,"gebaeudeinneres_beleuchtet":null,"aufzug_vorhanden":null,"aufzug_tuerbreite":null,"aufzug_tiefe":null,"aufzug_breite":null,"wctuer_typ":null,"wctuer_glasmarkierung":null,"wctuer_klingel_taster":null,"wctuer_leichte_fuehrung":null,"wctuer_radar_schluessel":null,"wctuer_euro_schluessel":null,"wctuer_wendekreis":null,"wctuer_breite":null,"wctuer_bemerkung":null,"wc_badewanne":null,"wc_dusche":null,"wc_spiegel":null,"wc_gelaender":null,"wc_deckenlifter":null,"wc_standlifter":null,"wc_liege":null,"wc_spiegelhoehe":null,"wc_handtuchspenderhoehe":null,"wc_seifenspender_hoehe":null,"wc_waschbecken_oberkante":null,"wc_waschbecken_hoehe_unterfahrbar":null,"wc_waschbecken_tiefe_unterfahrbar":null,"wc_buegel_rechts":null,"wc_buegel_links":null,"wc_buegel_distanz":null,"wc_buegelhoehe":null,"wc_sitzhoehe":null,"wc_platz_davor":null,"wc_platz_rechts":null,"wc_platz_links":null,"wc_spuelknopf_hinten":null,"wc_spuelknopf_rechts":null,"wc_spuelknopf_links":null,"wc_spuelknopf_hoehe":null,"wc_position_notruf":null,"wc_hoehe_notruf":null,"wc_bermerkung":null,"foto":null}},{"type":"Feature","id":"wc_finder_opendata.96","geometry":{"type":"Point","coordinates":[679585.7319,5340586.8885]},"geometry_name":"shape","properties":{"name":"Öffentliche Toilette \"Langwieder See südwestlich\"","stadt":"München","plz":81249,"strasse":null,"hausnr":null,"etage":null,"raumnummer":null,"oeffnungszeiten":"Mai bis Oktober","kategorie":"barrierefrei","preis":0,"wickeln":0,"standort_beschreibung":null,"zustand":"voll funktionsfähig","einschraenkungen":null,"mail":"gartenbau@muenchen.de","website":null,"telefon":null,"zustaendiges_referat":"BAU G 33","erzeugt_bearbeitet":"28.03.2023 / 29.09.2023","din_18040_1":0,"toilette_fuer_alle":0,"eignung_blindenhunde":0,"eingangstuer_typ":null,"eingangstuer_glasmarkierung":0,"eingangstuer_klingel_taster":0,"eingangstuer_leichte_fuehrung":0,"eingangstuer_radar_schluessel":0,"eingangstuer_euro_schluessel":0,"eingangstuer_wendekreis":null,"eingangstuer_breite":null,"rampe":null,"rampe_steigung":null,"treppe_vorhanden":0,"treppe_antirutsch":0,"treppe_blindenschrift":0,"treppe_gelaender":0,"treppe_kontrast_visuell":0,"treppe_kontrast_taktil":0,"treppe_stufenanzahl":null,"treppe_stufenhoehe":null,"rollstuhllift":0,"eingangsbereich_beschreibung":null,"gebaeudeinneres_gangbreite":null,"gebaeudeinneres_induktionsschleifen":0,"gebaeudeinneres_fuehrungsrillen":0,"gebaeudeinneres_ruhig":0,"gebaeudeinneres_beleuchtet":0,"aufzug_vorhanden":0,"aufzug_tuerbreite":null,"aufzug_tiefe":null,"aufzug_breite":null,"wctuer_typ":null,"wctuer_glasmarkierung":0,"wctuer_klingel_taster":0,"wctuer_leichte_fuehrung":0,"wctuer_radar_schluessel":0,"wctuer_euro_schluessel":0,"wctuer_wendekreis":null,"wctuer_breite":null,"wctuer_bemerkung":null,"wc_badewanne":0,"wc_dusche":0,"wc_spiegel":0,"wc_gelaender":0,"wc_deckenlifter":0,"wc_standlifter":0,"wc_liege":0,"wc_spiegelhoehe":null,"wc_handtuchspenderhoehe":null,"wc_seifenspender_hoehe":null,"wc_waschbecken_oberkante":null,"wc_waschbecken_hoehe_unterfahrbar":null,"wc_waschbecken_tiefe_unterfahrbar":null,"wc_buegel_rechts":0,"wc_buegel_links":0,"wc_buegel_distanz":null,"wc_buegelhoehe":null,"wc_sitzhoehe":null,"wc_platz_davor":null,"wc_platz_rechts":null,"wc_platz_links":null,"wc_spuelknopf_hinten":0,"wc_spuelknopf_rechts":0,"wc_spuelknopf_links":0,"wc_spuelknopf_hoehe":null,"wc_position_notruf":null,"wc_hoehe_notruf":null,"wc_bermerkung":null,"foto":null}},{"type":"Feature","id":"wc_finder_opendata.97","geometry":{"type":"Point","coordinates":[688448.8486,5341572.5171]},"geometry_name":"shape","properties":{"name":"Öffentliche Toilette \"Lerchenauer See\" Nord","stadt":"München","plz":80995,"strasse":"Lasallestraße","hausnr":"103","etage":null,"raumnummer":null,"oeffnungszeiten":"Täglich, 06.00-24.00 Uhr","kategorie":"divers/unisex","preis":0,"wickeln":0,"standort_beschreibung":null,"zustand":"voll funktionsfähig","einschraenkungen":null,"mail":"gartenbau@muenchen.de","website":null,"telefon":null,"zustaendiges_referat":"BAU G23","erzeugt_bearbeitet":"28.03.2023 / 29.09.2023","din_18040_1":null,"toilette_fuer_alle":null,"eignung_blindenhunde":null,"eingangstuer_typ":null,"eingangstuer_glasmarkierung":null,"eingangstuer_klingel_taster":null,"eingangstuer_leichte_fuehrung":null,"eingangstuer_radar_schluessel":null,"eingangstuer_euro_schluessel":null,"eingangstuer_wendekreis":null,"eingangstuer_breite":null,"rampe":null,"rampe_steigung":null,"treppe_vorhanden":null,"treppe_antirutsch":null,"treppe_blindenschrift":null,"treppe_gelaender":null,"treppe_kontrast_visuell":null,"treppe_kontrast_taktil":null,"treppe_stufenanzahl":null,"treppe_stufenhoehe":null,"rollstuhllift":null,"eingangsbereich_beschreibung":null,"gebaeudeinneres_gangbreite":null,"gebaeudeinneres_induktionsschleifen":null,"gebaeudeinneres_fuehrungsrillen":null,"gebaeudeinneres_ruhig":null,"gebaeudeinneres_beleuchtet":null,"aufzug_vorhanden":null,"aufzug_tuerbreite":null,"aufzug_tiefe":null,"aufzug_breite":null,"wctuer_typ":null,"wctuer_glasmarkierung":null,"wctuer_klingel_taster":null,"wctuer_leichte_fuehrung":null,"wctuer_radar_schluessel":null,"wctuer_euro_schluessel":null,"wctuer_wendekreis":null,"wctuer_breite":null,"wctuer_bemerkung":null,"wc_badewanne":null,"wc_dusche":null,"wc_spiegel":null,"wc_gelaender":null,"wc_deckenlifter":null,"wc_standlifter":null,"wc_liege":null,"wc_spiegelhoehe":null,"wc_handtuchspenderhoehe":null,"wc_seifenspender_hoehe":null,"wc_waschbecken_oberkante":null,"wc_waschbecken_hoehe_unterfahrbar":null,"wc_waschbecken_tiefe_unterfahrbar":null,"wc_buegel_rechts":null,"wc_buegel_links":null,"wc_buegel_distanz":null,"wc_buegelhoehe":null,"wc_sitzhoehe":null,"wc_platz_davor":null,"wc_platz_rechts":null,"wc_platz_links":null,"wc_spuelknopf_hinten":null,"wc_spuelknopf_rechts":null,"wc_spuelknopf_links":null,"wc_spuelknopf_hoehe":null,"wc_position_notruf":null,"wc_hoehe_notruf":null,"wc_bermerkung":null,"foto":null}},{"type":"Feature","id":"wc_finder_opendata.98","geometry":{"type":"Point","coordinates":[689928.8115,5338457.3912]},"geometry_name":"shape","properties":{"name":"Öffentliche Toilette \"Olympiaberg\"","stadt":"München","plz":80809,"strasse":"Martin-Luther-King-Weg","hausnr":null,"etage":null,"raumnummer":null,"oeffnungszeiten":"ganzjährig, während der Öffnungszeiten des Kiosk","kategorie":"divers/unisex","preis":0,"wickeln":0,"standort_beschreibung":null,"zustand":"voll funktionsfähig","einschraenkungen":null,"mail":"gartenbau@muenchen.de","website":null,"telefon":null,"zustaendiges_referat":"BAU G21","erzeugt_bearbeitet":"28.03.2023 / 29.09.2023","din_18040_1":null,"toilette_fuer_alle":null,"eignung_blindenhunde":null,"eingangstuer_typ":null,"eingangstuer_glasmarkierung":null,"eingangstuer_klingel_taster":null,"eingangstuer_leichte_fuehrung":null,"eingangstuer_radar_schluessel":null,"eingangstuer_euro_schluessel":null,"eingangstuer_wendekreis":null,"eingangstuer_breite":null,"rampe":null,"rampe_steigung":null,"treppe_vorhanden":null,"treppe_antirutsch":null,"treppe_blindenschrift":null,"treppe_gelaender":null,"treppe_kontrast_visuell":null,"treppe_kontrast_taktil":null,"treppe_stufenanzahl":null,"treppe_stufenhoehe":null,"rollstuhllift":null,"eingangsbereich_beschreibung":null,"gebaeudeinneres_gangbreite":null,"gebaeudeinneres_induktionsschleifen":null,"gebaeudeinneres_fuehrungsrillen":null,"gebaeudeinneres_ruhig":null,"gebaeudeinneres_beleuchtet":null,"aufzug_vorhanden":null,"aufzug_tuerbreite":null,"aufzug_tiefe":null,"aufzug_breite":null,"wctuer_typ":null,"wctuer_glasmarkierung":null,"wctuer_klingel_taster":null,"wctuer_leichte_fuehrung":null,"wctuer_radar_schluessel":null,"wctuer_euro_schluessel":null,"wctuer_wendekreis":null,"wctuer_breite":null,"wctuer_bemerkung":null,"wc_badewanne":null,"wc_dusche":null,"wc_spiegel":null,"wc_gelaender":null,"wc_deckenlifter":null,"wc_standlifter":null,"wc_liege":null,"wc_spiegelhoehe":null,"wc_handtuchspenderhoehe":null,"wc_seifenspender_hoehe":null,"wc_waschbecken_oberkante":null,"wc_waschbecken_hoehe_unterfahrbar":null,"wc_waschbecken_tiefe_unterfahrbar":null,"wc_buegel_rechts":null,"wc_buegel_links":null,"wc_buegel_distanz":null,"wc_buegelhoehe":null,"wc_sitzhoehe":null,"wc_platz_davor":null,"wc_platz_rechts":null,"wc_platz_links":null,"wc_spuelknopf_hinten":null,"wc_spuelknopf_rechts":null,"wc_spuelknopf_links":null,"wc_spuelknopf_hoehe":null,"wc_position_notruf":null,"wc_hoehe_notruf":null,"wc_bermerkung":null,"foto":null}},{"type":"Feature","id":"wc_finder_opendata.99","geometry":{"type":"Point","coordinates":[693677.5819,5333803.2831]},"geometry_name":"shape","properties":{"name":"Öffentliche Toilette \"Orleansplatz\"","stadt":"München","plz":81667,"strasse":"Orleansplatz","hausnr":null,"etage":null,"raumnummer":null,"oeffnungszeiten":"Täglich, 00.00-24.00 Uhr","kategorie":"divers/unisex","preis":1,"wickeln":0,"standort_beschreibung":null,"zustand":"voll funktionsfähig","einschraenkungen":null,"mail":"gartenbau@muenchen.de","website":null,"telefon":null,"zustaendiges_referat":"BAU-G21","erzeugt_bearbeitet":"28.03.2023 / 29.09.2023","din_18040_1":null,"toilette_fuer_alle":null,"eignung_blindenhunde":null,"eingangstuer_typ":null,"eingangstuer_glasmarkierung":null,"eingangstuer_klingel_taster":null,"eingangstuer_leichte_fuehrung":null,"eingangstuer_radar_schluessel":null,"eingangstuer_euro_schluessel":null,"eingangstuer_wendekreis":null,"eingangstuer_breite":null,"rampe":null,"rampe_steigung":null,"treppe_vorhanden":null,"treppe_antirutsch":null,"treppe_blindenschrift":null,"treppe_gelaender":null,"treppe_kontrast_visuell":null,"treppe_kontrast_taktil":null,"treppe_stufenanzahl":null,"treppe_stufenhoehe":null,"rollstuhllift":null,"eingangsbereich_beschreibung":null,"gebaeudeinneres_gangbreite":null,"gebaeudeinneres_induktionsschleifen":null,"gebaeudeinneres_fuehrungsrillen":null,"gebaeudeinneres_ruhig":null,"gebaeudeinneres_beleuchtet":null,"aufzug_vorhanden":null,"aufzug_tuerbreite":null,"aufzug_tiefe":null,"aufzug_breite":null,"wctuer_typ":null,"wctuer_glasmarkierung":null,"wctuer_klingel_taster":null,"wctuer_leichte_fuehrung":null,"wctuer_radar_schluessel":null,"wctuer_euro_schluessel":null,"wctuer_wendekreis":null,"wctuer_breite":null,"wctuer_bemerkung":null,"wc_badewanne":null,"wc_dusche":null,"wc_spiegel":null,"wc_gelaender":null,"wc_deckenlifter":null,"wc_standlifter":null,"wc_liege":null,"wc_spiegelhoehe":null,"wc_handtuchspenderhoehe":null,"wc_seifenspender_hoehe":null,"wc_waschbecken_oberkante":null,"wc_waschbecken_hoehe_unterfahrbar":null,"wc_waschbecken_tiefe_unterfahrbar":null,"wc_buegel_rechts":null,"wc_buegel_links":null,"wc_buegel_distanz":null,"wc_buegelhoehe":null,"wc_sitzhoehe":null,"wc_platz_davor":null,"wc_platz_rechts":null,"wc_platz_links":null,"wc_spuelknopf_hinten":null,"wc_spuelknopf_rechts":null,"wc_spuelknopf_links":null,"wc_spuelknopf_hoehe":null,"wc_position_notruf":null,"wc_hoehe_notruf":null,"wc_bermerkung":null,"foto":null}},{"type":"Feature","id":"wc_finder_opendata.100","geometry":{"type":"Point","coordinates":[691239.5411,5338474.9125]},"geometry_name":"shape","properties":{"name":"Öffentliche Toilette \"Luitpoldpark ost\"","stadt":"München","plz":80804,"strasse":null,"hausnr":null,"etage":null,"raumnummer":null,"oeffnungszeiten":"Mai – Oktober","kategorie":"divers/unisex","preis":null,"wickeln":0,"standort_beschreibung":null,"zustand":"voll funktionsfähig","einschraenkungen":null,"mail":"gartenbau@muenchen.de","website":null,"telefon":null,"zustaendiges_referat":"BAU-G23","erzeugt_bearbeitet":"28.03.2023 / 29.09.2023","din_18040_1":null,"toilette_fuer_alle":null,"eignung_blindenhunde":null,"eingangstuer_typ":null,"eingangstuer_glasmarkierung":null,"eingangstuer_klingel_taster":null,"eingangstuer_leichte_fuehrung":null,"eingangstuer_radar_schluessel":null,"eingangstuer_euro_schluessel":null,"eingangstuer_wendekreis":null,"eingangstuer_breite":null,"rampe":null,"rampe_steigung":null,"treppe_vorhanden":null,"treppe_antirutsch":null,"treppe_blindenschrift":null,"treppe_gelaender":null,"treppe_kontrast_visuell":null,"treppe_kontrast_taktil":null,"treppe_stufenanzahl":null,"treppe_stufenhoehe":null,"rollstuhllift":null,"eingangsbereich_beschreibung":null,"gebaeudeinneres_gangbreite":null,"gebaeudeinneres_induktionsschleifen":null,"gebaeudeinneres_fuehrungsrillen":null,"gebaeudeinneres_ruhig":null,"gebaeudeinneres_beleuchtet":null,"aufzug_vorhanden":null,"aufzug_tuerbreite":null,"aufzug_tiefe":null,"aufzug_breite":null,"wctuer_typ":null,"wctuer_glasmarkierung":null,"wctuer_klingel_taster":null,"wctuer_leichte_fuehrung":null,"wctuer_radar_schluessel":null,"wctuer_euro_schluessel":null,"wctuer_wendekreis":null,"wctuer_breite":null,"wctuer_bemerkung":null,"wc_badewanne":null,"wc_dusche":null,"wc_spiegel":null,"wc_gelaender":null,"wc_deckenlifter":null,"wc_standlifter":null,"wc_liege":null,"wc_spiegelhoehe":null,"wc_handtuchspenderhoehe":null,"wc_seifenspender_hoehe":null,"wc_waschbecken_oberkante":null,"wc_waschbecken_hoehe_unterfahrbar":null,"wc_waschbecken_tiefe_unterfahrbar":null,"wc_buegel_rechts":null,"wc_buegel_links":null,"wc_buegel_distanz":null,"wc_buegelhoehe":null,"wc_sitzhoehe":null,"wc_platz_davor":null,"wc_platz_rechts":null,"wc_platz_links":null,"wc_spuelknopf_hinten":null,"wc_spuelknopf_rechts":null,"wc_spuelknopf_links":null,"wc_spuelknopf_hoehe":null,"wc_position_notruf":null,"wc_hoehe_notruf":null,"wc_bermerkung":null,"foto":null}},{"type":"Feature","id":"wc_finder_opendata.101","geometry":{"type":"Point","coordinates":[687826.1882,5342325.2581]},"geometry_name":"shape","properties":{"name":"Öffentliche Toilette \"Fasaneriesee\" Nord","stadt":"München","plz":80995,"strasse":"Feldmochinger Str.","hausnr":"255","etage":null,"raumnummer":null,"oeffnungszeiten":"Täglich, 00.00-24.00 Uhr","kategorie":"divers/unisex","preis":0,"wickeln":0,"standort_beschreibung":null,"zustand":"voll funktionsfähig","einschraenkungen":null,"mail":"gartenbau@muenchen.de","website":null,"telefon":null,"zustaendiges_referat":"BAU G23","erzeugt_bearbeitet":"28.03.2023 / 29.09.2023","din_18040_1":null,"toilette_fuer_alle":null,"eignung_blindenhunde":null,"eingangstuer_typ":null,"eingangstuer_glasmarkierung":null,"eingangstuer_klingel_taster":null,"eingangstuer_leichte_fuehrung":null,"eingangstuer_radar_schluessel":null,"eingangstuer_euro_schluessel":null,"eingangstuer_wendekreis":null,"eingangstuer_breite":null,"rampe":null,"rampe_steigung":null,"treppe_vorhanden":null,"treppe_antirutsch":null,"treppe_blindenschrift":null,"treppe_gelaender":null,"treppe_kontrast_visuell":null,"treppe_kontrast_taktil":null,"treppe_stufenanzahl":null,"treppe_stufenhoehe":null,"rollstuhllift":null,"eingangsbereich_beschreibung":null,"gebaeudeinneres_gangbreite":null,"gebaeudeinneres_induktionsschleifen":null,"gebaeudeinneres_fuehrungsrillen":null,"gebaeudeinneres_ruhig":null,"gebaeudeinneres_beleuchtet":null,"aufzug_vorhanden":null,"aufzug_tuerbreite":null,"aufzug_tiefe":null,"aufzug_breite":null,"wctuer_typ":null,"wctuer_glasmarkierung":null,"wctuer_klingel_taster":null,"wctuer_leichte_fuehrung":null,"wctuer_radar_schluessel":null,"wctuer_euro_schluessel":null,"wctuer_wendekreis":null,"wctuer_breite":null,"wctuer_bemerkung":null,"wc_badewanne":null,"wc_dusche":null,"wc_spiegel":null,"wc_gelaender":null,"wc_deckenlifter":null,"wc_standlifter":null,"wc_liege":null,"wc_spiegelhoehe":null,"wc_handtuchspenderhoehe":null,"wc_seifenspender_hoehe":null,"wc_waschbecken_oberkante":null,"wc_waschbecken_hoehe_unterfahrbar":null,"wc_waschbecken_tiefe_unterfahrbar":null,"wc_buegel_rechts":null,"wc_buegel_links":null,"wc_buegel_distanz":null,"wc_buegelhoehe":null,"wc_sitzhoehe":null,"wc_platz_davor":null,"wc_platz_rechts":null,"wc_platz_links":null,"wc_spuelknopf_hinten":null,"wc_spuelknopf_rechts":null,"wc_spuelknopf_links":null,"wc_spuelknopf_hoehe":null,"wc_position_notruf":null,"wc_hoehe_notruf":null,"wc_bermerkung":null,"foto":null}},{"type":"Feature","id":"wc_finder_opendata.102","geometry":{"type":"Point","coordinates":[687325.0928,5346848.4971]},"geometry_name":"shape","properties":{"name":"WC-Anlage \"Regattaanlage\"","stadt":"München","plz":85764,"strasse":null,"hausnr":null,"etage":null,"raumnummer":null,"oeffnungszeiten":null,"kategorie":"divers/unisex","preis":0,"wickeln":0,"standort_beschreibung":null,"zustand":"voll funktionsfähig","einschraenkungen":null,"mail":"info@olympiapark.de","website":null,"telefon":null,"zustaendiges_referat":"MOG","erzeugt_bearbeitet":"29.09.2023 / 29.09.2023","din_18040_1":null,"toilette_fuer_alle":null,"eignung_blindenhunde":null,"eingangstuer_typ":null,"eingangstuer_glasmarkierung":null,"eingangstuer_klingel_taster":null,"eingangstuer_leichte_fuehrung":null,"eingangstuer_radar_schluessel":null,"eingangstuer_euro_schluessel":null,"eingangstuer_wendekreis":null,"eingangstuer_breite":null,"rampe":null,"rampe_steigung":null,"treppe_vorhanden":null,"treppe_antirutsch":null,"treppe_blindenschrift":null,"treppe_gelaender":null,"treppe_kontrast_visuell":null,"treppe_kontrast_taktil":null,"treppe_stufenanzahl":null,"treppe_stufenhoehe":null,"rollstuhllift":null,"eingangsbereich_beschreibung":null,"gebaeudeinneres_gangbreite":null,"gebaeudeinneres_induktionsschleifen":null,"gebaeudeinneres_fuehrungsrillen":null,"gebaeudeinneres_ruhig":null,"gebaeudeinneres_beleuchtet":null,"aufzug_vorhanden":null,"aufzug_tuerbreite":null,"aufzug_tiefe":null,"aufzug_breite":null,"wctuer_typ":null,"wctuer_glasmarkierung":null,"wctuer_klingel_taster":null,"wctuer_leichte_fuehrung":null,"wctuer_radar_schluessel":null,"wctuer_euro_schluessel":null,"wctuer_wendekreis":null,"wctuer_breite":null,"wctuer_bemerkung":null,"wc_badewanne":null,"wc_dusche":null,"wc_spiegel":null,"wc_gelaender":null,"wc_deckenlifter":null,"wc_standlifter":null,"wc_liege":null,"wc_spiegelhoehe":null,"wc_handtuchspenderhoehe":null,"wc_seifenspender_hoehe":null,"wc_waschbecken_oberkante":null,"wc_waschbecken_hoehe_unterfahrbar":null,"wc_waschbecken_tiefe_unterfahrbar":null,"wc_buegel_rechts":null,"wc_buegel_links":null,"wc_buegel_distanz":null,"wc_buegelhoehe":null,"wc_sitzhoehe":null,"wc_platz_davor":null,"wc_platz_rechts":null,"wc_platz_links":null,"wc_spuelknopf_hinten":null,"wc_spuelknopf_rechts":null,"wc_spuelknopf_links":null,"wc_spuelknopf_hoehe":null,"wc_position_notruf":null,"wc_hoehe_notruf":null,"wc_bermerkung":null,"foto":null}},{"type":"Feature","id":"wc_finder_opendata.103","geometry":{"type":"Point","coordinates":[701615.7551,5334170.3217]},"geometry_name":"shape","properties":{"name":"Öffentliche Toilette \"Riemer Park“   ","stadt":"München","plz":81829,"strasse":"Astrid-Lindgren-Str. ","hausnr":"63","etage":null,"raumnummer":null,"oeffnungszeiten":"ganzjährig","kategorie":"barrierefrei","preis":0,"wickeln":0,"standort_beschreibung":null,"zustand":"voll funktionsfähig","einschraenkungen":null,"mail":"gartenbau@muenchen.de","website":null,"telefon":null,"zustaendiges_referat":"BAU-G22","erzeugt_bearbeitet":"28.03.2023 / 29.09.2023","din_18040_1":0,"toilette_fuer_alle":0,"eignung_blindenhunde":0,"eingangstuer_typ":null,"eingangstuer_glasmarkierung":0,"eingangstuer_klingel_taster":0,"eingangstuer_leichte_fuehrung":0,"eingangstuer_radar_schluessel":0,"eingangstuer_euro_schluessel":0,"eingangstuer_wendekreis":null,"eingangstuer_breite":null,"rampe":null,"rampe_steigung":null,"treppe_vorhanden":0,"treppe_antirutsch":0,"treppe_blindenschrift":0,"treppe_gelaender":0,"treppe_kontrast_visuell":0,"treppe_kontrast_taktil":0,"treppe_stufenanzahl":null,"treppe_stufenhoehe":null,"rollstuhllift":0,"eingangsbereich_beschreibung":null,"gebaeudeinneres_gangbreite":null,"gebaeudeinneres_induktionsschleifen":0,"gebaeudeinneres_fuehrungsrillen":0,"gebaeudeinneres_ruhig":0,"gebaeudeinneres_beleuchtet":0,"aufzug_vorhanden":0,"aufzug_tuerbreite":null,"aufzug_tiefe":null,"aufzug_breite":null,"wctuer_typ":null,"wctuer_glasmarkierung":0,"wctuer_klingel_taster":0,"wctuer_leichte_fuehrung":0,"wctuer_radar_schluessel":0,"wctuer_euro_schluessel":0,"wctuer_wendekreis":null,"wctuer_breite":null,"wctuer_bemerkung":null,"wc_badewanne":0,"wc_dusche":0,"wc_spiegel":0,"wc_gelaender":0,"wc_deckenlifter":0,"wc_standlifter":0,"wc_liege":0,"wc_spiegelhoehe":null,"wc_handtuchspenderhoehe":null,"wc_seifenspender_hoehe":null,"wc_waschbecken_oberkante":null,"wc_waschbecken_hoehe_unterfahrbar":null,"wc_waschbecken_tiefe_unterfahrbar":null,"wc_buegel_rechts":0,"wc_buegel_links":0,"wc_buegel_distanz":null,"wc_buegelhoehe":null,"wc_sitzhoehe":null,"wc_platz_davor":null,"wc_platz_rechts":null,"wc_platz_links":null,"wc_spuelknopf_hinten":0,"wc_spuelknopf_rechts":0,"wc_spuelknopf_links":0,"wc_spuelknopf_hoehe":null,"wc_position_notruf":null,"wc_hoehe_notruf":null,"wc_bermerkung":null,"foto":null}},{"type":"Feature","id":"wc_finder_opendata.104","geometry":{"type":"Point","coordinates":[686796.7953,5332947.3554]},"geometry_name":"shape","properties":{"name":"WC-Anlage Westpark, Grillzone West","stadt":"München","plz":81377,"strasse":null,"hausnr":null,"etage":null,"raumnummer":null,"oeffnungszeiten":"Mai - Oktober","kategorie":"divers/unisex","preis":0,"wickeln":0,"standort_beschreibung":null,"zustand":"voll funktionsfähig","einschraenkungen":null,"mail":"gartenbau@muenchen.de","website":null,"telefon":null,"zustaendiges_referat":"BAU-G33","erzeugt_bearbeitet":"29.09.2023 / 29.09.2023","din_18040_1":null,"toilette_fuer_alle":null,"eignung_blindenhunde":null,"eingangstuer_typ":null,"eingangstuer_glasmarkierung":null,"eingangstuer_klingel_taster":null,"eingangstuer_leichte_fuehrung":null,"eingangstuer_radar_schluessel":null,"eingangstuer_euro_schluessel":null,"eingangstuer_wendekreis":null,"eingangstuer_breite":null,"rampe":null,"rampe_steigung":null,"treppe_vorhanden":null,"treppe_antirutsch":null,"treppe_blindenschrift":null,"treppe_gelaender":null,"treppe_kontrast_visuell":null,"treppe_kontrast_taktil":null,"treppe_stufenanzahl":null,"treppe_stufenhoehe":null,"rollstuhllift":null,"eingangsbereich_beschreibung":null,"gebaeudeinneres_gangbreite":null,"gebaeudeinneres_induktionsschleifen":null,"gebaeudeinneres_fuehrungsrillen":null,"gebaeudeinneres_ruhig":null,"gebaeudeinneres_beleuchtet":null,"aufzug_vorhanden":null,"aufzug_tuerbreite":null,"aufzug_tiefe":null,"aufzug_breite":null,"wctuer_typ":null,"wctuer_glasmarkierung":null,"wctuer_klingel_taster":null,"wctuer_leichte_fuehrung":null,"wctuer_radar_schluessel":null,"wctuer_euro_schluessel":null,"wctuer_wendekreis":null,"wctuer_breite":null,"wctuer_bemerkung":null,"wc_badewanne":null,"wc_dusche":null,"wc_spiegel":null,"wc_gelaender":null,"wc_deckenlifter":null,"wc_standlifter":null,"wc_liege":null,"wc_spiegelhoehe":null,"wc_handtuchspenderhoehe":null,"wc_seifenspender_hoehe":null,"wc_waschbecken_oberkante":null,"wc_waschbecken_hoehe_unterfahrbar":null,"wc_waschbecken_tiefe_unterfahrbar":null,"wc_buegel_rechts":null,"wc_buegel_links":null,"wc_buegel_distanz":null,"wc_buegelhoehe":null,"wc_sitzhoehe":null,"wc_platz_davor":null,"wc_platz_rechts":null,"wc_platz_links":null,"wc_spuelknopf_hinten":null,"wc_spuelknopf_rechts":null,"wc_spuelknopf_links":null,"wc_spuelknopf_hoehe":null,"wc_position_notruf":null,"wc_hoehe_notruf":null,"wc_bermerkung":null,"foto":null}},{"type":"Feature","id":"wc_finder_opendata.105","geometry":{"type":"Point","coordinates":[691747.5139,5339243.1403]},"geometry_name":"shape","properties":{"name":"Öffentliche Toilette \"Petuelpark\"","stadt":"München","plz":80804,"strasse":"Klopstockstr.","hausnr":"10","etage":null,"raumnummer":null,"oeffnungszeiten":"während der Öffnungszeiten des Cafe`s","kategorie":"barrierefrei","preis":0,"wickeln":0,"standort_beschreibung":"","zustand":"voll funktionsfähig","einschraenkungen":null,"mail":"gartenbau@muenchen.de","website":null,"telefon":null,"zustaendiges_referat":"BAU-G23","erzeugt_bearbeitet":"28.03.2023 / 29.09.2023","din_18040_1":0,"toilette_fuer_alle":0,"eignung_blindenhunde":0,"eingangstuer_typ":null,"eingangstuer_glasmarkierung":0,"eingangstuer_klingel_taster":0,"eingangstuer_leichte_fuehrung":0,"eingangstuer_radar_schluessel":0,"eingangstuer_euro_schluessel":0,"eingangstuer_wendekreis":null,"eingangstuer_breite":null,"rampe":null,"rampe_steigung":null,"treppe_vorhanden":0,"treppe_antirutsch":0,"treppe_blindenschrift":0,"treppe_gelaender":0,"treppe_kontrast_visuell":0,"treppe_kontrast_taktil":0,"treppe_stufenanzahl":null,"treppe_stufenhoehe":null,"rollstuhllift":0,"eingangsbereich_beschreibung":null,"gebaeudeinneres_gangbreite":null,"gebaeudeinneres_induktionsschleifen":0,"gebaeudeinneres_fuehrungsrillen":0,"gebaeudeinneres_ruhig":0,"gebaeudeinneres_beleuchtet":0,"aufzug_vorhanden":0,"aufzug_tuerbreite":null,"aufzug_tiefe":null,"aufzug_breite":null,"wctuer_typ":null,"wctuer_glasmarkierung":0,"wctuer_klingel_taster":0,"wctuer_leichte_fuehrung":0,"wctuer_radar_schluessel":0,"wctuer_euro_schluessel":0,"wctuer_wendekreis":null,"wctuer_breite":null,"wctuer_bemerkung":null,"wc_badewanne":0,"wc_dusche":0,"wc_spiegel":0,"wc_gelaender":0,"wc_deckenlifter":0,"wc_standlifter":0,"wc_liege":0,"wc_spiegelhoehe":null,"wc_handtuchspenderhoehe":null,"wc_seifenspender_hoehe":null,"wc_waschbecken_oberkante":null,"wc_waschbecken_hoehe_unterfahrbar":null,"wc_waschbecken_tiefe_unterfahrbar":null,"wc_buegel_rechts":0,"wc_buegel_links":0,"wc_buegel_distanz":null,"wc_buegelhoehe":null,"wc_sitzhoehe":null,"wc_platz_davor":null,"wc_platz_rechts":null,"wc_platz_links":null,"wc_spuelknopf_hinten":0,"wc_spuelknopf_rechts":0,"wc_spuelknopf_links":0,"wc_spuelknopf_hoehe":null,"wc_position_notruf":null,"wc_hoehe_notruf":null,"wc_bermerkung":null,"foto":null}},{"type":"Feature","id":"wc_finder_opendata.106","geometry":{"type":"Point","coordinates":[686953.1643,5333053.9827]},"geometry_name":"shape","properties":{"name":"WC-Anlage \"Westpark, Seebühne\"","stadt":"München","plz":81377,"strasse":null,"hausnr":null,"etage":null,"raumnummer":null,"oeffnungszeiten":"nur bei Veranstaltungen","kategorie":"divers/unisex","preis":0,"wickeln":0,"standort_beschreibung":null,"zustand":"voll funktionsfähig","einschraenkungen":null,"mail":"gartenbau@muenchen.de","website":null,"telefon":null,"zustaendiges_referat":"BAU-G33","erzeugt_bearbeitet":"29.09.2023 / 29.09.2023","din_18040_1":null,"toilette_fuer_alle":null,"eignung_blindenhunde":null,"eingangstuer_typ":null,"eingangstuer_glasmarkierung":null,"eingangstuer_klingel_taster":null,"eingangstuer_leichte_fuehrung":null,"eingangstuer_radar_schluessel":null,"eingangstuer_euro_schluessel":null,"eingangstuer_wendekreis":null,"eingangstuer_breite":null,"rampe":null,"rampe_steigung":null,"treppe_vorhanden":null,"treppe_antirutsch":null,"treppe_blindenschrift":null,"treppe_gelaender":null,"treppe_kontrast_visuell":null,"treppe_kontrast_taktil":null,"treppe_stufenanzahl":null,"treppe_stufenhoehe":null,"rollstuhllift":null,"eingangsbereich_beschreibung":null,"gebaeudeinneres_gangbreite":null,"gebaeudeinneres_induktionsschleifen":null,"gebaeudeinneres_fuehrungsrillen":null,"gebaeudeinneres_ruhig":null,"gebaeudeinneres_beleuchtet":null,"aufzug_vorhanden":null,"aufzug_tuerbreite":null,"aufzug_tiefe":null,"aufzug_breite":null,"wctuer_typ":null,"wctuer_glasmarkierung":null,"wctuer_klingel_taster":null,"wctuer_leichte_fuehrung":null,"wctuer_radar_schluessel":null,"wctuer_euro_schluessel":null,"wctuer_wendekreis":null,"wctuer_breite":null,"wctuer_bemerkung":null,"wc_badewanne":null,"wc_dusche":null,"wc_spiegel":null,"wc_gelaender":null,"wc_deckenlifter":null,"wc_standlifter":null,"wc_liege":null,"wc_spiegelhoehe":null,"wc_handtuchspenderhoehe":null,"wc_seifenspender_hoehe":null,"wc_waschbecken_oberkante":null,"wc_waschbecken_hoehe_unterfahrbar":null,"wc_waschbecken_tiefe_unterfahrbar":null,"wc_buegel_rechts":null,"wc_buegel_links":null,"wc_buegel_distanz":null,"wc_buegelhoehe":null,"wc_sitzhoehe":null,"wc_platz_davor":null,"wc_platz_rechts":null,"wc_platz_links":null,"wc_spuelknopf_hinten":null,"wc_spuelknopf_rechts":null,"wc_spuelknopf_links":null,"wc_spuelknopf_hoehe":null,"wc_position_notruf":null,"wc_hoehe_notruf":null,"wc_bermerkung":null,"foto":null}},{"type":"Feature","id":"wc_finder_opendata.107","geometry":{"type":"Point","coordinates":[696368.1778,5332505.4039]},"geometry_name":"shape","properties":{"name":"Öffentliche Toilette \"Ostpark“","stadt":"München","plz":81735,"strasse":"Feichtstraße ","hausnr":"10","etage":null,"raumnummer":null,"oeffnungszeiten":"Ganzjährig, während der Öffnungszeiten der Gastronomie","kategorie":"divers/unisex","preis":0,"wickeln":0,"standort_beschreibung":null,"zustand":"voll funktionsfähig","einschraenkungen":null,"mail":"gartenbau@muenchen.de","website":null,"telefon":null,"zustaendiges_referat":"BAU G 22","erzeugt_bearbeitet":"28.03.2023 / 29.09.2023","din_18040_1":null,"toilette_fuer_alle":null,"eignung_blindenhunde":null,"eingangstuer_typ":null,"eingangstuer_glasmarkierung":null,"eingangstuer_klingel_taster":null,"eingangstuer_leichte_fuehrung":null,"eingangstuer_radar_schluessel":null,"eingangstuer_euro_schluessel":null,"eingangstuer_wendekreis":null,"eingangstuer_breite":null,"rampe":null,"rampe_steigung":null,"treppe_vorhanden":null,"treppe_antirutsch":null,"treppe_blindenschrift":null,"treppe_gelaender":null,"treppe_kontrast_visuell":null,"treppe_kontrast_taktil":null,"treppe_stufenanzahl":null,"treppe_stufenhoehe":null,"rollstuhllift":null,"eingangsbereich_beschreibung":null,"gebaeudeinneres_gangbreite":null,"gebaeudeinneres_induktionsschleifen":null,"gebaeudeinneres_fuehrungsrillen":null,"gebaeudeinneres_ruhig":null,"gebaeudeinneres_beleuchtet":null,"aufzug_vorhanden":null,"aufzug_tuerbreite":null,"aufzug_tiefe":null,"aufzug_breite":null,"wctuer_typ":null,"wctuer_glasmarkierung":null,"wctuer_klingel_taster":null,"wctuer_leichte_fuehrung":null,"wctuer_radar_schluessel":null,"wctuer_euro_schluessel":null,"wctuer_wendekreis":null,"wctuer_breite":null,"wctuer_bemerkung":null,"wc_badewanne":null,"wc_dusche":null,"wc_spiegel":null,"wc_gelaender":null,"wc_deckenlifter":null,"wc_standlifter":null,"wc_liege":null,"wc_spiegelhoehe":null,"wc_handtuchspenderhoehe":null,"wc_seifenspender_hoehe":null,"wc_waschbecken_oberkante":null,"wc_waschbecken_hoehe_unterfahrbar":null,"wc_waschbecken_tiefe_unterfahrbar":null,"wc_buegel_rechts":null,"wc_buegel_links":null,"wc_buegel_distanz":null,"wc_buegelhoehe":null,"wc_sitzhoehe":null,"wc_platz_davor":null,"wc_platz_rechts":null,"wc_platz_links":null,"wc_spuelknopf_hinten":null,"wc_spuelknopf_rechts":null,"wc_spuelknopf_links":null,"wc_spuelknopf_hoehe":null,"wc_position_notruf":null,"wc_hoehe_notruf":null,"wc_bermerkung":null,"foto":null}},{"type":"Feature","id":"wc_finder_opendata.108","geometry":{"type":"Point","coordinates":[688851.9668,5334313.9754]},"geometry_name":"shape","properties":{"name":"Öffentliche Toilette \"Georg-Freundorfer-Platz\"","stadt":"München","plz":80339,"strasse":null,"hausnr":null,"etage":null,"raumnummer":null,"oeffnungszeiten":"ganzjährig täglich 06:00 -02:00 Uhr","kategorie":"divers/unisex und barrierefrei","preis":0,"wickeln":1,"standort_beschreibung":null,"zustand":"voll funktionsfähig","einschraenkungen":null,"mail":"service@hering-sanikonzept.de","website":"https://www.wc-fresh.com","telefon":"+49 2736 27-216","zustaendiges_referat":"BAU-G","erzeugt_bearbeitet":"12.09.2023 / 27.09.2023","din_18040_1":1,"toilette_fuer_alle":0,"eignung_blindenhunde":0,"eingangstuer_typ":null,"eingangstuer_glasmarkierung":0,"eingangstuer_klingel_taster":0,"eingangstuer_leichte_fuehrung":0,"eingangstuer_radar_schluessel":0,"eingangstuer_euro_schluessel":0,"eingangstuer_wendekreis":null,"eingangstuer_breite":null,"rampe":null,"rampe_steigung":null,"treppe_vorhanden":0,"treppe_antirutsch":0,"treppe_blindenschrift":0,"treppe_gelaender":0,"treppe_kontrast_visuell":0,"treppe_kontrast_taktil":0,"treppe_stufenanzahl":null,"treppe_stufenhoehe":null,"rollstuhllift":0,"eingangsbereich_beschreibung":null,"gebaeudeinneres_gangbreite":null,"gebaeudeinneres_induktionsschleifen":0,"gebaeudeinneres_fuehrungsrillen":0,"gebaeudeinneres_ruhig":0,"gebaeudeinneres_beleuchtet":0,"aufzug_vorhanden":0,"aufzug_tuerbreite":null,"aufzug_tiefe":null,"aufzug_breite":null,"wctuer_typ":null,"wctuer_glasmarkierung":0,"wctuer_klingel_taster":0,"wctuer_leichte_fuehrung":0,"wctuer_radar_schluessel":0,"wctuer_euro_schluessel":0,"wctuer_wendekreis":null,"wctuer_breite":null,"wctuer_bemerkung":null,"wc_badewanne":0,"wc_dusche":0,"wc_spiegel":0,"wc_gelaender":0,"wc_deckenlifter":0,"wc_standlifter":0,"wc_liege":0,"wc_spiegelhoehe":"mind. 100","wc_handtuchspenderhoehe":null,"wc_seifenspender_hoehe":null,"wc_waschbecken_oberkante":null,"wc_waschbecken_hoehe_unterfahrbar":null,"wc_waschbecken_tiefe_unterfahrbar":null,"wc_buegel_rechts":0,"wc_buegel_links":0,"wc_buegel_distanz":null,"wc_buegelhoehe":null,"wc_sitzhoehe":null,"wc_platz_davor":null,"wc_platz_rechts":"mind. 90","wc_platz_links":"mind. 90","wc_spuelknopf_hinten":0,"wc_spuelknopf_rechts":0,"wc_spuelknopf_links":null,"wc_spuelknopf_hoehe":null,"wc_position_notruf":"in der Nähe des WC-Beckens angebracht","wc_hoehe_notruf":null,"wc_bermerkung":null,"foto":null}},{"type":"Feature","id":"wc_finder_opendata.109","geometry":{"type":"Point","coordinates":[695621.6114,5333227.3958]},"geometry_name":"shape","properties":{"name":"Öffentliche Toilette \"Michaeli Anger\"","stadt":"München","plz":81671,"strasse":null,"hausnr":null,"etage":null,"raumnummer":null,"oeffnungszeiten":"ganzjährig täglich 06:00 -02:00 Uhr","kategorie":"divers/unisex und barrierefrei","preis":0,"wickeln":1,"standort_beschreibung":null,"zustand":"voll funktionsfähig","einschraenkungen":null,"mail":"service@hering-sanikonzept.de","website":"https://www.wc-fresh.com","telefon":"+49 2736 27-216","zustaendiges_referat":"BAU-G","erzeugt_bearbeitet":"12.09.2023 / 27.09.2023","din_18040_1":1,"toilette_fuer_alle":0,"eignung_blindenhunde":0,"eingangstuer_typ":null,"eingangstuer_glasmarkierung":0,"eingangstuer_klingel_taster":0,"eingangstuer_leichte_fuehrung":0,"eingangstuer_radar_schluessel":0,"eingangstuer_euro_schluessel":0,"eingangstuer_wendekreis":null,"eingangstuer_breite":null,"rampe":null,"rampe_steigung":null,"treppe_vorhanden":0,"treppe_antirutsch":0,"treppe_blindenschrift":0,"treppe_gelaender":0,"treppe_kontrast_visuell":0,"treppe_kontrast_taktil":0,"treppe_stufenanzahl":null,"treppe_stufenhoehe":null,"rollstuhllift":0,"eingangsbereich_beschreibung":null,"gebaeudeinneres_gangbreite":null,"gebaeudeinneres_induktionsschleifen":0,"gebaeudeinneres_fuehrungsrillen":0,"gebaeudeinneres_ruhig":0,"gebaeudeinneres_beleuchtet":0,"aufzug_vorhanden":0,"aufzug_tuerbreite":null,"aufzug_tiefe":null,"aufzug_breite":null,"wctuer_typ":null,"wctuer_glasmarkierung":0,"wctuer_klingel_taster":0,"wctuer_leichte_fuehrung":0,"wctuer_radar_schluessel":0,"wctuer_euro_schluessel":0,"wctuer_wendekreis":null,"wctuer_breite":null,"wctuer_bemerkung":null,"wc_badewanne":0,"wc_dusche":0,"wc_spiegel":0,"wc_gelaender":0,"wc_deckenlifter":0,"wc_standlifter":0,"wc_liege":0,"wc_spiegelhoehe":"mind. 100","wc_handtuchspenderhoehe":null,"wc_seifenspender_hoehe":null,"wc_waschbecken_oberkante":null,"wc_waschbecken_hoehe_unterfahrbar":null,"wc_waschbecken_tiefe_unterfahrbar":null,"wc_buegel_rechts":0,"wc_buegel_links":0,"wc_buegel_distanz":null,"wc_buegelhoehe":null,"wc_sitzhoehe":null,"wc_platz_davor":null,"wc_platz_rechts":"mind. 90","wc_platz_links":"mind. 90","wc_spuelknopf_hinten":0,"wc_spuelknopf_rechts":0,"wc_spuelknopf_links":null,"wc_spuelknopf_hoehe":null,"wc_position_notruf":"in der Nähe des WC-Beckens angebracht","wc_hoehe_notruf":null,"wc_bermerkung":null,"foto":null}},{"type":"Feature","id":"wc_finder_opendata.110","geometry":{"type":"Point","coordinates":[689680.808,5329754.9125]},"geometry_name":"shape","properties":{"name":"Toilettenanlage \"Floßlände\"","stadt":"München","plz":81379,"strasse":null,"hausnr":null,"etage":null,"raumnummer":null,"oeffnungszeiten":"ganzjährig täglich 06:00 -02:00 Uhr","kategorie":"divers/unisex und barrierefrei","preis":0,"wickeln":0,"standort_beschreibung":null,"zustand":"voll funktionsfähig","einschraenkungen":null,"mail":" service@hering-sanikonzept.de","website":"https://www.wc-fresh.com","telefon":"+49 2736 27-216","zustaendiges_referat":"BAU-J","erzeugt_bearbeitet":"28.03.2023 / 27.09.2023","din_18040_1":0,"toilette_fuer_alle":1,"eignung_blindenhunde":0,"eingangstuer_typ":null,"eingangstuer_glasmarkierung":0,"eingangstuer_klingel_taster":0,"eingangstuer_leichte_fuehrung":0,"eingangstuer_radar_schluessel":0,"eingangstuer_euro_schluessel":0,"eingangstuer_wendekreis":null,"eingangstuer_breite":null,"rampe":null,"rampe_steigung":null,"treppe_vorhanden":0,"treppe_antirutsch":0,"treppe_blindenschrift":0,"treppe_gelaender":0,"treppe_kontrast_visuell":0,"treppe_kontrast_taktil":0,"treppe_stufenanzahl":null,"treppe_stufenhoehe":null,"rollstuhllift":0,"eingangsbereich_beschreibung":null,"gebaeudeinneres_gangbreite":null,"gebaeudeinneres_induktionsschleifen":0,"gebaeudeinneres_fuehrungsrillen":0,"gebaeudeinneres_ruhig":0,"gebaeudeinneres_beleuchtet":0,"aufzug_vorhanden":0,"aufzug_tuerbreite":null,"aufzug_tiefe":null,"aufzug_breite":null,"wctuer_typ":null,"wctuer_glasmarkierung":0,"wctuer_klingel_taster":0,"wctuer_leichte_fuehrung":0,"wctuer_radar_schluessel":0,"wctuer_euro_schluessel":0,"wctuer_wendekreis":null,"wctuer_breite":null,"wctuer_bemerkung":null,"wc_badewanne":0,"wc_dusche":0,"wc_spiegel":0,"wc_gelaender":0,"wc_deckenlifter":0,"wc_standlifter":0,"wc_liege":0,"wc_spiegelhoehe":null,"wc_handtuchspenderhoehe":null,"wc_seifenspender_hoehe":null,"wc_waschbecken_oberkante":null,"wc_waschbecken_hoehe_unterfahrbar":null,"wc_waschbecken_tiefe_unterfahrbar":null,"wc_buegel_rechts":0,"wc_buegel_links":0,"wc_buegel_distanz":null,"wc_buegelhoehe":null,"wc_sitzhoehe":null,"wc_platz_davor":null,"wc_platz_rechts":null,"wc_platz_links":null,"wc_spuelknopf_hinten":0,"wc_spuelknopf_rechts":0,"wc_spuelknopf_links":0,"wc_spuelknopf_hoehe":null,"wc_position_notruf":null,"wc_hoehe_notruf":null,"wc_bermerkung":null,"foto":null}},{"type":"Feature","id":"wc_finder_opendata.111","geometry":{"type":"Point","coordinates":[691457.2283,5333265.5334]},"geometry_name":"shape","properties":{"name":"Öffentliche Toilette \"Eduard-Schmid-Straße\"","stadt":"München","plz":81541,"strasse":"Eduard-Schmid-Straße","hausnr":"36","etage":null,"raumnummer":null,"oeffnungszeiten":"ganzjährig täglich 06:00 -02:00 Uhr","kategorie":"barrierefrei","preis":0,"wickeln":1,"standort_beschreibung":null,"zustand":"voll funktionsfähig","einschraenkungen":null,"mail":"service@hering-sanikonzept.de","website":"https://www.wc-fresh.com","telefon":"+49 2736 27-216","zustaendiges_referat":"BAU-G","erzeugt_bearbeitet":"12.09.2023 / 27.09.2023","din_18040_1":1,"toilette_fuer_alle":0,"eignung_blindenhunde":0,"eingangstuer_typ":null,"eingangstuer_glasmarkierung":0,"eingangstuer_klingel_taster":0,"eingangstuer_leichte_fuehrung":0,"eingangstuer_radar_schluessel":0,"eingangstuer_euro_schluessel":0,"eingangstuer_wendekreis":null,"eingangstuer_breite":null,"rampe":null,"rampe_steigung":null,"treppe_vorhanden":0,"treppe_antirutsch":0,"treppe_blindenschrift":0,"treppe_gelaender":0,"treppe_kontrast_visuell":0,"treppe_kontrast_taktil":0,"treppe_stufenanzahl":null,"treppe_stufenhoehe":null,"rollstuhllift":0,"eingangsbereich_beschreibung":null,"gebaeudeinneres_gangbreite":null,"gebaeudeinneres_induktionsschleifen":0,"gebaeudeinneres_fuehrungsrillen":0,"gebaeudeinneres_ruhig":0,"gebaeudeinneres_beleuchtet":0,"aufzug_vorhanden":0,"aufzug_tuerbreite":null,"aufzug_tiefe":null,"aufzug_breite":null,"wctuer_typ":null,"wctuer_glasmarkierung":0,"wctuer_klingel_taster":0,"wctuer_leichte_fuehrung":0,"wctuer_radar_schluessel":0,"wctuer_euro_schluessel":0,"wctuer_wendekreis":null,"wctuer_breite":null,"wctuer_bemerkung":null,"wc_badewanne":0,"wc_dusche":0,"wc_spiegel":0,"wc_gelaender":0,"wc_deckenlifter":0,"wc_standlifter":0,"wc_liege":0,"wc_spiegelhoehe":"mind. 100","wc_handtuchspenderhoehe":null,"wc_seifenspender_hoehe":null,"wc_waschbecken_oberkante":null,"wc_waschbecken_hoehe_unterfahrbar":null,"wc_waschbecken_tiefe_unterfahrbar":null,"wc_buegel_rechts":0,"wc_buegel_links":0,"wc_buegel_distanz":null,"wc_buegelhoehe":null,"wc_sitzhoehe":null,"wc_platz_davor":null,"wc_platz_rechts":"mind. 90","wc_platz_links":"mind. 90","wc_spuelknopf_hinten":0,"wc_spuelknopf_rechts":0,"wc_spuelknopf_links":null,"wc_spuelknopf_hoehe":null,"wc_position_notruf":"in der Nähe des WC-Beckens angebracht","wc_hoehe_notruf":null,"wc_bermerkung":null,"foto":null}},{"type":"Feature","id":"wc_finder_opendata.112","geometry":{"type":"Point","coordinates":[685745.3508,5334631.7123]},"geometry_name":"shape","properties":{"name":"Öffentliche Toilette \"Valpichlerstraße\"","stadt":"München","plz":80686,"strasse":null,"hausnr":null,"etage":null,"raumnummer":null,"oeffnungszeiten":"ganzjährig täglich 06:00 -02:00 Uhr","kategorie":"divers/unisex und barrierefrei","preis":0,"wickeln":1,"standort_beschreibung":null,"zustand":"voll funktionsfähig","einschraenkungen":null,"mail":"service@hering-sanikonzept.de","website":"https://www.wc-fresh.com","telefon":"+49 2736 27-216","zustaendiges_referat":"BAU-G","erzeugt_bearbeitet":"12.09.2023 / 27.09.2023","din_18040_1":1,"toilette_fuer_alle":0,"eignung_blindenhunde":0,"eingangstuer_typ":null,"eingangstuer_glasmarkierung":0,"eingangstuer_klingel_taster":0,"eingangstuer_leichte_fuehrung":0,"eingangstuer_radar_schluessel":0,"eingangstuer_euro_schluessel":0,"eingangstuer_wendekreis":null,"eingangstuer_breite":null,"rampe":null,"rampe_steigung":null,"treppe_vorhanden":0,"treppe_antirutsch":0,"treppe_blindenschrift":0,"treppe_gelaender":0,"treppe_kontrast_visuell":0,"treppe_kontrast_taktil":0,"treppe_stufenanzahl":null,"treppe_stufenhoehe":null,"rollstuhllift":0,"eingangsbereich_beschreibung":null,"gebaeudeinneres_gangbreite":null,"gebaeudeinneres_induktionsschleifen":0,"gebaeudeinneres_fuehrungsrillen":0,"gebaeudeinneres_ruhig":0,"gebaeudeinneres_beleuchtet":0,"aufzug_vorhanden":0,"aufzug_tuerbreite":null,"aufzug_tiefe":null,"aufzug_breite":null,"wctuer_typ":null,"wctuer_glasmarkierung":0,"wctuer_klingel_taster":0,"wctuer_leichte_fuehrung":0,"wctuer_radar_schluessel":0,"wctuer_euro_schluessel":0,"wctuer_wendekreis":null,"wctuer_breite":null,"wctuer_bemerkung":null,"wc_badewanne":0,"wc_dusche":0,"wc_spiegel":0,"wc_gelaender":0,"wc_deckenlifter":0,"wc_standlifter":0,"wc_liege":0,"wc_spiegelhoehe":"mind. 100","wc_handtuchspenderhoehe":null,"wc_seifenspender_hoehe":null,"wc_waschbecken_oberkante":null,"wc_waschbecken_hoehe_unterfahrbar":null,"wc_waschbecken_tiefe_unterfahrbar":null,"wc_buegel_rechts":0,"wc_buegel_links":0,"wc_buegel_distanz":null,"wc_buegelhoehe":null,"wc_sitzhoehe":null,"wc_platz_davor":null,"wc_platz_rechts":"mind. 90","wc_platz_links":"mind. 90","wc_spuelknopf_hinten":0,"wc_spuelknopf_rechts":0,"wc_spuelknopf_links":null,"wc_spuelknopf_hoehe":null,"wc_position_notruf":"in der Nähe des WC-Beckens angebracht","wc_hoehe_notruf":null,"wc_bermerkung":null,"foto":null}},{"type":"Feature","id":"wc_finder_opendata.113","geometry":{"type":"Point","coordinates":[687060.0922,5330893.2053]},"geometry_name":"shape","properties":{"name":"Öffentliche Toilette \"Sendlinger Wald/ Südpark\"","stadt":"München","plz":81379,"strasse":null,"hausnr":null,"etage":null,"raumnummer":null,"oeffnungszeiten":"ganzjährig täglich 06:00 -02:00 Uhr","kategorie":"divers/unisex und barrierefrei","preis":0,"wickeln":0,"standort_beschreibung":null,"zustand":"voll funktionsfähig","einschraenkungen":null,"mail":"service@hering-sanikonzept.de","website":"https://www.wc-fresh.com","telefon":"+49 2736 27-216","zustaendiges_referat":"BAU-G","erzeugt_bearbeitet":"12.09.2023 / 27.09.2023","din_18040_1":1,"toilette_fuer_alle":0,"eignung_blindenhunde":0,"eingangstuer_typ":null,"eingangstuer_glasmarkierung":0,"eingangstuer_klingel_taster":0,"eingangstuer_leichte_fuehrung":0,"eingangstuer_radar_schluessel":0,"eingangstuer_euro_schluessel":0,"eingangstuer_wendekreis":null,"eingangstuer_breite":null,"rampe":null,"rampe_steigung":null,"treppe_vorhanden":0,"treppe_antirutsch":0,"treppe_blindenschrift":0,"treppe_gelaender":0,"treppe_kontrast_visuell":0,"treppe_kontrast_taktil":0,"treppe_stufenanzahl":null,"treppe_stufenhoehe":null,"rollstuhllift":0,"eingangsbereich_beschreibung":null,"gebaeudeinneres_gangbreite":null,"gebaeudeinneres_induktionsschleifen":0,"gebaeudeinneres_fuehrungsrillen":0,"gebaeudeinneres_ruhig":0,"gebaeudeinneres_beleuchtet":0,"aufzug_vorhanden":0,"aufzug_tuerbreite":null,"aufzug_tiefe":null,"aufzug_breite":null,"wctuer_typ":null,"wctuer_glasmarkierung":0,"wctuer_klingel_taster":0,"wctuer_leichte_fuehrung":0,"wctuer_radar_schluessel":0,"wctuer_euro_schluessel":0,"wctuer_wendekreis":null,"wctuer_breite":null,"wctuer_bemerkung":null,"wc_badewanne":0,"wc_dusche":0,"wc_spiegel":0,"wc_gelaender":0,"wc_deckenlifter":0,"wc_standlifter":0,"wc_liege":0,"wc_spiegelhoehe":"mind. 100","wc_handtuchspenderhoehe":null,"wc_seifenspender_hoehe":null,"wc_waschbecken_oberkante":null,"wc_waschbecken_hoehe_unterfahrbar":null,"wc_waschbecken_tiefe_unterfahrbar":null,"wc_buegel_rechts":0,"wc_buegel_links":0,"wc_buegel_distanz":null,"wc_buegelhoehe":null,"wc_sitzhoehe":null,"wc_platz_davor":null,"wc_platz_rechts":"mind. 90","wc_platz_links":"mind. 90","wc_spuelknopf_hinten":0,"wc_spuelknopf_rechts":0,"wc_spuelknopf_links":null,"wc_spuelknopf_hoehe":null,"wc_position_notruf":"in der Nähe des WC-Beckens angebracht","wc_hoehe_notruf":null,"wc_bermerkung":null,"foto":null}},{"type":"Feature","id":"wc_finder_opendata.114","geometry":{"type":"Point","coordinates":[692440.3881,5331488.4797]},"geometry_name":"shape","properties":{"name":"Öffentliche Toilettenanlage \"Weißenseepark\"","stadt":"München","plz":81539,"strasse":null,"hausnr":null,"etage":null,"raumnummer":null,"oeffnungszeiten":"ganzjährig täglich 06:00 -02:00 Uhr","kategorie":"divers/unisex und barrierefrei","preis":0,"wickeln":1,"standort_beschreibung":null,"zustand":"voll funktionsfähig","einschraenkungen":null,"mail":"service@hering-sanikonzept.de","website":"https://www.wc-fresh.com","telefon":"089 54369744","zustaendiges_referat":"BAU-G","erzeugt_bearbeitet":"12.09.2023 / 27.09.2023","din_18040_1":1,"toilette_fuer_alle":0,"eignung_blindenhunde":0,"eingangstuer_typ":null,"eingangstuer_glasmarkierung":0,"eingangstuer_klingel_taster":0,"eingangstuer_leichte_fuehrung":0,"eingangstuer_radar_schluessel":0,"eingangstuer_euro_schluessel":0,"eingangstuer_wendekreis":null,"eingangstuer_breite":null,"rampe":null,"rampe_steigung":null,"treppe_vorhanden":0,"treppe_antirutsch":0,"treppe_blindenschrift":0,"treppe_gelaender":0,"treppe_kontrast_visuell":0,"treppe_kontrast_taktil":0,"treppe_stufenanzahl":null,"treppe_stufenhoehe":null,"rollstuhllift":0,"eingangsbereich_beschreibung":null,"gebaeudeinneres_gangbreite":null,"gebaeudeinneres_induktionsschleifen":0,"gebaeudeinneres_fuehrungsrillen":0,"gebaeudeinneres_ruhig":0,"gebaeudeinneres_beleuchtet":0,"aufzug_vorhanden":0,"aufzug_tuerbreite":null,"aufzug_tiefe":null,"aufzug_breite":null,"wctuer_typ":null,"wctuer_glasmarkierung":0,"wctuer_klingel_taster":0,"wctuer_leichte_fuehrung":0,"wctuer_radar_schluessel":0,"wctuer_euro_schluessel":0,"wctuer_wendekreis":null,"wctuer_breite":null,"wctuer_bemerkung":null,"wc_badewanne":0,"wc_dusche":0,"wc_spiegel":0,"wc_gelaender":0,"wc_deckenlifter":0,"wc_standlifter":0,"wc_liege":0,"wc_spiegelhoehe":"mind. 100","wc_handtuchspenderhoehe":null,"wc_seifenspender_hoehe":null,"wc_waschbecken_oberkante":null,"wc_waschbecken_hoehe_unterfahrbar":null,"wc_waschbecken_tiefe_unterfahrbar":null,"wc_buegel_rechts":0,"wc_buegel_links":0,"wc_buegel_distanz":null,"wc_buegelhoehe":null,"wc_sitzhoehe":null,"wc_platz_davor":null,"wc_platz_rechts":"mind. 90","wc_platz_links":"mind. 90","wc_spuelknopf_hinten":0,"wc_spuelknopf_rechts":0,"wc_spuelknopf_links":null,"wc_spuelknopf_hoehe":null,"wc_position_notruf":"in der Nähe des WC-Beckens angebracht","wc_hoehe_notruf":null,"wc_bermerkung":null,"foto":null}},{"type":"Feature","id":"wc_finder_opendata.115","geometry":{"type":"Point","coordinates":[698004.6432,5329829.6464]},"geometry_name":"shape","properties":{"name":"Öffentliche Toilette \"Im Gefilde\"","stadt":"München","plz":81739,"strasse":null,"hausnr":null,"etage":null,"raumnummer":null,"oeffnungszeiten":"ganzjährig täglich 06:00 -02:00 Uhr","kategorie":"divers/unisex und barrierefrei","preis":0,"wickeln":1,"standort_beschreibung":null,"zustand":"voll funktionsfähig","einschraenkungen":null,"mail":"service@hering-sanikonzept.de","website":"https://www.wc-fresh.com","telefon":"+49 2736 27-216","zustaendiges_referat":"BAU-G","erzeugt_bearbeitet":"12.09.2023 / 27.09.2023","din_18040_1":1,"toilette_fuer_alle":0,"eignung_blindenhunde":0,"eingangstuer_typ":null,"eingangstuer_glasmarkierung":0,"eingangstuer_klingel_taster":0,"eingangstuer_leichte_fuehrung":0,"eingangstuer_radar_schluessel":0,"eingangstuer_euro_schluessel":0,"eingangstuer_wendekreis":null,"eingangstuer_breite":null,"rampe":null,"rampe_steigung":null,"treppe_vorhanden":0,"treppe_antirutsch":0,"treppe_blindenschrift":0,"treppe_gelaender":0,"treppe_kontrast_visuell":0,"treppe_kontrast_taktil":0,"treppe_stufenanzahl":null,"treppe_stufenhoehe":null,"rollstuhllift":0,"eingangsbereich_beschreibung":null,"gebaeudeinneres_gangbreite":null,"gebaeudeinneres_induktionsschleifen":0,"gebaeudeinneres_fuehrungsrillen":0,"gebaeudeinneres_ruhig":0,"gebaeudeinneres_beleuchtet":0,"aufzug_vorhanden":0,"aufzug_tuerbreite":null,"aufzug_tiefe":null,"aufzug_breite":null,"wctuer_typ":null,"wctuer_glasmarkierung":0,"wctuer_klingel_taster":0,"wctuer_leichte_fuehrung":0,"wctuer_radar_schluessel":0,"wctuer_euro_schluessel":0,"wctuer_wendekreis":null,"wctuer_breite":null,"wctuer_bemerkung":null,"wc_badewanne":0,"wc_dusche":0,"wc_spiegel":0,"wc_gelaender":0,"wc_deckenlifter":0,"wc_standlifter":0,"wc_liege":0,"wc_spiegelhoehe":"mind. 100","wc_handtuchspenderhoehe":null,"wc_seifenspender_hoehe":null,"wc_waschbecken_oberkante":null,"wc_waschbecken_hoehe_unterfahrbar":null,"wc_waschbecken_tiefe_unterfahrbar":null,"wc_buegel_rechts":0,"wc_buegel_links":0,"wc_buegel_distanz":null,"wc_buegelhoehe":null,"wc_sitzhoehe":null,"wc_platz_davor":null,"wc_platz_rechts":"mind. 90","wc_platz_links":"mind. 90","wc_spuelknopf_hinten":0,"wc_spuelknopf_rechts":0,"wc_spuelknopf_links":null,"wc_spuelknopf_hoehe":null,"wc_position_notruf":"in der Nähe des WC-Beckens angebracht","wc_hoehe_notruf":null,"wc_bermerkung":null,"foto":null}},{"type":"Feature","id":"wc_finder_opendata.116","geometry":{"type":"Point","coordinates":[692280.659,5332013.3886]},"geometry_name":"shape","properties":{"name":"Öffentliche Toilette \"Walchenseeplatz\"","stadt":"München","plz":81539,"strasse":null,"hausnr":null,"etage":null,"raumnummer":null,"oeffnungszeiten":"ganzjährig täglich 06:00 -02:00 Uhr","kategorie":"divers/unisex und barrierefrei","preis":0,"wickeln":1,"standort_beschreibung":null,"zustand":"voll funktionsfähig","einschraenkungen":null,"mail":" service@hering-sanikonzept.de","website":"https://www.wc-fresh.com","telefon":"+49 2736 27-216","zustaendiges_referat":"BAU-G","erzeugt_bearbeitet":"12.09.2023 / 27.09.2023","din_18040_1":1,"toilette_fuer_alle":0,"eignung_blindenhunde":0,"eingangstuer_typ":null,"eingangstuer_glasmarkierung":0,"eingangstuer_klingel_taster":0,"eingangstuer_leichte_fuehrung":0,"eingangstuer_radar_schluessel":0,"eingangstuer_euro_schluessel":0,"eingangstuer_wendekreis":null,"eingangstuer_breite":null,"rampe":null,"rampe_steigung":null,"treppe_vorhanden":0,"treppe_antirutsch":0,"treppe_blindenschrift":0,"treppe_gelaender":0,"treppe_kontrast_visuell":0,"treppe_kontrast_taktil":0,"treppe_stufenanzahl":null,"treppe_stufenhoehe":null,"rollstuhllift":0,"eingangsbereich_beschreibung":null,"gebaeudeinneres_gangbreite":null,"gebaeudeinneres_induktionsschleifen":0,"gebaeudeinneres_fuehrungsrillen":0,"gebaeudeinneres_ruhig":0,"gebaeudeinneres_beleuchtet":0,"aufzug_vorhanden":0,"aufzug_tuerbreite":null,"aufzug_tiefe":null,"aufzug_breite":null,"wctuer_typ":null,"wctuer_glasmarkierung":0,"wctuer_klingel_taster":0,"wctuer_leichte_fuehrung":0,"wctuer_radar_schluessel":0,"wctuer_euro_schluessel":0,"wctuer_wendekreis":null,"wctuer_breite":null,"wctuer_bemerkung":null,"wc_badewanne":0,"wc_dusche":0,"wc_spiegel":0,"wc_gelaender":0,"wc_deckenlifter":0,"wc_standlifter":0,"wc_liege":0,"wc_spiegelhoehe":"mind. 100","wc_handtuchspenderhoehe":null,"wc_seifenspender_hoehe":null,"wc_waschbecken_oberkante":null,"wc_waschbecken_hoehe_unterfahrbar":null,"wc_waschbecken_tiefe_unterfahrbar":null,"wc_buegel_rechts":0,"wc_buegel_links":0,"wc_buegel_distanz":null,"wc_buegelhoehe":null,"wc_sitzhoehe":null,"wc_platz_davor":null,"wc_platz_rechts":"mind. 90","wc_platz_links":"mind. 90","wc_spuelknopf_hinten":0,"wc_spuelknopf_rechts":0,"wc_spuelknopf_links":null,"wc_spuelknopf_hoehe":null,"wc_position_notruf":"in der Nähe des WC-Beckens angebracht","wc_hoehe_notruf":null,"wc_bermerkung":null,"foto":null}},{"type":"Feature","id":"wc_finder_opendata.117","geometry":{"type":"Point","coordinates":[695780.8604,5331876.6725]},"geometry_name":"shape","properties":{"name":"Öffentliche Toilette \"Am Graben\"","stadt":"München","plz":81735,"strasse":null,"hausnr":null,"etage":null,"raumnummer":null,"oeffnungszeiten":"ganzjährig täglich 06:00 -02:00 Uhr","kategorie":"divers/unisex und barrierefrei","preis":0,"wickeln":1,"standort_beschreibung":null,"zustand":"voll funktionsfähig","einschraenkungen":null,"mail":"service@hering-sanikonzept.de","website":"https://www.wc-fresh.com","telefon":"+49 2736 27-216","zustaendiges_referat":"BAU-G","erzeugt_bearbeitet":"12.09.2023 / 27.09.2023","din_18040_1":1,"toilette_fuer_alle":0,"eignung_blindenhunde":0,"eingangstuer_typ":null,"eingangstuer_glasmarkierung":0,"eingangstuer_klingel_taster":0,"eingangstuer_leichte_fuehrung":0,"eingangstuer_radar_schluessel":0,"eingangstuer_euro_schluessel":0,"eingangstuer_wendekreis":null,"eingangstuer_breite":null,"rampe":null,"rampe_steigung":null,"treppe_vorhanden":0,"treppe_antirutsch":0,"treppe_blindenschrift":0,"treppe_gelaender":0,"treppe_kontrast_visuell":0,"treppe_kontrast_taktil":0,"treppe_stufenanzahl":null,"treppe_stufenhoehe":null,"rollstuhllift":0,"eingangsbereich_beschreibung":null,"gebaeudeinneres_gangbreite":null,"gebaeudeinneres_induktionsschleifen":0,"gebaeudeinneres_fuehrungsrillen":0,"gebaeudeinneres_ruhig":0,"gebaeudeinneres_beleuchtet":0,"aufzug_vorhanden":0,"aufzug_tuerbreite":null,"aufzug_tiefe":null,"aufzug_breite":null,"wctuer_typ":null,"wctuer_glasmarkierung":0,"wctuer_klingel_taster":0,"wctuer_leichte_fuehrung":0,"wctuer_radar_schluessel":0,"wctuer_euro_schluessel":0,"wctuer_wendekreis":null,"wctuer_breite":null,"wctuer_bemerkung":null,"wc_badewanne":0,"wc_dusche":0,"wc_spiegel":0,"wc_gelaender":0,"wc_deckenlifter":0,"wc_standlifter":0,"wc_liege":0,"wc_spiegelhoehe":"mind. 100","wc_handtuchspenderhoehe":null,"wc_seifenspender_hoehe":null,"wc_waschbecken_oberkante":null,"wc_waschbecken_hoehe_unterfahrbar":null,"wc_waschbecken_tiefe_unterfahrbar":null,"wc_buegel_rechts":0,"wc_buegel_links":0,"wc_buegel_distanz":null,"wc_buegelhoehe":null,"wc_sitzhoehe":null,"wc_platz_davor":null,"wc_platz_rechts":"mind. 90","wc_platz_links":"mind. 90","wc_spuelknopf_hinten":0,"wc_spuelknopf_rechts":0,"wc_spuelknopf_links":null,"wc_spuelknopf_hoehe":null,"wc_position_notruf":"in der Nähe des WC-Beckens angebracht","wc_hoehe_notruf":null,"wc_bermerkung":null,"foto":null}},{"type":"Feature","id":"wc_finder_opendata.118","geometry":{"type":"Point","coordinates":[690685.4474,5334154.2566]},"geometry_name":"shape","properties":{"name":"Öffentliche Toilette \"Nußbaumpark\"","stadt":"München","plz":80336,"strasse":null,"hausnr":null,"etage":null,"raumnummer":null,"oeffnungszeiten":"ganzjährig täglich 06:00 -02:00 Uhr","kategorie":"divers/unisex und barrierefrei","preis":0,"wickeln":1,"standort_beschreibung":null,"zustand":"voll funktionsfähig","einschraenkungen":null,"mail":"service@hering-sanikonzept.de","website":"https://www.wc-fresh.com","telefon":"+49 2736 27-216","zustaendiges_referat":"BAU-G","erzeugt_bearbeitet":"12.09.2023 / 27.09.2023","din_18040_1":1,"toilette_fuer_alle":0,"eignung_blindenhunde":0,"eingangstuer_typ":null,"eingangstuer_glasmarkierung":0,"eingangstuer_klingel_taster":0,"eingangstuer_leichte_fuehrung":0,"eingangstuer_radar_schluessel":0,"eingangstuer_euro_schluessel":0,"eingangstuer_wendekreis":null,"eingangstuer_breite":null,"rampe":null,"rampe_steigung":null,"treppe_vorhanden":0,"treppe_antirutsch":0,"treppe_blindenschrift":0,"treppe_gelaender":0,"treppe_kontrast_visuell":0,"treppe_kontrast_taktil":0,"treppe_stufenanzahl":null,"treppe_stufenhoehe":null,"rollstuhllift":0,"eingangsbereich_beschreibung":null,"gebaeudeinneres_gangbreite":null,"gebaeudeinneres_induktionsschleifen":0,"gebaeudeinneres_fuehrungsrillen":0,"gebaeudeinneres_ruhig":0,"gebaeudeinneres_beleuchtet":0,"aufzug_vorhanden":0,"aufzug_tuerbreite":null,"aufzug_tiefe":null,"aufzug_breite":null,"wctuer_typ":null,"wctuer_glasmarkierung":0,"wctuer_klingel_taster":0,"wctuer_leichte_fuehrung":0,"wctuer_radar_schluessel":0,"wctuer_euro_schluessel":0,"wctuer_wendekreis":null,"wctuer_breite":null,"wctuer_bemerkung":null,"wc_badewanne":0,"wc_dusche":0,"wc_spiegel":0,"wc_gelaender":0,"wc_deckenlifter":0,"wc_standlifter":0,"wc_liege":0,"wc_spiegelhoehe":"mind. 100","wc_handtuchspenderhoehe":null,"wc_seifenspender_hoehe":null,"wc_waschbecken_oberkante":null,"wc_waschbecken_hoehe_unterfahrbar":null,"wc_waschbecken_tiefe_unterfahrbar":null,"wc_buegel_rechts":0,"wc_buegel_links":0,"wc_buegel_distanz":null,"wc_buegelhoehe":null,"wc_sitzhoehe":null,"wc_platz_davor":null,"wc_platz_rechts":"mind. 90","wc_platz_links":"mind. 90","wc_spuelknopf_hinten":0,"wc_spuelknopf_rechts":0,"wc_spuelknopf_links":null,"wc_spuelknopf_hoehe":null,"wc_position_notruf":"in der Nähe des WC-Beckens angebracht","wc_hoehe_notruf":null,"wc_bermerkung":null,"foto":null}},{"type":"Feature","id":"wc_finder_opendata.119","geometry":{"type":"Point","coordinates":[690316.351,5343855.3634]},"geometry_name":"shape","properties":{"name":"Öffentliche Toilette \"Goldschmiedplatz\"","stadt":"München","plz":80933,"strasse":"Schleißheimerstraße","hausnr":"520","etage":null,"raumnummer":null,"oeffnungszeiten":"ganzjährig täglich 06:00 -02:00 Uhr","kategorie":"divers/unisex und barrierefrei","preis":0,"wickeln":1,"standort_beschreibung":null,"zustand":"voll funktionsfähig","einschraenkungen":null,"mail":"service@hering-sanikonzept.de","website":"https://www.wc-fresh.com","telefon":"+49 2736 27-216","zustaendiges_referat":"BAU-G","erzeugt_bearbeitet":"12.09.2023 / 27.09.2023","din_18040_1":1,"toilette_fuer_alle":0,"eignung_blindenhunde":0,"eingangstuer_typ":null,"eingangstuer_glasmarkierung":0,"eingangstuer_klingel_taster":0,"eingangstuer_leichte_fuehrung":0,"eingangstuer_radar_schluessel":0,"eingangstuer_euro_schluessel":0,"eingangstuer_wendekreis":null,"eingangstuer_breite":null,"rampe":null,"rampe_steigung":null,"treppe_vorhanden":0,"treppe_antirutsch":0,"treppe_blindenschrift":0,"treppe_gelaender":0,"treppe_kontrast_visuell":0,"treppe_kontrast_taktil":0,"treppe_stufenanzahl":null,"treppe_stufenhoehe":null,"rollstuhllift":0,"eingangsbereich_beschreibung":null,"gebaeudeinneres_gangbreite":null,"gebaeudeinneres_induktionsschleifen":0,"gebaeudeinneres_fuehrungsrillen":0,"gebaeudeinneres_ruhig":0,"gebaeudeinneres_beleuchtet":0,"aufzug_vorhanden":0,"aufzug_tuerbreite":null,"aufzug_tiefe":null,"aufzug_breite":null,"wctuer_typ":null,"wctuer_glasmarkierung":0,"wctuer_klingel_taster":0,"wctuer_leichte_fuehrung":0,"wctuer_radar_schluessel":0,"wctuer_euro_schluessel":0,"wctuer_wendekreis":null,"wctuer_breite":null,"wctuer_bemerkung":null,"wc_badewanne":0,"wc_dusche":0,"wc_spiegel":0,"wc_gelaender":0,"wc_deckenlifter":0,"wc_standlifter":0,"wc_liege":0,"wc_spiegelhoehe":"mind. 100","wc_handtuchspenderhoehe":null,"wc_seifenspender_hoehe":null,"wc_waschbecken_oberkante":null,"wc_waschbecken_hoehe_unterfahrbar":null,"wc_waschbecken_tiefe_unterfahrbar":null,"wc_buegel_rechts":0,"wc_buegel_links":0,"wc_buegel_distanz":null,"wc_buegelhoehe":null,"wc_sitzhoehe":null,"wc_platz_davor":null,"wc_platz_rechts":"mind. 90","wc_platz_links":"mind. 90","wc_spuelknopf_hinten":0,"wc_spuelknopf_rechts":0,"wc_spuelknopf_links":null,"wc_spuelknopf_hoehe":null,"wc_position_notruf":"in der Nähe des WC-Beckens angebracht","wc_hoehe_notruf":null,"wc_bermerkung":null,"foto":null}},{"type":"Feature","id":"wc_finder_opendata.120","geometry":{"type":"Point","coordinates":[688016.2722,5332371.7719]},"geometry_name":"shape","properties":{"name":"Öffentliche Toilette \"Partnachplatz\"","stadt":"München","plz":81373,"strasse":null,"hausnr":null,"etage":null,"raumnummer":null,"oeffnungszeiten":"ganzjährig täglich 06:00 -02:00 Uhr","kategorie":"divers/unisex und barrierefrei","preis":0,"wickeln":1,"standort_beschreibung":null,"zustand":"voll funktionsfähig","einschraenkungen":null,"mail":"service@hering-sanikonzept.de","website":"https://www.wc-fresh.com","telefon":"+49 2736 27-216","zustaendiges_referat":"BAU-G","erzeugt_bearbeitet":"12.09.2023 / 27.09.2023","din_18040_1":1,"toilette_fuer_alle":0,"eignung_blindenhunde":0,"eingangstuer_typ":null,"eingangstuer_glasmarkierung":0,"eingangstuer_klingel_taster":0,"eingangstuer_leichte_fuehrung":0,"eingangstuer_radar_schluessel":0,"eingangstuer_euro_schluessel":0,"eingangstuer_wendekreis":null,"eingangstuer_breite":null,"rampe":null,"rampe_steigung":null,"treppe_vorhanden":0,"treppe_antirutsch":0,"treppe_blindenschrift":0,"treppe_gelaender":0,"treppe_kontrast_visuell":0,"treppe_kontrast_taktil":0,"treppe_stufenanzahl":null,"treppe_stufenhoehe":null,"rollstuhllift":0,"eingangsbereich_beschreibung":null,"gebaeudeinneres_gangbreite":null,"gebaeudeinneres_induktionsschleifen":0,"gebaeudeinneres_fuehrungsrillen":0,"gebaeudeinneres_ruhig":0,"gebaeudeinneres_beleuchtet":0,"aufzug_vorhanden":0,"aufzug_tuerbreite":null,"aufzug_tiefe":null,"aufzug_breite":null,"wctuer_typ":null,"wctuer_glasmarkierung":0,"wctuer_klingel_taster":0,"wctuer_leichte_fuehrung":0,"wctuer_radar_schluessel":0,"wctuer_euro_schluessel":0,"wctuer_wendekreis":null,"wctuer_breite":null,"wctuer_bemerkung":null,"wc_badewanne":0,"wc_dusche":0,"wc_spiegel":0,"wc_gelaender":0,"wc_deckenlifter":0,"wc_standlifter":0,"wc_liege":0,"wc_spiegelhoehe":"mind. 100","wc_handtuchspenderhoehe":null,"wc_seifenspender_hoehe":null,"wc_waschbecken_oberkante":null,"wc_waschbecken_hoehe_unterfahrbar":null,"wc_waschbecken_tiefe_unterfahrbar":null,"wc_buegel_rechts":0,"wc_buegel_links":0,"wc_buegel_distanz":null,"wc_buegelhoehe":null,"wc_sitzhoehe":null,"wc_platz_davor":null,"wc_platz_rechts":"mind. 90","wc_platz_links":"mind. 90","wc_spuelknopf_hinten":0,"wc_spuelknopf_rechts":0,"wc_spuelknopf_links":null,"wc_spuelknopf_hoehe":null,"wc_position_notruf":"in der Nähe des WC-Beckens angebracht","wc_hoehe_notruf":null,"wc_bermerkung":null,"foto":null}},{"type":"Feature","id":"wc_finder_opendata.121","geometry":{"type":"Point","coordinates":[690342.0732,5336458.794]},"geometry_name":"shape","properties":{"name":"Öffentliche Toilettenanlage \"Maßmannpark\"","stadt":"München","plz":80797,"strasse":null,"hausnr":null,"etage":null,"raumnummer":null,"oeffnungszeiten":"ganzjährig täglich 06:00 -02:00 Uhr","kategorie":"divers/unisex und barrierefrei","preis":0,"wickeln":1,"standort_beschreibung":null,"zustand":"voll funktionsfähig","einschraenkungen":null,"mail":"service@hering-sanikonzept.de","website":"https://www.wc-fresh.com","telefon":"+49 2736 27-216","zustaendiges_referat":"BAU-G","erzeugt_bearbeitet":"12.09.2023 / 27.09.2023","din_18040_1":1,"toilette_fuer_alle":0,"eignung_blindenhunde":0,"eingangstuer_typ":null,"eingangstuer_glasmarkierung":0,"eingangstuer_klingel_taster":0,"eingangstuer_leichte_fuehrung":0,"eingangstuer_radar_schluessel":0,"eingangstuer_euro_schluessel":0,"eingangstuer_wendekreis":null,"eingangstuer_breite":null,"rampe":null,"rampe_steigung":null,"treppe_vorhanden":0,"treppe_antirutsch":0,"treppe_blindenschrift":0,"treppe_gelaender":0,"treppe_kontrast_visuell":0,"treppe_kontrast_taktil":0,"treppe_stufenanzahl":null,"treppe_stufenhoehe":null,"rollstuhllift":0,"eingangsbereich_beschreibung":null,"gebaeudeinneres_gangbreite":null,"gebaeudeinneres_induktionsschleifen":0,"gebaeudeinneres_fuehrungsrillen":0,"gebaeudeinneres_ruhig":0,"gebaeudeinneres_beleuchtet":0,"aufzug_vorhanden":0,"aufzug_tuerbreite":null,"aufzug_tiefe":null,"aufzug_breite":null,"wctuer_typ":null,"wctuer_glasmarkierung":0,"wctuer_klingel_taster":0,"wctuer_leichte_fuehrung":0,"wctuer_radar_schluessel":0,"wctuer_euro_schluessel":0,"wctuer_wendekreis":null,"wctuer_breite":null,"wctuer_bemerkung":null,"wc_badewanne":0,"wc_dusche":0,"wc_spiegel":0,"wc_gelaender":0,"wc_deckenlifter":0,"wc_standlifter":0,"wc_liege":0,"wc_spiegelhoehe":"mind. 100","wc_handtuchspenderhoehe":null,"wc_seifenspender_hoehe":null,"wc_waschbecken_oberkante":null,"wc_waschbecken_hoehe_unterfahrbar":null,"wc_waschbecken_tiefe_unterfahrbar":null,"wc_buegel_rechts":0,"wc_buegel_links":0,"wc_buegel_distanz":null,"wc_buegelhoehe":null,"wc_sitzhoehe":null,"wc_platz_davor":null,"wc_platz_rechts":"mind. 90","wc_platz_links":"mind. 90","wc_spuelknopf_hinten":0,"wc_spuelknopf_rechts":0,"wc_spuelknopf_links":null,"wc_spuelknopf_hoehe":null,"wc_position_notruf":"in der Nähe des WC-Beckens angebracht","wc_hoehe_notruf":null,"wc_bermerkung":null,"foto":null}},{"type":"Feature","id":"wc_finder_opendata.122","geometry":{"type":"Point","coordinates":[688442.3698,5337597.0772]},"geometry_name":"shape","properties":{"name":"Öffentliche Toilette \"Taxispark\"","stadt":"München","plz":80637,"strasse":null,"hausnr":null,"etage":null,"raumnummer":null,"oeffnungszeiten":"ganzjährig täglich 06:00 -02:00 Uhr","kategorie":"divers/unisex und barrierefrei","preis":0,"wickeln":1,"standort_beschreibung":null,"zustand":"voll funktionsfähig","einschraenkungen":null,"mail":"service@hering-sanikonzept.de","website":"https://www.wc-fresh.com","telefon":"+49 2736 27-216","zustaendiges_referat":"BAU-G","erzeugt_bearbeitet":"12.09.2023 / 27.09.2023","din_18040_1":1,"toilette_fuer_alle":0,"eignung_blindenhunde":0,"eingangstuer_typ":null,"eingangstuer_glasmarkierung":0,"eingangstuer_klingel_taster":0,"eingangstuer_leichte_fuehrung":0,"eingangstuer_radar_schluessel":0,"eingangstuer_euro_schluessel":0,"eingangstuer_wendekreis":null,"eingangstuer_breite":null,"rampe":null,"rampe_steigung":null,"treppe_vorhanden":0,"treppe_antirutsch":0,"treppe_blindenschrift":0,"treppe_gelaender":0,"treppe_kontrast_visuell":0,"treppe_kontrast_taktil":0,"treppe_stufenanzahl":null,"treppe_stufenhoehe":null,"rollstuhllift":0,"eingangsbereich_beschreibung":null,"gebaeudeinneres_gangbreite":null,"gebaeudeinneres_induktionsschleifen":0,"gebaeudeinneres_fuehrungsrillen":0,"gebaeudeinneres_ruhig":0,"gebaeudeinneres_beleuchtet":0,"aufzug_vorhanden":0,"aufzug_tuerbreite":null,"aufzug_tiefe":null,"aufzug_breite":null,"wctuer_typ":null,"wctuer_glasmarkierung":0,"wctuer_klingel_taster":0,"wctuer_leichte_fuehrung":0,"wctuer_radar_schluessel":0,"wctuer_euro_schluessel":0,"wctuer_wendekreis":null,"wctuer_breite":null,"wctuer_bemerkung":null,"wc_badewanne":0,"wc_dusche":0,"wc_spiegel":0,"wc_gelaender":0,"wc_deckenlifter":0,"wc_standlifter":0,"wc_liege":0,"wc_spiegelhoehe":"mind. 100","wc_handtuchspenderhoehe":null,"wc_seifenspender_hoehe":null,"wc_waschbecken_oberkante":null,"wc_waschbecken_hoehe_unterfahrbar":null,"wc_waschbecken_tiefe_unterfahrbar":null,"wc_buegel_rechts":0,"wc_buegel_links":0,"wc_buegel_distanz":null,"wc_buegelhoehe":null,"wc_sitzhoehe":null,"wc_platz_davor":null,"wc_platz_rechts":"mind. 90","wc_platz_links":"mind. 90","wc_spuelknopf_hinten":0,"wc_spuelknopf_rechts":0,"wc_spuelknopf_links":null,"wc_spuelknopf_hoehe":null,"wc_position_notruf":"in der Nähe des WC-Beckens angebracht","wc_hoehe_notruf":null,"wc_bermerkung":null,"foto":null}},{"type":"Feature","id":"wc_finder_opendata.123","geometry":{"type":"Point","coordinates":[682874.16,5334452.19]},"geometry_name":"shape","properties":{"name":"Öffentliches Behinderten WC \"Friedhof Pasing\"","stadt":"München","plz":81241,"strasse":"Lampertstraße","hausnr":"1","etage":"EG","raumnummer":"2.2.2.008","oeffnungszeiten":"Saisonal abhängig von Öffnungszeiten der städt. Friedhöfe","kategorie":"barrierefrei","preis":null,"wickeln":0,"standort_beschreibung":null,"zustand":"voll funktionsfähig","einschraenkungen":null,"mail":"im-bfv.kom@muenchen.de","website":null,"telefon":null,"zustaendiges_referat":"Kommunalreferat","erzeugt_bearbeitet":"06.09.2023 / 06.09.2023","din_18040_1":null,"toilette_fuer_alle":1,"eignung_blindenhunde":1,"eingangstuer_typ":"Öffnet nach innen/Türanschlag links","eingangstuer_glasmarkierung":0,"eingangstuer_klingel_taster":1,"eingangstuer_leichte_fuehrung":1,"eingangstuer_radar_schluessel":0,"eingangstuer_euro_schluessel":0,"eingangstuer_wendekreis":"140","eingangstuer_breite":80,"rampe":"fest","rampe_steigung":"8,00%","treppe_vorhanden":0,"treppe_antirutsch":0,"treppe_blindenschrift":0,"treppe_gelaender":0,"treppe_kontrast_visuell":0,"treppe_kontrast_taktil":0,"treppe_stufenanzahl":2,"treppe_stufenhoehe":0,"rollstuhllift":0,"eingangsbereich_beschreibung":null,"gebaeudeinneres_gangbreite":null,"gebaeudeinneres_induktionsschleifen":0,"gebaeudeinneres_fuehrungsrillen":0,"gebaeudeinneres_ruhig":1,"gebaeudeinneres_beleuchtet":1,"aufzug_vorhanden":0,"aufzug_tuerbreite":null,"aufzug_tiefe":null,"aufzug_breite":null,"wctuer_typ":"Öffnet nach innen/Türanschlag rechts","wctuer_glasmarkierung":0,"wctuer_klingel_taster":0,"wctuer_leichte_fuehrung":1,"wctuer_radar_schluessel":0,"wctuer_euro_schluessel":0,"wctuer_wendekreis":"110","wctuer_breite":86,"wctuer_bemerkung":null,"wc_badewanne":0,"wc_dusche":0,"wc_spiegel":1,"wc_gelaender":1,"wc_deckenlifter":0,"wc_standlifter":0,"wc_liege":0,"wc_spiegelhoehe":"135","wc_handtuchspenderhoehe":130,"wc_seifenspender_hoehe":115,"wc_waschbecken_oberkante":87,"wc_waschbecken_hoehe_unterfahrbar":"75","wc_waschbecken_tiefe_unterfahrbar":71,"wc_buegel_rechts":0,"wc_buegel_links":1,"wc_buegel_distanz":null,"wc_buegelhoehe":85,"wc_sitzhoehe":47,"wc_platz_davor":200,"wc_platz_rechts":"200","wc_platz_links":"10","wc_spuelknopf_hinten":1,"wc_spuelknopf_rechts":0,"wc_spuelknopf_links":0,"wc_spuelknopf_hoehe":105,"wc_position_notruf":"rechts","wc_hoehe_notruf":"120/260","wc_bermerkung":null,"foto":null}},{"type":"Feature","id":"wc_finder_opendata.124","geometry":{"type":"Point","coordinates":[682569.62,5341497.5]},"geometry_name":"shape","properties":{"name":"Öffentliche Toilette \"Friedhof Allach\"","stadt":"München","plz":80999,"strasse":"Eversbuschstraße","hausnr":"197","etage":"EG","raumnummer":null,"oeffnungszeiten":"Saisonal abhängig von Öffnungszeiten der städt. Friedhöfe","kategorie":"männlich","preis":null,"wickeln":0,"standort_beschreibung":null,"zustand":"voll funktionsfähig","einschraenkungen":null,"mail":"im-bfv.kom@muenchen.de","website":null,"telefon":"891465590","zustaendiges_referat":"Kommunalreferat","erzeugt_bearbeitet":"06.09.2023 / 06.09.2023","din_18040_1":null,"toilette_fuer_alle":null,"eignung_blindenhunde":null,"eingangstuer_typ":null,"eingangstuer_glasmarkierung":null,"eingangstuer_klingel_taster":null,"eingangstuer_leichte_fuehrung":null,"eingangstuer_radar_schluessel":null,"eingangstuer_euro_schluessel":null,"eingangstuer_wendekreis":null,"eingangstuer_breite":null,"rampe":null,"rampe_steigung":null,"treppe_vorhanden":null,"treppe_antirutsch":null,"treppe_blindenschrift":null,"treppe_gelaender":null,"treppe_kontrast_visuell":null,"treppe_kontrast_taktil":null,"treppe_stufenanzahl":null,"treppe_stufenhoehe":null,"rollstuhllift":null,"eingangsbereich_beschreibung":null,"gebaeudeinneres_gangbreite":null,"gebaeudeinneres_induktionsschleifen":null,"gebaeudeinneres_fuehrungsrillen":null,"gebaeudeinneres_ruhig":null,"gebaeudeinneres_beleuchtet":null,"aufzug_vorhanden":null,"aufzug_tuerbreite":null,"aufzug_tiefe":null,"aufzug_breite":null,"wctuer_typ":null,"wctuer_glasmarkierung":null,"wctuer_klingel_taster":null,"wctuer_leichte_fuehrung":null,"wctuer_radar_schluessel":null,"wctuer_euro_schluessel":null,"wctuer_wendekreis":null,"wctuer_breite":null,"wctuer_bemerkung":null,"wc_badewanne":null,"wc_dusche":null,"wc_spiegel":null,"wc_gelaender":null,"wc_deckenlifter":null,"wc_standlifter":null,"wc_liege":null,"wc_spiegelhoehe":null,"wc_handtuchspenderhoehe":null,"wc_seifenspender_hoehe":null,"wc_waschbecken_oberkante":null,"wc_waschbecken_hoehe_unterfahrbar":null,"wc_waschbecken_tiefe_unterfahrbar":null,"wc_buegel_rechts":null,"wc_buegel_links":null,"wc_buegel_distanz":null,"wc_buegelhoehe":null,"wc_sitzhoehe":null,"wc_platz_davor":null,"wc_platz_rechts":null,"wc_platz_links":null,"wc_spuelknopf_hinten":null,"wc_spuelknopf_rechts":null,"wc_spuelknopf_links":null,"wc_spuelknopf_hoehe":null,"wc_position_notruf":null,"wc_hoehe_notruf":null,"wc_bermerkung":null,"foto":null}},{"type":"Feature","id":"wc_finder_opendata.125","geometry":{"type":"Point","coordinates":[682900.72,5338981.88]},"geometry_name":"shape","properties":{"name":"Öffentliche Toilette \"Friedhof Untermenzing\"","stadt":"München","plz":81247,"strasse":"Eversbuschstraße","hausnr":"9a","etage":"EG","raumnummer":"0.1.1.005","oeffnungszeiten":"Saisonal abhängig von Öffnungszeiten der städt. Friedhöfe","kategorie":"männlich","preis":null,"wickeln":0,"standort_beschreibung":null,"zustand":"voll funktionsfähig","einschraenkungen":null,"mail":"im-bfv.kom@muenchen.de","website":null,"telefon":"891465590","zustaendiges_referat":"Kommunalreferat","erzeugt_bearbeitet":"06.09.2023 / 06.09.2023","din_18040_1":null,"toilette_fuer_alle":null,"eignung_blindenhunde":null,"eingangstuer_typ":null,"eingangstuer_glasmarkierung":null,"eingangstuer_klingel_taster":null,"eingangstuer_leichte_fuehrung":null,"eingangstuer_radar_schluessel":null,"eingangstuer_euro_schluessel":null,"eingangstuer_wendekreis":null,"eingangstuer_breite":null,"rampe":null,"rampe_steigung":null,"treppe_vorhanden":null,"treppe_antirutsch":null,"treppe_blindenschrift":null,"treppe_gelaender":null,"treppe_kontrast_visuell":null,"treppe_kontrast_taktil":null,"treppe_stufenanzahl":null,"treppe_stufenhoehe":null,"rollstuhllift":null,"eingangsbereich_beschreibung":null,"gebaeudeinneres_gangbreite":null,"gebaeudeinneres_induktionsschleifen":null,"gebaeudeinneres_fuehrungsrillen":null,"gebaeudeinneres_ruhig":null,"gebaeudeinneres_beleuchtet":null,"aufzug_vorhanden":null,"aufzug_tuerbreite":null,"aufzug_tiefe":null,"aufzug_breite":null,"wctuer_typ":null,"wctuer_glasmarkierung":null,"wctuer_klingel_taster":null,"wctuer_leichte_fuehrung":null,"wctuer_radar_schluessel":null,"wctuer_euro_schluessel":null,"wctuer_wendekreis":null,"wctuer_breite":null,"wctuer_bemerkung":null,"wc_badewanne":null,"wc_dusche":null,"wc_spiegel":null,"wc_gelaender":null,"wc_deckenlifter":null,"wc_standlifter":null,"wc_liege":null,"wc_spiegelhoehe":null,"wc_handtuchspenderhoehe":null,"wc_seifenspender_hoehe":null,"wc_waschbecken_oberkante":null,"wc_waschbecken_hoehe_unterfahrbar":null,"wc_waschbecken_tiefe_unterfahrbar":null,"wc_buegel_rechts":null,"wc_buegel_links":null,"wc_buegel_distanz":null,"wc_buegelhoehe":null,"wc_sitzhoehe":null,"wc_platz_davor":null,"wc_platz_rechts":null,"wc_platz_links":null,"wc_spuelknopf_hinten":null,"wc_spuelknopf_rechts":null,"wc_spuelknopf_links":null,"wc_spuelknopf_hoehe":null,"wc_position_notruf":null,"wc_hoehe_notruf":null,"wc_bermerkung":null,"foto":null}},{"type":"Feature","id":"wc_finder_opendata.126","geometry":{"type":"Point","coordinates":[682877.0445,5334466.5888]},"geometry_name":"shape","properties":{"name":"Öffentliche Toilette \"Friedhof Pasing\"","stadt":"München","plz":81241,"strasse":"Lampertstraße","hausnr":"1","etage":"EG","raumnummer":"2.2.2.007","oeffnungszeiten":"Saisonal abhängig von Öffnungszeiten der städt. Friedhöfe","kategorie":"weiblich","preis":null,"wickeln":0,"standort_beschreibung":null,"zustand":"voll funktionsfähig","einschraenkungen":null,"mail":"im-bfv.kom@muenchen.de","website":null,"telefon":null,"zustaendiges_referat":"Kommunalreferat","erzeugt_bearbeitet":"06.09.2023 / 06.09.2023","din_18040_1":null,"toilette_fuer_alle":null,"eignung_blindenhunde":null,"eingangstuer_typ":null,"eingangstuer_glasmarkierung":null,"eingangstuer_klingel_taster":null,"eingangstuer_leichte_fuehrung":null,"eingangstuer_radar_schluessel":null,"eingangstuer_euro_schluessel":null,"eingangstuer_wendekreis":null,"eingangstuer_breite":null,"rampe":null,"rampe_steigung":null,"treppe_vorhanden":null,"treppe_antirutsch":null,"treppe_blindenschrift":null,"treppe_gelaender":null,"treppe_kontrast_visuell":null,"treppe_kontrast_taktil":null,"treppe_stufenanzahl":null,"treppe_stufenhoehe":null,"rollstuhllift":null,"eingangsbereich_beschreibung":null,"gebaeudeinneres_gangbreite":null,"gebaeudeinneres_induktionsschleifen":null,"gebaeudeinneres_fuehrungsrillen":null,"gebaeudeinneres_ruhig":null,"gebaeudeinneres_beleuchtet":null,"aufzug_vorhanden":null,"aufzug_tuerbreite":null,"aufzug_tiefe":null,"aufzug_breite":null,"wctuer_typ":null,"wctuer_glasmarkierung":null,"wctuer_klingel_taster":null,"wctuer_leichte_fuehrung":null,"wctuer_radar_schluessel":null,"wctuer_euro_schluessel":null,"wctuer_wendekreis":null,"wctuer_breite":null,"wctuer_bemerkung":null,"wc_badewanne":null,"wc_dusche":null,"wc_spiegel":null,"wc_gelaender":null,"wc_deckenlifter":null,"wc_standlifter":null,"wc_liege":null,"wc_spiegelhoehe":null,"wc_handtuchspenderhoehe":null,"wc_seifenspender_hoehe":null,"wc_waschbecken_oberkante":null,"wc_waschbecken_hoehe_unterfahrbar":null,"wc_waschbecken_tiefe_unterfahrbar":null,"wc_buegel_rechts":null,"wc_buegel_links":null,"wc_buegel_distanz":null,"wc_buegelhoehe":null,"wc_sitzhoehe":null,"wc_platz_davor":null,"wc_platz_rechts":null,"wc_platz_links":null,"wc_spuelknopf_hinten":null,"wc_spuelknopf_rechts":null,"wc_spuelknopf_links":null,"wc_spuelknopf_hoehe":null,"wc_position_notruf":null,"wc_hoehe_notruf":null,"wc_bermerkung":null,"foto":null}},{"type":"Feature","id":"wc_finder_opendata.127","geometry":{"type":"Point","coordinates":[682057.4072,5337526.4718]},"geometry_name":"shape","properties":{"name":"Öffentliche Toilette \"Friedhof Obermenzing\"","stadt":"München","plz":81245,"strasse":"Bergsonstraße","hausnr":"34","etage":"EG","raumnummer":"1.1.1.005","oeffnungszeiten":"Saisonal abhängig von Öffnungszeiten der städt. Friedhöfe","kategorie":"männlich","preis":null,"wickeln":0,"standort_beschreibung":null,"zustand":"voll funktionsfähig","einschraenkungen":null,"mail":"im-bfv.kom@muenchen.de","website":null,"telefon":null,"zustaendiges_referat":"Kommunalreferat","erzeugt_bearbeitet":"06.09.2023 / 06.09.2023","din_18040_1":null,"toilette_fuer_alle":null,"eignung_blindenhunde":null,"eingangstuer_typ":null,"eingangstuer_glasmarkierung":null,"eingangstuer_klingel_taster":null,"eingangstuer_leichte_fuehrung":null,"eingangstuer_radar_schluessel":null,"eingangstuer_euro_schluessel":null,"eingangstuer_wendekreis":null,"eingangstuer_breite":null,"rampe":null,"rampe_steigung":null,"treppe_vorhanden":null,"treppe_antirutsch":null,"treppe_blindenschrift":null,"treppe_gelaender":null,"treppe_kontrast_visuell":null,"treppe_kontrast_taktil":null,"treppe_stufenanzahl":null,"treppe_stufenhoehe":null,"rollstuhllift":null,"eingangsbereich_beschreibung":null,"gebaeudeinneres_gangbreite":null,"gebaeudeinneres_induktionsschleifen":null,"gebaeudeinneres_fuehrungsrillen":null,"gebaeudeinneres_ruhig":null,"gebaeudeinneres_beleuchtet":null,"aufzug_vorhanden":null,"aufzug_tuerbreite":null,"aufzug_tiefe":null,"aufzug_breite":null,"wctuer_typ":null,"wctuer_glasmarkierung":null,"wctuer_klingel_taster":null,"wctuer_leichte_fuehrung":null,"wctuer_radar_schluessel":null,"wctuer_euro_schluessel":null,"wctuer_wendekreis":null,"wctuer_breite":null,"wctuer_bemerkung":null,"wc_badewanne":null,"wc_dusche":null,"wc_spiegel":null,"wc_gelaender":null,"wc_deckenlifter":null,"wc_standlifter":null,"wc_liege":null,"wc_spiegelhoehe":null,"wc_handtuchspenderhoehe":null,"wc_seifenspender_hoehe":null,"wc_waschbecken_oberkante":null,"wc_waschbecken_hoehe_unterfahrbar":null,"wc_waschbecken_tiefe_unterfahrbar":null,"wc_buegel_rechts":null,"wc_buegel_links":null,"wc_buegel_distanz":null,"wc_buegelhoehe":null,"wc_sitzhoehe":null,"wc_platz_davor":null,"wc_platz_rechts":null,"wc_platz_links":null,"wc_spuelknopf_hinten":null,"wc_spuelknopf_rechts":null,"wc_spuelknopf_links":null,"wc_spuelknopf_hoehe":null,"wc_position_notruf":null,"wc_hoehe_notruf":null,"wc_bermerkung":null,"foto":null}},{"type":"Feature","id":"wc_finder_opendata.128","geometry":{"type":"Point","coordinates":[687779.89,5338206.24]},"geometry_name":"shape","properties":{"name":"Besuchertoilette Westfriedhof","stadt":"München","plz":80637,"strasse":"Baldurstraße","hausnr":"28","etage":"EG","raumnummer":null,"oeffnungszeiten":"Täglich währen der Öffnungszeiten des Friedhofes","kategorie":"barrierefrei","preis":null,"wickeln":0,"standort_beschreibung":"Im Betriebshof Hintergebäude der Damen und Herren WC","zustand":"voll funktionsfähig","einschraenkungen":null,"mail":"im-bfv.kom@muenchen.de","website":null,"telefon":"089/23326198","zustaendiges_referat":"Kommunalreferat","erzeugt_bearbeitet":"06.09.2023 / 06.09.2023","din_18040_1":null,"toilette_fuer_alle":1,"eignung_blindenhunde":1,"eingangstuer_typ":"Öffnet nach außen/Türanschlag rechts","eingangstuer_glasmarkierung":0,"eingangstuer_klingel_taster":1,"eingangstuer_leichte_fuehrung":1,"eingangstuer_radar_schluessel":0,"eingangstuer_euro_schluessel":0,"eingangstuer_wendekreis":"80","eingangstuer_breite":80,"rampe":"fest","rampe_steigung":"3,00%","treppe_vorhanden":0,"treppe_antirutsch":0,"treppe_blindenschrift":0,"treppe_gelaender":0,"treppe_kontrast_visuell":0,"treppe_kontrast_taktil":0,"treppe_stufenanzahl":0,"treppe_stufenhoehe":0,"rollstuhllift":0,"eingangsbereich_beschreibung":null,"gebaeudeinneres_gangbreite":"105","gebaeudeinneres_induktionsschleifen":0,"gebaeudeinneres_fuehrungsrillen":0,"gebaeudeinneres_ruhig":1,"gebaeudeinneres_beleuchtet":1,"aufzug_vorhanden":0,"aufzug_tuerbreite":0,"aufzug_tiefe":0,"aufzug_breite":0,"wctuer_typ":"Öffnet nach außen/Türanschlag rechts","wctuer_glasmarkierung":0,"wctuer_klingel_taster":1,"wctuer_leichte_fuehrung":1,"wctuer_radar_schluessel":0,"wctuer_euro_schluessel":0,"wctuer_wendekreis":"80","wctuer_breite":80,"wctuer_bemerkung":null,"wc_badewanne":0,"wc_dusche":0,"wc_spiegel":1,"wc_gelaender":1,"wc_deckenlifter":0,"wc_standlifter":0,"wc_liege":0,"wc_spiegelhoehe":"105","wc_handtuchspenderhoehe":90,"wc_seifenspender_hoehe":90,"wc_waschbecken_oberkante":85,"wc_waschbecken_hoehe_unterfahrbar":"75","wc_waschbecken_tiefe_unterfahrbar":48,"wc_buegel_rechts":1,"wc_buegel_links":1,"wc_buegel_distanz":85,"wc_buegelhoehe":72,"wc_sitzhoehe":46,"wc_platz_davor":118,"wc_platz_rechts":"26","wc_platz_links":"26","wc_spuelknopf_hinten":1,"wc_spuelknopf_rechts":0,"wc_spuelknopf_links":0,"wc_spuelknopf_hoehe":100,"wc_position_notruf":"links","wc_hoehe_notruf":"175","wc_bermerkung":null,"foto":null}},{"type":"Feature","id":"wc_finder_opendata.129","geometry":{"type":"Point","coordinates":[682904.36,5338982.02]},"geometry_name":"shape","properties":{"name":"Öffentliche Toilette \"Friedhof Untermenzing\"","stadt":"München","plz":81247,"strasse":"Eversbuschstraße","hausnr":"9a","etage":"EG","raumnummer":"0.1.1.007","oeffnungszeiten":"Saisonal abhängig von Öffnungszeiten der städt. Friedhöfe","kategorie":"weiblich","preis":null,"wickeln":0,"standort_beschreibung":null,"zustand":"voll funktionsfähig","einschraenkungen":null,"mail":"im-bfv.kom@muenchen.de","website":null,"telefon":null,"zustaendiges_referat":"Kommunalreferat","erzeugt_bearbeitet":"06.09.2023 / 06.09.2023","din_18040_1":null,"toilette_fuer_alle":null,"eignung_blindenhunde":null,"eingangstuer_typ":null,"eingangstuer_glasmarkierung":null,"eingangstuer_klingel_taster":null,"eingangstuer_leichte_fuehrung":null,"eingangstuer_radar_schluessel":null,"eingangstuer_euro_schluessel":null,"eingangstuer_wendekreis":null,"eingangstuer_breite":null,"rampe":null,"rampe_steigung":null,"treppe_vorhanden":null,"treppe_antirutsch":null,"treppe_blindenschrift":null,"treppe_gelaender":null,"treppe_kontrast_visuell":null,"treppe_kontrast_taktil":null,"treppe_stufenanzahl":null,"treppe_stufenhoehe":null,"rollstuhllift":null,"eingangsbereich_beschreibung":null,"gebaeudeinneres_gangbreite":null,"gebaeudeinneres_induktionsschleifen":null,"gebaeudeinneres_fuehrungsrillen":null,"gebaeudeinneres_ruhig":null,"gebaeudeinneres_beleuchtet":null,"aufzug_vorhanden":null,"aufzug_tuerbreite":null,"aufzug_tiefe":null,"aufzug_breite":null,"wctuer_typ":null,"wctuer_glasmarkierung":null,"wctuer_klingel_taster":null,"wctuer_leichte_fuehrung":null,"wctuer_radar_schluessel":null,"wctuer_euro_schluessel":null,"wctuer_wendekreis":null,"wctuer_breite":null,"wctuer_bemerkung":null,"wc_badewanne":null,"wc_dusche":null,"wc_spiegel":null,"wc_gelaender":null,"wc_deckenlifter":null,"wc_standlifter":null,"wc_liege":null,"wc_spiegelhoehe":null,"wc_handtuchspenderhoehe":null,"wc_seifenspender_hoehe":null,"wc_waschbecken_oberkante":null,"wc_waschbecken_hoehe_unterfahrbar":null,"wc_waschbecken_tiefe_unterfahrbar":null,"wc_buegel_rechts":null,"wc_buegel_links":null,"wc_buegel_distanz":null,"wc_buegelhoehe":null,"wc_sitzhoehe":null,"wc_platz_davor":null,"wc_platz_rechts":null,"wc_platz_links":null,"wc_spuelknopf_hinten":null,"wc_spuelknopf_rechts":null,"wc_spuelknopf_links":null,"wc_spuelknopf_hoehe":null,"wc_position_notruf":null,"wc_hoehe_notruf":null,"wc_bermerkung":null,"foto":null}},{"type":"Feature","id":"wc_finder_opendata.130","geometry":{"type":"Point","coordinates":[679197.13,5336263.27]},"geometry_name":"shape","properties":{"name":"Öffentliches Behinderten WC \"Friedhof Aubing\"","stadt":"München","plz":81248,"strasse":"Freihamer Weg","hausnr":"73","etage":"EG","raumnummer":"0.1.2.007","oeffnungszeiten":"Saisonal abhängig von Öffnungszeiten der städt. Friedhöfe","kategorie":"barrierefrei","preis":null,"wickeln":0,"standort_beschreibung":null,"zustand":"voll funktionsfähig","einschraenkungen":null,"mail":"im-bfv.kom@muenchen.de","website":null,"telefon":"891465590","zustaendiges_referat":"Kommunalreferat","erzeugt_bearbeitet":"06.09.2023 / 06.09.2023","din_18040_1":null,"toilette_fuer_alle":1,"eignung_blindenhunde":1,"eingangstuer_typ":"Öffnet nach innen/Türanschlag links","eingangstuer_glasmarkierung":0,"eingangstuer_klingel_taster":0,"eingangstuer_leichte_fuehrung":0,"eingangstuer_radar_schluessel":0,"eingangstuer_euro_schluessel":0,"eingangstuer_wendekreis":"200","eingangstuer_breite":83,"rampe":null,"rampe_steigung":null,"treppe_vorhanden":0,"treppe_antirutsch":null,"treppe_blindenschrift":null,"treppe_gelaender":null,"treppe_kontrast_visuell":null,"treppe_kontrast_taktil":null,"treppe_stufenanzahl":null,"treppe_stufenhoehe":null,"rollstuhllift":0,"eingangsbereich_beschreibung":null,"gebaeudeinneres_gangbreite":null,"gebaeudeinneres_induktionsschleifen":0,"gebaeudeinneres_fuehrungsrillen":0,"gebaeudeinneres_ruhig":1,"gebaeudeinneres_beleuchtet":1,"aufzug_vorhanden":0,"aufzug_tuerbreite":null,"aufzug_tiefe":null,"aufzug_breite":null,"wctuer_typ":"Öffnet nach innen/Türanschlag links","wctuer_glasmarkierung":0,"wctuer_klingel_taster":0,"wctuer_leichte_fuehrung":0,"wctuer_radar_schluessel":0,"wctuer_euro_schluessel":0,"wctuer_wendekreis":"200","wctuer_breite":83,"wctuer_bemerkung":null,"wc_badewanne":0,"wc_dusche":0,"wc_spiegel":1,"wc_gelaender":0,"wc_deckenlifter":0,"wc_standlifter":0,"wc_liege":0,"wc_spiegelhoehe":"105","wc_handtuchspenderhoehe":105,"wc_seifenspender_hoehe":100,"wc_waschbecken_oberkante":85,"wc_waschbecken_hoehe_unterfahrbar":"75","wc_waschbecken_tiefe_unterfahrbar":75,"wc_buegel_rechts":1,"wc_buegel_links":1,"wc_buegel_distanz":87,"wc_buegelhoehe":77,"wc_sitzhoehe":49,"wc_platz_davor":200,"wc_platz_rechts":"26","wc_platz_links":"26","wc_spuelknopf_hinten":1,"wc_spuelknopf_rechts":0,"wc_spuelknopf_links":0,"wc_spuelknopf_hoehe":90,"wc_position_notruf":null,"wc_hoehe_notruf":null,"wc_bermerkung":null,"foto":null}},{"type":"Feature","id":"wc_finder_opendata.131","geometry":{"type":"Point","coordinates":[682877.0445,5334469.8966]},"geometry_name":"shape","properties":{"name":"Öffentliche Toilette \"Friedhof Pasing\"","stadt":"München","plz":81241,"strasse":"Lampertstraße","hausnr":"1","etage":null,"raumnummer":null,"oeffnungszeiten":"Saisonal abhängig von Öffnungszeiten der städt. Friedhöfe","kategorie":"männlich","preis":null,"wickeln":0,"standort_beschreibung":null,"zustand":"voll funktionsfähig","einschraenkungen":null,"mail":"im-bfv.kom@muenchen.de","website":null,"telefon":null,"zustaendiges_referat":"Kommunalreferat","erzeugt_bearbeitet":"06.09.2023 / 06.09.2023","din_18040_1":null,"toilette_fuer_alle":null,"eignung_blindenhunde":null,"eingangstuer_typ":null,"eingangstuer_glasmarkierung":null,"eingangstuer_klingel_taster":null,"eingangstuer_leichte_fuehrung":null,"eingangstuer_radar_schluessel":null,"eingangstuer_euro_schluessel":null,"eingangstuer_wendekreis":null,"eingangstuer_breite":null,"rampe":null,"rampe_steigung":null,"treppe_vorhanden":null,"treppe_antirutsch":null,"treppe_blindenschrift":null,"treppe_gelaender":null,"treppe_kontrast_visuell":null,"treppe_kontrast_taktil":null,"treppe_stufenanzahl":null,"treppe_stufenhoehe":null,"rollstuhllift":null,"eingangsbereich_beschreibung":null,"gebaeudeinneres_gangbreite":null,"gebaeudeinneres_induktionsschleifen":null,"gebaeudeinneres_fuehrungsrillen":null,"gebaeudeinneres_ruhig":null,"gebaeudeinneres_beleuchtet":null,"aufzug_vorhanden":null,"aufzug_tuerbreite":null,"aufzug_tiefe":null,"aufzug_breite":null,"wctuer_typ":null,"wctuer_glasmarkierung":null,"wctuer_klingel_taster":null,"wctuer_leichte_fuehrung":null,"wctuer_radar_schluessel":null,"wctuer_euro_schluessel":null,"wctuer_wendekreis":null,"wctuer_breite":null,"wctuer_bemerkung":null,"wc_badewanne":null,"wc_dusche":null,"wc_spiegel":null,"wc_gelaender":null,"wc_deckenlifter":null,"wc_standlifter":null,"wc_liege":null,"wc_spiegelhoehe":null,"wc_handtuchspenderhoehe":null,"wc_seifenspender_hoehe":null,"wc_waschbecken_oberkante":null,"wc_waschbecken_hoehe_unterfahrbar":null,"wc_waschbecken_tiefe_unterfahrbar":null,"wc_buegel_rechts":null,"wc_buegel_links":null,"wc_buegel_distanz":null,"wc_buegelhoehe":null,"wc_sitzhoehe":null,"wc_platz_davor":null,"wc_platz_rechts":null,"wc_platz_links":null,"wc_spuelknopf_hinten":null,"wc_spuelknopf_rechts":null,"wc_spuelknopf_links":null,"wc_spuelknopf_hoehe":null,"wc_position_notruf":null,"wc_hoehe_notruf":null,"wc_bermerkung":null,"foto":null}},{"type":"Feature","id":"wc_finder_opendata.132","geometry":{"type":"Point","coordinates":[679186.45,5336258.8]},"geometry_name":"shape","properties":{"name":"Öffentliche Toilette \"Friedhof Aubing\"","stadt":"München","plz":81248,"strasse":"Freihamer Weg","hausnr":"73","etage":"1.UG","raumnummer":"0.1.2.074","oeffnungszeiten":"Saisonal abhängig von Öffnungszeiten der städt. Friedhöfe","kategorie":"weiblich","preis":null,"wickeln":0,"standort_beschreibung":null,"zustand":"voll funktionsfähig","einschraenkungen":null,"mail":"im-bfv.kom@muenchen.de","website":null,"telefon":"891465590","zustaendiges_referat":"Kommunalreferat","erzeugt_bearbeitet":"06.09.2023 / 06.09.2023","din_18040_1":null,"toilette_fuer_alle":null,"eignung_blindenhunde":null,"eingangstuer_typ":null,"eingangstuer_glasmarkierung":null,"eingangstuer_klingel_taster":null,"eingangstuer_leichte_fuehrung":null,"eingangstuer_radar_schluessel":null,"eingangstuer_euro_schluessel":null,"eingangstuer_wendekreis":null,"eingangstuer_breite":null,"rampe":null,"rampe_steigung":null,"treppe_vorhanden":null,"treppe_antirutsch":null,"treppe_blindenschrift":null,"treppe_gelaender":null,"treppe_kontrast_visuell":null,"treppe_kontrast_taktil":null,"treppe_stufenanzahl":null,"treppe_stufenhoehe":null,"rollstuhllift":null,"eingangsbereich_beschreibung":null,"gebaeudeinneres_gangbreite":null,"gebaeudeinneres_induktionsschleifen":null,"gebaeudeinneres_fuehrungsrillen":null,"gebaeudeinneres_ruhig":null,"gebaeudeinneres_beleuchtet":null,"aufzug_vorhanden":null,"aufzug_tuerbreite":null,"aufzug_tiefe":null,"aufzug_breite":null,"wctuer_typ":null,"wctuer_glasmarkierung":null,"wctuer_klingel_taster":null,"wctuer_leichte_fuehrung":null,"wctuer_radar_schluessel":null,"wctuer_euro_schluessel":null,"wctuer_wendekreis":null,"wctuer_breite":null,"wctuer_bemerkung":null,"wc_badewanne":null,"wc_dusche":null,"wc_spiegel":null,"wc_gelaender":null,"wc_deckenlifter":null,"wc_standlifter":null,"wc_liege":null,"wc_spiegelhoehe":null,"wc_handtuchspenderhoehe":null,"wc_seifenspender_hoehe":null,"wc_waschbecken_oberkante":null,"wc_waschbecken_hoehe_unterfahrbar":null,"wc_waschbecken_tiefe_unterfahrbar":null,"wc_buegel_rechts":null,"wc_buegel_links":null,"wc_buegel_distanz":null,"wc_buegelhoehe":null,"wc_sitzhoehe":null,"wc_platz_davor":null,"wc_platz_rechts":null,"wc_platz_links":null,"wc_spuelknopf_hinten":null,"wc_spuelknopf_rechts":null,"wc_spuelknopf_links":null,"wc_spuelknopf_hoehe":null,"wc_position_notruf":null,"wc_hoehe_notruf":null,"wc_bermerkung":null,"foto":null}},{"type":"Feature","id":"wc_finder_opendata.133","geometry":{"type":"Point","coordinates":[679184.67,5336258.36]},"geometry_name":"shape","properties":{"name":"Öffentliche Toilette \"Friedhof Aubing\"","stadt":"München","plz":81248,"strasse":"Freihamer Weg","hausnr":"73","etage":"1.UG","raumnummer":"0.1.2.072","oeffnungszeiten":"Saisonal abhängig von Öffnungszeiten der städt. Friedhöfe","kategorie":"männlich","preis":null,"wickeln":0,"standort_beschreibung":null,"zustand":"voll funktionsfähig","einschraenkungen":null,"mail":"im-bfv.kom@muenchen.de","website":null,"telefon":null,"zustaendiges_referat":"Kommunalreferat","erzeugt_bearbeitet":"06.09.2023 / 06.09.2023","din_18040_1":null,"toilette_fuer_alle":null,"eignung_blindenhunde":null,"eingangstuer_typ":null,"eingangstuer_glasmarkierung":null,"eingangstuer_klingel_taster":null,"eingangstuer_leichte_fuehrung":null,"eingangstuer_radar_schluessel":null,"eingangstuer_euro_schluessel":null,"eingangstuer_wendekreis":null,"eingangstuer_breite":null,"rampe":null,"rampe_steigung":null,"treppe_vorhanden":null,"treppe_antirutsch":null,"treppe_blindenschrift":null,"treppe_gelaender":null,"treppe_kontrast_visuell":null,"treppe_kontrast_taktil":null,"treppe_stufenanzahl":null,"treppe_stufenhoehe":null,"rollstuhllift":null,"eingangsbereich_beschreibung":null,"gebaeudeinneres_gangbreite":null,"gebaeudeinneres_induktionsschleifen":null,"gebaeudeinneres_fuehrungsrillen":null,"gebaeudeinneres_ruhig":null,"gebaeudeinneres_beleuchtet":null,"aufzug_vorhanden":null,"aufzug_tuerbreite":null,"aufzug_tiefe":null,"aufzug_breite":null,"wctuer_typ":null,"wctuer_glasmarkierung":null,"wctuer_klingel_taster":null,"wctuer_leichte_fuehrung":null,"wctuer_radar_schluessel":null,"wctuer_euro_schluessel":null,"wctuer_wendekreis":null,"wctuer_breite":null,"wctuer_bemerkung":null,"wc_badewanne":null,"wc_dusche":null,"wc_spiegel":null,"wc_gelaender":null,"wc_deckenlifter":null,"wc_standlifter":null,"wc_liege":null,"wc_spiegelhoehe":null,"wc_handtuchspenderhoehe":null,"wc_seifenspender_hoehe":null,"wc_waschbecken_oberkante":null,"wc_waschbecken_hoehe_unterfahrbar":null,"wc_waschbecken_tiefe_unterfahrbar":null,"wc_buegel_rechts":null,"wc_buegel_links":null,"wc_buegel_distanz":null,"wc_buegelhoehe":null,"wc_sitzhoehe":null,"wc_platz_davor":null,"wc_platz_rechts":null,"wc_platz_links":null,"wc_spuelknopf_hinten":null,"wc_spuelknopf_rechts":null,"wc_spuelknopf_links":null,"wc_spuelknopf_hoehe":null,"wc_position_notruf":null,"wc_hoehe_notruf":null,"wc_bermerkung":null,"foto":null}},{"type":"Feature","id":"wc_finder_opendata.134","geometry":{"type":"Point","coordinates":[686121.6124,5331434.8707]},"geometry_name":"shape","properties":{"name":"Waldfriedhof","stadt":"München","plz":81377,"strasse":"Fürstenrieder Str.","hausnr":"288","etage":"EG","raumnummer":null,"oeffnungszeiten":"Öffnungszeiten: Nov.-Feb.: 8-17 Uhr | Mrz.: 8-18 Uhr | Apr.-Aug.: 8-20 Uhr | Sep.-Okt.: 8-19 Uhr","kategorie":"männlich","preis":null,"wickeln":0,"standort_beschreibung":null,"zustand":"voll funktionsfähig","einschraenkungen":null,"mail":"waldfriedhof-alter-teil@muenchen.de","website":null,"telefon":null,"zustaendiges_referat":"GSR-SFM","erzeugt_bearbeitet":"07.07.2023 / 17.07.2023","din_18040_1":null,"toilette_fuer_alle":null,"eignung_blindenhunde":null,"eingangstuer_typ":null,"eingangstuer_glasmarkierung":null,"eingangstuer_klingel_taster":null,"eingangstuer_leichte_fuehrung":null,"eingangstuer_radar_schluessel":null,"eingangstuer_euro_schluessel":null,"eingangstuer_wendekreis":null,"eingangstuer_breite":null,"rampe":null,"rampe_steigung":null,"treppe_vorhanden":null,"treppe_antirutsch":null,"treppe_blindenschrift":null,"treppe_gelaender":null,"treppe_kontrast_visuell":null,"treppe_kontrast_taktil":null,"treppe_stufenanzahl":null,"treppe_stufenhoehe":null,"rollstuhllift":null,"eingangsbereich_beschreibung":null,"gebaeudeinneres_gangbreite":null,"gebaeudeinneres_induktionsschleifen":null,"gebaeudeinneres_fuehrungsrillen":null,"gebaeudeinneres_ruhig":null,"gebaeudeinneres_beleuchtet":null,"aufzug_vorhanden":null,"aufzug_tuerbreite":null,"aufzug_tiefe":null,"aufzug_breite":null,"wctuer_typ":null,"wctuer_glasmarkierung":null,"wctuer_klingel_taster":null,"wctuer_leichte_fuehrung":null,"wctuer_radar_schluessel":null,"wctuer_euro_schluessel":null,"wctuer_wendekreis":null,"wctuer_breite":null,"wctuer_bemerkung":null,"wc_badewanne":null,"wc_dusche":null,"wc_spiegel":null,"wc_gelaender":null,"wc_deckenlifter":null,"wc_standlifter":null,"wc_liege":null,"wc_spiegelhoehe":null,"wc_handtuchspenderhoehe":null,"wc_seifenspender_hoehe":null,"wc_waschbecken_oberkante":null,"wc_waschbecken_hoehe_unterfahrbar":null,"wc_waschbecken_tiefe_unterfahrbar":null,"wc_buegel_rechts":null,"wc_buegel_links":null,"wc_buegel_distanz":null,"wc_buegelhoehe":null,"wc_sitzhoehe":null,"wc_platz_davor":null,"wc_platz_rechts":null,"wc_platz_links":null,"wc_spuelknopf_hinten":null,"wc_spuelknopf_rechts":null,"wc_spuelknopf_links":null,"wc_spuelknopf_hoehe":null,"wc_position_notruf":null,"wc_hoehe_notruf":null,"wc_bermerkung":null,"foto":null}},{"type":"Feature","id":"wc_finder_opendata.135","geometry":{"type":"Point","coordinates":[686121.2022,5331436.4714]},"geometry_name":"shape","properties":{"name":"Waldfriedhof","stadt":"München","plz":81377,"strasse":"Fürstenrieder Str.","hausnr":"288","etage":"EG","raumnummer":null,"oeffnungszeiten":"Öffnungszeiten: Nov.-Feb.: 8-17 Uhr | Mrz.: 8-18 Uhr | Apr.-Aug.: 8-20 Uhr | Sep.-Okt.: 8-19 Uhr","kategorie":"weiblich","preis":null,"wickeln":0,"standort_beschreibung":null,"zustand":"voll funktionsfähig","einschraenkungen":null,"mail":"waldfriedhof-alter-teil@muenchen.de","website":null,"telefon":null,"zustaendiges_referat":"GSR-SFM","erzeugt_bearbeitet":"07.07.2023 / 17.07.2023","din_18040_1":null,"toilette_fuer_alle":null,"eignung_blindenhunde":null,"eingangstuer_typ":null,"eingangstuer_glasmarkierung":null,"eingangstuer_klingel_taster":null,"eingangstuer_leichte_fuehrung":null,"eingangstuer_radar_schluessel":null,"eingangstuer_euro_schluessel":null,"eingangstuer_wendekreis":null,"eingangstuer_breite":null,"rampe":null,"rampe_steigung":null,"treppe_vorhanden":null,"treppe_antirutsch":null,"treppe_blindenschrift":null,"treppe_gelaender":null,"treppe_kontrast_visuell":null,"treppe_kontrast_taktil":null,"treppe_stufenanzahl":null,"treppe_stufenhoehe":null,"rollstuhllift":null,"eingangsbereich_beschreibung":null,"gebaeudeinneres_gangbreite":null,"gebaeudeinneres_induktionsschleifen":null,"gebaeudeinneres_fuehrungsrillen":null,"gebaeudeinneres_ruhig":null,"gebaeudeinneres_beleuchtet":null,"aufzug_vorhanden":null,"aufzug_tuerbreite":null,"aufzug_tiefe":null,"aufzug_breite":null,"wctuer_typ":null,"wctuer_glasmarkierung":null,"wctuer_klingel_taster":null,"wctuer_leichte_fuehrung":null,"wctuer_radar_schluessel":null,"wctuer_euro_schluessel":null,"wctuer_wendekreis":null,"wctuer_breite":null,"wctuer_bemerkung":null,"wc_badewanne":null,"wc_dusche":null,"wc_spiegel":null,"wc_gelaender":null,"wc_deckenlifter":null,"wc_standlifter":null,"wc_liege":null,"wc_spiegelhoehe":null,"wc_handtuchspenderhoehe":null,"wc_seifenspender_hoehe":null,"wc_waschbecken_oberkante":null,"wc_waschbecken_hoehe_unterfahrbar":null,"wc_waschbecken_tiefe_unterfahrbar":null,"wc_buegel_rechts":null,"wc_buegel_links":null,"wc_buegel_distanz":null,"wc_buegelhoehe":null,"wc_sitzhoehe":null,"wc_platz_davor":null,"wc_platz_rechts":null,"wc_platz_links":null,"wc_spuelknopf_hinten":null,"wc_spuelknopf_rechts":null,"wc_spuelknopf_links":null,"wc_spuelknopf_hoehe":null,"wc_position_notruf":null,"wc_hoehe_notruf":null,"wc_bermerkung":null,"foto":null}},{"type":"Feature","id":"wc_finder_opendata.136","geometry":{"type":"Point","coordinates":[685102.7234,5330448.5379]},"geometry_name":"shape","properties":{"name":"Waldfriedhof Neuer Teil - barrierefreie Toilette","stadt":"München","plz":81377,"strasse":"Lorettoplatz","hausnr":"3","etage":"EG","raumnummer":null,"oeffnungszeiten":"Öffnungszeiten: Nov.-Feb.: 8-17 Uhr | Mrz.: 8-18 Uhr | Apr.-Aug.: 8-20 Uhr | Sep.-Okt.: 8-19 Uhr","kategorie":"barrierefrei","preis":null,"wickeln":0,"standort_beschreibung":null,"zustand":"teilweise Beeinträchtigung","einschraenkungen":"muss derzeit manuell von Außen geöffnet werden","mail":"waldfriedhof-neuer-teil@muenchen.de","website":"https://www.muenchen.de","telefon":null,"zustaendiges_referat":"Kommunalreferat","erzeugt_bearbeitet":"28.03.2023 / 17.07.2023","din_18040_1":0,"toilette_fuer_alle":1,"eignung_blindenhunde":0,"eingangstuer_typ":null,"eingangstuer_glasmarkierung":0,"eingangstuer_klingel_taster":0,"eingangstuer_leichte_fuehrung":0,"eingangstuer_radar_schluessel":0,"eingangstuer_euro_schluessel":0,"eingangstuer_wendekreis":null,"eingangstuer_breite":null,"rampe":null,"rampe_steigung":"2%","treppe_vorhanden":0,"treppe_antirutsch":0,"treppe_blindenschrift":0,"treppe_gelaender":0,"treppe_kontrast_visuell":0,"treppe_kontrast_taktil":0,"treppe_stufenanzahl":null,"treppe_stufenhoehe":null,"rollstuhllift":0,"eingangsbereich_beschreibung":null,"gebaeudeinneres_gangbreite":null,"gebaeudeinneres_induktionsschleifen":0,"gebaeudeinneres_fuehrungsrillen":0,"gebaeudeinneres_ruhig":0,"gebaeudeinneres_beleuchtet":0,"aufzug_vorhanden":0,"aufzug_tuerbreite":null,"aufzug_tiefe":null,"aufzug_breite":null,"wctuer_typ":null,"wctuer_glasmarkierung":0,"wctuer_klingel_taster":0,"wctuer_leichte_fuehrung":0,"wctuer_radar_schluessel":0,"wctuer_euro_schluessel":0,"wctuer_wendekreis":null,"wctuer_breite":null,"wctuer_bemerkung":null,"wc_badewanne":0,"wc_dusche":0,"wc_spiegel":0,"wc_gelaender":0,"wc_deckenlifter":0,"wc_standlifter":0,"wc_liege":0,"wc_spiegelhoehe":null,"wc_handtuchspenderhoehe":null,"wc_seifenspender_hoehe":null,"wc_waschbecken_oberkante":null,"wc_waschbecken_hoehe_unterfahrbar":null,"wc_waschbecken_tiefe_unterfahrbar":null,"wc_buegel_rechts":0,"wc_buegel_links":0,"wc_buegel_distanz":null,"wc_buegelhoehe":null,"wc_sitzhoehe":null,"wc_platz_davor":null,"wc_platz_rechts":null,"wc_platz_links":null,"wc_spuelknopf_hinten":0,"wc_spuelknopf_rechts":0,"wc_spuelknopf_links":0,"wc_spuelknopf_hoehe":null,"wc_position_notruf":null,"wc_hoehe_notruf":null,"wc_bermerkung":null,"foto":null}},{"type":"Feature","id":"wc_finder_opendata.137","geometry":{"type":"Point","coordinates":[685105.167,5330450.1146]},"geometry_name":"shape","properties":{"name":"Waldfriedhof ","stadt":"München","plz":81377,"strasse":"Lorettoplatz ","hausnr":"3","etage":"EG","raumnummer":null,"oeffnungszeiten":"Öffnungszeiten: Nov.-Feb.: 8-17 Uhr | Mrz.: 8-18 Uhr | Apr.-Aug.: 8-20 Uhr | Sep.-Okt.: 8-19 Uhr","kategorie":"weiblich","preis":null,"wickeln":0,"standort_beschreibung":null,"zustand":"voll funktionsfähig","einschraenkungen":null,"mail":"Waldfriedhof-neuer-teil@muenchen.de","website":"https://www.muenchen.de","telefon":null,"zustaendiges_referat":"Kommunalreferat","erzeugt_bearbeitet":"14.07.2023 / 17.07.2023","din_18040_1":null,"toilette_fuer_alle":null,"eignung_blindenhunde":null,"eingangstuer_typ":null,"eingangstuer_glasmarkierung":null,"eingangstuer_klingel_taster":null,"eingangstuer_leichte_fuehrung":null,"eingangstuer_radar_schluessel":null,"eingangstuer_euro_schluessel":null,"eingangstuer_wendekreis":null,"eingangstuer_breite":null,"rampe":null,"rampe_steigung":null,"treppe_vorhanden":null,"treppe_antirutsch":null,"treppe_blindenschrift":null,"treppe_gelaender":null,"treppe_kontrast_visuell":null,"treppe_kontrast_taktil":null,"treppe_stufenanzahl":null,"treppe_stufenhoehe":null,"rollstuhllift":null,"eingangsbereich_beschreibung":null,"gebaeudeinneres_gangbreite":null,"gebaeudeinneres_induktionsschleifen":null,"gebaeudeinneres_fuehrungsrillen":null,"gebaeudeinneres_ruhig":null,"gebaeudeinneres_beleuchtet":null,"aufzug_vorhanden":null,"aufzug_tuerbreite":null,"aufzug_tiefe":null,"aufzug_breite":null,"wctuer_typ":null,"wctuer_glasmarkierung":null,"wctuer_klingel_taster":null,"wctuer_leichte_fuehrung":null,"wctuer_radar_schluessel":null,"wctuer_euro_schluessel":null,"wctuer_wendekreis":null,"wctuer_breite":null,"wctuer_bemerkung":null,"wc_badewanne":null,"wc_dusche":null,"wc_spiegel":null,"wc_gelaender":null,"wc_deckenlifter":null,"wc_standlifter":null,"wc_liege":null,"wc_spiegelhoehe":null,"wc_handtuchspenderhoehe":null,"wc_seifenspender_hoehe":null,"wc_waschbecken_oberkante":null,"wc_waschbecken_hoehe_unterfahrbar":null,"wc_waschbecken_tiefe_unterfahrbar":null,"wc_buegel_rechts":null,"wc_buegel_links":null,"wc_buegel_distanz":null,"wc_buegelhoehe":null,"wc_sitzhoehe":null,"wc_platz_davor":null,"wc_platz_rechts":null,"wc_platz_links":null,"wc_spuelknopf_hinten":null,"wc_spuelknopf_rechts":null,"wc_spuelknopf_links":null,"wc_spuelknopf_hoehe":null,"wc_position_notruf":null,"wc_hoehe_notruf":null,"wc_bermerkung":null,"foto":null}},{"type":"Feature","id":"wc_finder_opendata.138","geometry":{"type":"Point","coordinates":[685103.4472,5330450.2601]},"geometry_name":"shape","properties":{"name":"Waldfriedhof","stadt":"München","plz":81377,"strasse":"Lorettoplatz","hausnr":"3","etage":"EG","raumnummer":null,"oeffnungszeiten":"Öffnungszeiten: Nov.-Feb.: 8-17 Uhr | Mrz.: 8-18 Uhr | Apr.-Aug.: 8-20 Uhr | Sep.-Okt.: 8-19 Uhr","kategorie":"männlich","preis":null,"wickeln":0,"standort_beschreibung":null,"zustand":"voll funktionsfähig","einschraenkungen":null,"mail":"waldfriedhof-neuer-teil@muenchen.de","website":"https://www.muenchen.de","telefon":null,"zustaendiges_referat":"Kommunalreferat","erzeugt_bearbeitet":"14.07.2023 / 17.07.2023","din_18040_1":null,"toilette_fuer_alle":null,"eignung_blindenhunde":null,"eingangstuer_typ":null,"eingangstuer_glasmarkierung":null,"eingangstuer_klingel_taster":null,"eingangstuer_leichte_fuehrung":null,"eingangstuer_radar_schluessel":null,"eingangstuer_euro_schluessel":null,"eingangstuer_wendekreis":null,"eingangstuer_breite":null,"rampe":null,"rampe_steigung":null,"treppe_vorhanden":null,"treppe_antirutsch":null,"treppe_blindenschrift":null,"treppe_gelaender":null,"treppe_kontrast_visuell":null,"treppe_kontrast_taktil":null,"treppe_stufenanzahl":null,"treppe_stufenhoehe":null,"rollstuhllift":null,"eingangsbereich_beschreibung":null,"gebaeudeinneres_gangbreite":null,"gebaeudeinneres_induktionsschleifen":null,"gebaeudeinneres_fuehrungsrillen":null,"gebaeudeinneres_ruhig":null,"gebaeudeinneres_beleuchtet":null,"aufzug_vorhanden":null,"aufzug_tuerbreite":null,"aufzug_tiefe":null,"aufzug_breite":null,"wctuer_typ":null,"wctuer_glasmarkierung":null,"wctuer_klingel_taster":null,"wctuer_leichte_fuehrung":null,"wctuer_radar_schluessel":null,"wctuer_euro_schluessel":null,"wctuer_wendekreis":null,"wctuer_breite":null,"wctuer_bemerkung":null,"wc_badewanne":null,"wc_dusche":null,"wc_spiegel":null,"wc_gelaender":null,"wc_deckenlifter":null,"wc_standlifter":null,"wc_liege":null,"wc_spiegelhoehe":null,"wc_handtuchspenderhoehe":null,"wc_seifenspender_hoehe":null,"wc_waschbecken_oberkante":null,"wc_waschbecken_hoehe_unterfahrbar":null,"wc_waschbecken_tiefe_unterfahrbar":null,"wc_buegel_rechts":null,"wc_buegel_links":null,"wc_buegel_distanz":null,"wc_buegelhoehe":null,"wc_sitzhoehe":null,"wc_platz_davor":null,"wc_platz_rechts":null,"wc_platz_links":null,"wc_spuelknopf_hinten":null,"wc_spuelknopf_rechts":null,"wc_spuelknopf_links":null,"wc_spuelknopf_hoehe":null,"wc_position_notruf":null,"wc_hoehe_notruf":null,"wc_bermerkung":null,"foto":null}},{"type":"Feature","id":"wc_finder_opendata.139","geometry":{"type":"Point","coordinates":[686223.0006,5331398.4361]},"geometry_name":"shape","properties":{"name":"Waldfriedhof","stadt":"München","plz":81377,"strasse":"Fürstenrieder Str.","hausnr":"288","etage":"EG","raumnummer":null,"oeffnungszeiten":"Öffnungszeiten: Nov.-Feb.: 8-17 Uhr | Mrz.: 8-18 Uhr | Apr.-Aug.: 8-20 Uhr | Sep.-Okt.: 8-19 Uhr","kategorie":"weiblich","preis":null,"wickeln":0,"standort_beschreibung":null,"zustand":"voll funktionsfähig","einschraenkungen":null,"mail":"waldfriedhof-alter-teil@muenchen.de","website":"https://www.muenchen.de","telefon":null,"zustaendiges_referat":"Kommunalreferat","erzeugt_bearbeitet":"14.07.2023 / 14.07.2023","din_18040_1":null,"toilette_fuer_alle":null,"eignung_blindenhunde":null,"eingangstuer_typ":null,"eingangstuer_glasmarkierung":null,"eingangstuer_klingel_taster":null,"eingangstuer_leichte_fuehrung":null,"eingangstuer_radar_schluessel":null,"eingangstuer_euro_schluessel":null,"eingangstuer_wendekreis":null,"eingangstuer_breite":null,"rampe":null,"rampe_steigung":null,"treppe_vorhanden":null,"treppe_antirutsch":null,"treppe_blindenschrift":null,"treppe_gelaender":null,"treppe_kontrast_visuell":null,"treppe_kontrast_taktil":null,"treppe_stufenanzahl":null,"treppe_stufenhoehe":null,"rollstuhllift":null,"eingangsbereich_beschreibung":null,"gebaeudeinneres_gangbreite":null,"gebaeudeinneres_induktionsschleifen":null,"gebaeudeinneres_fuehrungsrillen":null,"gebaeudeinneres_ruhig":null,"gebaeudeinneres_beleuchtet":null,"aufzug_vorhanden":null,"aufzug_tuerbreite":null,"aufzug_tiefe":null,"aufzug_breite":null,"wctuer_typ":null,"wctuer_glasmarkierung":null,"wctuer_klingel_taster":null,"wctuer_leichte_fuehrung":null,"wctuer_radar_schluessel":null,"wctuer_euro_schluessel":null,"wctuer_wendekreis":null,"wctuer_breite":null,"wctuer_bemerkung":null,"wc_badewanne":null,"wc_dusche":null,"wc_spiegel":null,"wc_gelaender":null,"wc_deckenlifter":null,"wc_standlifter":null,"wc_liege":null,"wc_spiegelhoehe":null,"wc_handtuchspenderhoehe":null,"wc_seifenspender_hoehe":null,"wc_waschbecken_oberkante":null,"wc_waschbecken_hoehe_unterfahrbar":null,"wc_waschbecken_tiefe_unterfahrbar":null,"wc_buegel_rechts":null,"wc_buegel_links":null,"wc_buegel_distanz":null,"wc_buegelhoehe":null,"wc_sitzhoehe":null,"wc_platz_davor":null,"wc_platz_rechts":null,"wc_platz_links":null,"wc_spuelknopf_hinten":null,"wc_spuelknopf_rechts":null,"wc_spuelknopf_links":null,"wc_spuelknopf_hoehe":null,"wc_position_notruf":null,"wc_hoehe_notruf":null,"wc_bermerkung":null,"foto":null}},{"type":"Feature","id":"wc_finder_opendata.140","geometry":{"type":"Point","coordinates":[686223.08,5331391.9008]},"geometry_name":"shape","properties":{"name":"Waldfriedhof","stadt":"München","plz":81377,"strasse":"Fürstenrieder Str. ","hausnr":"288","etage":"EG","raumnummer":null,"oeffnungszeiten":"Öffnungszeiten: Nov.-Feb.: 8-17 Uhr | Mrz.: 8-18 Uhr | Apr.-Aug.: 8-20 Uhr | Sep.-Okt.: 8-19 Uhr","kategorie":"männlich","preis":null,"wickeln":0,"standort_beschreibung":null,"zustand":"voll funktionsfähig","einschraenkungen":null,"mail":"waldfriedhof-alter-teil@muenchen.de","website":"https://www.muenchen.de","telefon":null,"zustaendiges_referat":"Kommunalreferat","erzeugt_bearbeitet":"14.07.2023 / 14.07.2023","din_18040_1":null,"toilette_fuer_alle":null,"eignung_blindenhunde":null,"eingangstuer_typ":null,"eingangstuer_glasmarkierung":null,"eingangstuer_klingel_taster":null,"eingangstuer_leichte_fuehrung":null,"eingangstuer_radar_schluessel":null,"eingangstuer_euro_schluessel":null,"eingangstuer_wendekreis":null,"eingangstuer_breite":null,"rampe":null,"rampe_steigung":null,"treppe_vorhanden":null,"treppe_antirutsch":null,"treppe_blindenschrift":null,"treppe_gelaender":null,"treppe_kontrast_visuell":null,"treppe_kontrast_taktil":null,"treppe_stufenanzahl":null,"treppe_stufenhoehe":null,"rollstuhllift":null,"eingangsbereich_beschreibung":null,"gebaeudeinneres_gangbreite":null,"gebaeudeinneres_induktionsschleifen":null,"gebaeudeinneres_fuehrungsrillen":null,"gebaeudeinneres_ruhig":null,"gebaeudeinneres_beleuchtet":null,"aufzug_vorhanden":null,"aufzug_tuerbreite":null,"aufzug_tiefe":null,"aufzug_breite":null,"wctuer_typ":null,"wctuer_glasmarkierung":null,"wctuer_klingel_taster":null,"wctuer_leichte_fuehrung":null,"wctuer_radar_schluessel":null,"wctuer_euro_schluessel":null,"wctuer_wendekreis":null,"wctuer_breite":null,"wctuer_bemerkung":null,"wc_badewanne":null,"wc_dusche":null,"wc_spiegel":null,"wc_gelaender":null,"wc_deckenlifter":null,"wc_standlifter":null,"wc_liege":null,"wc_spiegelhoehe":null,"wc_handtuchspenderhoehe":null,"wc_seifenspender_hoehe":null,"wc_waschbecken_oberkante":null,"wc_waschbecken_hoehe_unterfahrbar":null,"wc_waschbecken_tiefe_unterfahrbar":null,"wc_buegel_rechts":null,"wc_buegel_links":null,"wc_buegel_distanz":null,"wc_buegelhoehe":null,"wc_sitzhoehe":null,"wc_platz_davor":null,"wc_platz_rechts":null,"wc_platz_links":null,"wc_spuelknopf_hinten":null,"wc_spuelknopf_rechts":null,"wc_spuelknopf_links":null,"wc_spuelknopf_hoehe":null,"wc_position_notruf":null,"wc_hoehe_notruf":null,"wc_bermerkung":null,"foto":null}},{"type":"Feature","id":"wc_finder_opendata.141","geometry":{"type":"Point","coordinates":[682569.6732,5341498.6619]},"geometry_name":"shape","properties":{"name":"Besuchertoiletten Friedhof Allach","stadt":"München","plz":80999,"strasse":"Eversbuschstraße","hausnr":"197","etage":"EG","raumnummer":null,"oeffnungszeiten":"Saisonal abhängig von Öffnungszeiten der Friedhöfe","kategorie":"weiblich","preis":null,"wickeln":0,"standort_beschreibung":null,"zustand":"voll funktionsfähig","einschraenkungen":null,"mail":"im-bfv.kom@muenchen.de","website":null,"telefon":null,"zustaendiges_referat":"Kommunalreferat","erzeugt_bearbeitet":"12.07.2023 / 12.07.2023","din_18040_1":null,"toilette_fuer_alle":null,"eignung_blindenhunde":null,"eingangstuer_typ":null,"eingangstuer_glasmarkierung":null,"eingangstuer_klingel_taster":null,"eingangstuer_leichte_fuehrung":null,"eingangstuer_radar_schluessel":null,"eingangstuer_euro_schluessel":null,"eingangstuer_wendekreis":null,"eingangstuer_breite":null,"rampe":null,"rampe_steigung":null,"treppe_vorhanden":null,"treppe_antirutsch":null,"treppe_blindenschrift":null,"treppe_gelaender":null,"treppe_kontrast_visuell":null,"treppe_kontrast_taktil":null,"treppe_stufenanzahl":null,"treppe_stufenhoehe":null,"rollstuhllift":null,"eingangsbereich_beschreibung":null,"gebaeudeinneres_gangbreite":null,"gebaeudeinneres_induktionsschleifen":null,"gebaeudeinneres_fuehrungsrillen":null,"gebaeudeinneres_ruhig":null,"gebaeudeinneres_beleuchtet":null,"aufzug_vorhanden":null,"aufzug_tuerbreite":null,"aufzug_tiefe":null,"aufzug_breite":null,"wctuer_typ":null,"wctuer_glasmarkierung":null,"wctuer_klingel_taster":null,"wctuer_leichte_fuehrung":null,"wctuer_radar_schluessel":null,"wctuer_euro_schluessel":null,"wctuer_wendekreis":null,"wctuer_breite":null,"wctuer_bemerkung":null,"wc_badewanne":null,"wc_dusche":null,"wc_spiegel":null,"wc_gelaender":null,"wc_deckenlifter":null,"wc_standlifter":null,"wc_liege":null,"wc_spiegelhoehe":null,"wc_handtuchspenderhoehe":null,"wc_seifenspender_hoehe":null,"wc_waschbecken_oberkante":null,"wc_waschbecken_hoehe_unterfahrbar":null,"wc_waschbecken_tiefe_unterfahrbar":null,"wc_buegel_rechts":null,"wc_buegel_links":null,"wc_buegel_distanz":null,"wc_buegelhoehe":null,"wc_sitzhoehe":null,"wc_platz_davor":null,"wc_platz_rechts":null,"wc_platz_links":null,"wc_spuelknopf_hinten":null,"wc_spuelknopf_rechts":null,"wc_spuelknopf_links":null,"wc_spuelknopf_hoehe":null,"wc_position_notruf":null,"wc_hoehe_notruf":null,"wc_bermerkung":null,"foto":null}},{"type":"Feature","id":"wc_finder_opendata.142","geometry":{"type":"Point","coordinates":[682046.4917,5337524.3344]},"geometry_name":"shape","properties":{"name":"Aussegnungshalle FH Obermenzing","stadt":"München","plz":81245,"strasse":"Bergsonstraße","hausnr":"34","etage":"EG","raumnummer":null,"oeffnungszeiten":"Abhängig von saisonalen Öffnungszeiten des Friedhofs","kategorie":"weiblich","preis":null,"wickeln":0,"standort_beschreibung":null,"zustand":"voll funktionsfähig","einschraenkungen":null,"mail":"im-bfv.kom@muenchen.de","website":null,"telefon":null,"zustaendiges_referat":"Baureferat","erzeugt_bearbeitet":"12.07.2023 / 12.07.2023","din_18040_1":null,"toilette_fuer_alle":null,"eignung_blindenhunde":null,"eingangstuer_typ":null,"eingangstuer_glasmarkierung":null,"eingangstuer_klingel_taster":null,"eingangstuer_leichte_fuehrung":null,"eingangstuer_radar_schluessel":null,"eingangstuer_euro_schluessel":null,"eingangstuer_wendekreis":null,"eingangstuer_breite":null,"rampe":null,"rampe_steigung":null,"treppe_vorhanden":null,"treppe_antirutsch":null,"treppe_blindenschrift":null,"treppe_gelaender":null,"treppe_kontrast_visuell":null,"treppe_kontrast_taktil":null,"treppe_stufenanzahl":null,"treppe_stufenhoehe":null,"rollstuhllift":null,"eingangsbereich_beschreibung":null,"gebaeudeinneres_gangbreite":null,"gebaeudeinneres_induktionsschleifen":null,"gebaeudeinneres_fuehrungsrillen":null,"gebaeudeinneres_ruhig":null,"gebaeudeinneres_beleuchtet":null,"aufzug_vorhanden":null,"aufzug_tuerbreite":null,"aufzug_tiefe":null,"aufzug_breite":null,"wctuer_typ":null,"wctuer_glasmarkierung":null,"wctuer_klingel_taster":null,"wctuer_leichte_fuehrung":null,"wctuer_radar_schluessel":null,"wctuer_euro_schluessel":null,"wctuer_wendekreis":null,"wctuer_breite":null,"wctuer_bemerkung":null,"wc_badewanne":null,"wc_dusche":null,"wc_spiegel":null,"wc_gelaender":null,"wc_deckenlifter":null,"wc_standlifter":null,"wc_liege":null,"wc_spiegelhoehe":null,"wc_handtuchspenderhoehe":null,"wc_seifenspender_hoehe":null,"wc_waschbecken_oberkante":null,"wc_waschbecken_hoehe_unterfahrbar":null,"wc_waschbecken_tiefe_unterfahrbar":null,"wc_buegel_rechts":null,"wc_buegel_links":null,"wc_buegel_distanz":null,"wc_buegelhoehe":null,"wc_sitzhoehe":null,"wc_platz_davor":null,"wc_platz_rechts":null,"wc_platz_links":null,"wc_spuelknopf_hinten":null,"wc_spuelknopf_rechts":null,"wc_spuelknopf_links":null,"wc_spuelknopf_hoehe":null,"wc_position_notruf":null,"wc_hoehe_notruf":null,"wc_bermerkung":null,"foto":null}}],"totalFeatures":142,"numberMatched":142,"numberReturned":142,"timeStamp":"2024-01-18T13:38:53.413Z","crs":{"type":"name","properties":{"name":"urn:ogc:def:crs:EPSG::25832"}}}