{
"type": "FeatureCollection",
"name": "wc",
"crs": { "type": "name", "properties": { "name": "urn:ogc:def:crs:OGC:1.3:CRS84" } },
"features": [
{ "type": "Feature", "id": "wc_finder_opendata.1", "geometry_name": "shape", "properties": { "name": "Öffentliche Toilette DSMDecaux GmbH", "stadt": "München", "plz": 80804, "strasse": "Brunnerstraße, 40m n. Burgunderstr. ggü,v. Spielpl. im Luitpoldpark", "hausnr": null, "etage": "EG", "raumnummer": "6002 (DSMDecaux)", "oeffnungszeiten": "Durchgehend", "kategorie": "divers\/unisex", "preis": 0.5, "wickeln": null, "standort_beschreibung": null, "zustand": "voll funktionsfähig", "einschraenkungen": null, "mail": "info@dsmdecaux.de", "website": null, "telefon": null, "zustaendiges_referat": "DSMDecaux GmbH", "erzeugt_bearbeitet": "06.09.2023 \/ 06.09.2023", "din_18040_1": null, "toilette_fuer_alle": null, "eignung_blindenhunde": null, "eingangstuer_typ": null, "eingangstuer_glasmarkierung": null, "eingangstuer_klingel_taster": null, "eingangstuer_leichte_fuehrung": null, "eingangstuer_radar_schluessel": null, "eingangstuer_euro_schluessel": null, "eingangstuer_wendekreis": null, "eingangstuer_breite": null, "rampe": null, "rampe_steigung": null, "treppe_vorhanden": null, "treppe_antirutsch": null, "treppe_blindenschrift": null, "treppe_gelaender": null, "treppe_kontrast_visuell": null, "treppe_kontrast_taktil": null, "treppe_stufenanzahl": null, "treppe_stufenhoehe": null, "rollstuhllift": null, "eingangsbereich_beschreibung": null, "gebaeudeinneres_gangbreite": null, "gebaeudeinneres_induktionsschleifen": null, "gebaeudeinneres_fuehrungsrillen": null, "gebaeudeinneres_ruhig": null, "gebaeudeinneres_beleuchtet": null, "aufzug_vorhanden": null, "aufzug_tuerbreite": null, "aufzug_tiefe": null, "aufzug_breite": null, "wctuer_typ": null, "wctuer_glasmarkierung": null, "wctuer_klingel_taster": null, "wctuer_leichte_fuehrung": null, "wctuer_radar_schluessel": null, "wctuer_euro_schluessel": null, "wctuer_wendekreis": null, "wctuer_breite": null, "wctuer_bemerkung": null, "wc_badewanne": null, "wc_dusche": null, "wc_spiegel": null, "wc_gelaender": null, "wc_deckenlifter": null, "wc_standlifter": null, "wc_liege": null, "wc_spiegelhoehe": null, "wc_handtuchspenderhoehe": null, "wc_seifenspender_hoehe": null, "wc_waschbecken_oberkante": null, "wc_waschbecken_hoehe_unterfahrbar": null, "wc_waschbecken_tiefe_unterfahrbar": null, "wc_buegel_rechts": null, "wc_buegel_links": null, "wc_buegel_distanz": null, "wc_buegelhoehe": null, "wc_sitzhoehe": null, "wc_platz_davor": null, "wc_platz_rechts": null, "wc_platz_links": null, "wc_spuelknopf_hinten": null, "wc_spuelknopf_rechts": null, "wc_spuelknopf_links": null, "wc_spuelknopf_hoehe": null, "wc_position_notruf": null, "wc_hoehe_notruf": null, "wc_bermerkung": null, "foto": "https:\/\/geoportal.muenchen.de\/resource\/download\/gsm\/dokumente\/wc_finder\/bild\/Luitpoldpark.jpg" }, "geometry": { "type": "Point", "coordinates": [ 11.56772190857699, 48.172036117740795 ] } },
{ "type": "Feature", "id": "wc_finder_opendata.2", "geometry_name": "shape", "properties": { "name": "Öffentliche Toilette DSMDecaux GmbH", "stadt": "München", "plz": 80339, "strasse": "10m v. Gollierpl., ggü Trappentreustr. 23", "hausnr": null, "etage": "EG", "raumnummer": "6003 (DSMDecaux GmbH)", "oeffnungszeiten": "Durchgehend", "kategorie": "divers\/unisex", "preis": 0.5, "wickeln": null, "standort_beschreibung": null, "zustand": "voll funktionsfähig", "einschraenkungen": null, "mail": "info@dsmdecaux.de", "website": null, "telefon": null, "zustaendiges_referat": "DSMDecaux GmbH", "erzeugt_bearbeitet": "06.09.2023 \/ 06.09.2023", "din_18040_1": null, "toilette_fuer_alle": null, "eignung_blindenhunde": null, "eingangstuer_typ": null, "eingangstuer_glasmarkierung": null, "eingangstuer_klingel_taster": null, "eingangstuer_leichte_fuehrung": null, "eingangstuer_radar_schluessel": null, "eingangstuer_euro_schluessel": null, "eingangstuer_wendekreis": null, "eingangstuer_breite": null, "rampe": null, "rampe_steigung": null, "treppe_vorhanden": null, "treppe_antirutsch": null, "treppe_blindenschrift": null, "treppe_gelaender": null, "treppe_kontrast_visuell": null, "treppe_kontrast_taktil": null, "treppe_stufenanzahl": null, "treppe_stufenhoehe": null, "rollstuhllift": null, "eingangsbereich_beschreibung": null, "gebaeudeinneres_gangbreite": null, "gebaeudeinneres_induktionsschleifen": null, "gebaeudeinneres_fuehrungsrillen": null, "gebaeudeinneres_ruhig": null, "gebaeudeinneres_beleuchtet": null, "aufzug_vorhanden": null, "aufzug_tuerbreite": null, "aufzug_tiefe": null, "aufzug_breite": null, "wctuer_typ": null, "wctuer_glasmarkierung": null, "wctuer_klingel_taster": null, "wctuer_leichte_fuehrung": null, "wctuer_radar_schluessel": null, "wctuer_euro_schluessel": null, "wctuer_wendekreis": null, "wctuer_breite": null, "wctuer_bemerkung": null, "wc_badewanne": null, "wc_dusche": null, "wc_spiegel": null, "wc_gelaender": null, "wc_deckenlifter": null, "wc_standlifter": null, "wc_liege": null, "wc_spiegelhoehe": null, "wc_handtuchspenderhoehe": null, "wc_seifenspender_hoehe": null, "wc_waschbecken_oberkante": null, "wc_waschbecken_hoehe_unterfahrbar": null, "wc_waschbecken_tiefe_unterfahrbar": null, "wc_buegel_rechts": null, "wc_buegel_links": null, "wc_buegel_distanz": null, "wc_buegelhoehe": null, "wc_sitzhoehe": null, "wc_platz_davor": null, "wc_platz_rechts": null, "wc_platz_links": null, "wc_spuelknopf_hinten": null, "wc_spuelknopf_rechts": null, "wc_spuelknopf_links": null, "wc_spuelknopf_hoehe": null, "wc_position_notruf": null, "wc_hoehe_notruf": null, "wc_bermerkung": null, "foto": "https:\/\/geoportal.muenchen.de\/resource\/download\/gsm\/dokumente\/wc_finder\/bild\/Gollierplatz.jpg" }, "geometry": { "type": "Point", "coordinates": [ 11.534629032521586, 48.136492210465832 ] } },
{ "type": "Feature", "id": "wc_finder_opendata.3", "geometry_name": "shape", "properties": { "name": "Öffentliche Toilette DSMDecaux GmbH", "stadt": "München", "plz": 80992, "strasse": "36m v. Großbeerenstr., v. Hs.Nr. 3, Wendeschleife", "hausnr": null, "etage": "EG", "raumnummer": "6004 (DSMDecaux GmbH)", "oeffnungszeiten": "Durchgehend", "kategorie": "divers\/unisex", "preis": 0.5, "wickeln": null, "standort_beschreibung": null, "zustand": "voll funktionsfähig", "einschraenkungen": null, "mail": "info@dsmdecaux.de", "website": null, "telefon": null, "zustaendiges_referat": "DSMDecaux GmbH", "erzeugt_bearbeitet": "06.09.2023 \/ 06.09.2023", "din_18040_1": null, "toilette_fuer_alle": null, "eignung_blindenhunde": null, "eingangstuer_typ": null, "eingangstuer_glasmarkierung": null, "eingangstuer_klingel_taster": null, "eingangstuer_leichte_fuehrung": null, "eingangstuer_radar_schluessel": null, "eingangstuer_euro_schluessel": null, "eingangstuer_wendekreis": null, "eingangstuer_breite": null, "rampe": null, "rampe_steigung": null, "treppe_vorhanden": null, "treppe_antirutsch": null, "treppe_blindenschrift": null, "treppe_gelaender": null, "treppe_kontrast_visuell": null, "treppe_kontrast_taktil": null, "treppe_stufenanzahl": null, "treppe_stufenhoehe": null, "rollstuhllift": null, "eingangsbereich_beschreibung": null, "gebaeudeinneres_gangbreite": null, "gebaeudeinneres_induktionsschleifen": null, "gebaeudeinneres_fuehrungsrillen": null, "gebaeudeinneres_ruhig": null, "gebaeudeinneres_beleuchtet": null, "aufzug_vorhanden": null, "aufzug_tuerbreite": null, "aufzug_tiefe": null, "aufzug_breite": null, "wctuer_typ": null, "wctuer_glasmarkierung": null, "wctuer_klingel_taster": null, "wctuer_leichte_fuehrung": null, "wctuer_radar_schluessel": null, "wctuer_euro_schluessel": null, "wctuer_wendekreis": null, "wctuer_breite": null, "wctuer_bemerkung": null, "wc_badewanne": null, "wc_dusche": null, "wc_spiegel": null, "wc_gelaender": null, "wc_deckenlifter": null, "wc_standlifter": null, "wc_liege": null, "wc_spiegelhoehe": null, "wc_handtuchspenderhoehe": null, "wc_seifenspender_hoehe": null, "wc_waschbecken_oberkante": null, "wc_waschbecken_hoehe_unterfahrbar": null, "wc_waschbecken_tiefe_unterfahrbar": null, "wc_buegel_rechts": null, "wc_buegel_links": null, "wc_buegel_distanz": null, "wc_buegelhoehe": null, "wc_sitzhoehe": null, "wc_platz_davor": null, "wc_platz_rechts": null, "wc_platz_links": null, "wc_spuelknopf_hinten": null, "wc_spuelknopf_rechts": null, "wc_spuelknopf_links": null, "wc_spuelknopf_hoehe": null, "wc_position_notruf": null, "wc_hoehe_notruf": null, "wc_bermerkung": null, "foto": "https:\/\/geoportal.muenchen.de\/resource\/download\/gsm\/dokumente\/wc_finder\/bild\/Moosach_Bf.jpg" }, "geometry": { "type": "Point", "coordinates": [ 11.506629023591922, 48.179512495293721 ] } },
{ "type": "Feature", "id": "wc_finder_opendata.4", "geometry_name": "shape", "properties": { "name": "Öffentliche Toilette DSMDecaux GmbH", "stadt": "München", "plz": 81667, "strasse": "17m v. Orleansstr., ggü. Hs.Nr. 2", "hausnr": null, "etage": "EG", "raumnummer": "6005 (DSMDecaux GmbH)", "oeffnungszeiten": "Durchgehend", "kategorie": "divers\/unisex", "preis": 0.5, "wickeln": null, "standort_beschreibung": null, "zustand": "voll funktionsfähig", "einschraenkungen": null, "mail": "info@dsmdecaux.de", "website": null, "telefon": null, "zustaendiges_referat": "DSMDecaux GmbH", "erzeugt_bearbeitet": "06.09.2023 \/ 06.09.2023", "din_18040_1": null, "toilette_fuer_alle": null, "eignung_blindenhunde": null, "eingangstuer_typ": null, "eingangstuer_glasmarkierung": null, "eingangstuer_klingel_taster": null, "eingangstuer_leichte_fuehrung": null, "eingangstuer_radar_schluessel": null, "eingangstuer_euro_schluessel": null, "eingangstuer_wendekreis": null, "eingangstuer_breite": null, "rampe": null, "rampe_steigung": null, "treppe_vorhanden": null, "treppe_antirutsch": null, "treppe_blindenschrift": null, "treppe_gelaender": null, "treppe_kontrast_visuell": null, "treppe_kontrast_taktil": null, "treppe_stufenanzahl": null, "treppe_stufenhoehe": null, "rollstuhllift": null, "eingangsbereich_beschreibung": null, "gebaeudeinneres_gangbreite": null, "gebaeudeinneres_induktionsschleifen": null, "gebaeudeinneres_fuehrungsrillen": null, "gebaeudeinneres_ruhig": null, "gebaeudeinneres_beleuchtet": null, "aufzug_vorhanden": null, "aufzug_tuerbreite": null, "aufzug_tiefe": null, "aufzug_breite": null, "wctuer_typ": null, "wctuer_glasmarkierung": null, "wctuer_klingel_taster": null, "wctuer_leichte_fuehrung": null, "wctuer_radar_schluessel": null, "wctuer_euro_schluessel": null, "wctuer_wendekreis": null, "wctuer_breite": null, "wctuer_bemerkung": null, "wc_badewanne": null, "wc_dusche": null, "wc_spiegel": null, "wc_gelaender": null, "wc_deckenlifter": null, "wc_standlifter": null, "wc_liege": null, "wc_spiegelhoehe": null, "wc_handtuchspenderhoehe": null, "wc_seifenspender_hoehe": null, "wc_waschbecken_oberkante": null, "wc_waschbecken_hoehe_unterfahrbar": null, "wc_waschbecken_tiefe_unterfahrbar": null, "wc_buegel_rechts": null, "wc_buegel_links": null, "wc_buegel_distanz": null, "wc_buegelhoehe": null, "wc_sitzhoehe": null, "wc_platz_davor": null, "wc_platz_rechts": null, "wc_platz_links": null, "wc_spuelknopf_hinten": null, "wc_spuelknopf_rechts": null, "wc_spuelknopf_links": null, "wc_spuelknopf_hoehe": null, "wc_position_notruf": null, "wc_hoehe_notruf": null, "wc_bermerkung": null, "foto": "https:\/\/geoportal.muenchen.de\/resource\/download\/gsm\/dokumente\/wc_finder\/bild\/Orleansplatz.jpg" }, "geometry": { "type": "Point", "coordinates": [ 11.602916132140958, 48.127924705953639 ] } },
{ "type": "Feature", "id": "wc_finder_opendata.5", "geometry_name": "shape", "properties": { "name": "Besuchertoilette Westfriedhof", "stadt": "München", "plz": 80637, "strasse": "Baldurstraße", "hausnr": "28", "etage": "EG", "raumnummer": null, "oeffnungszeiten": "Täglich währen der Öffnungszeiten des Friedhofes", "kategorie": "männlich", "preis": null, "wickeln": 0, "standort_beschreibung": "Vor dem Eingang zu Aufbahrung an der Straßenseite", "zustand": "voll funktionsfähig", "einschraenkungen": null, "mail": "im-bfv.kom@muenchen.de", "website": null, "telefon": "089\/23326198", "zustaendiges_referat": "Kommunalreferat", "erzeugt_bearbeitet": "06.09.2023 \/ 06.09.2023", "din_18040_1": null, "toilette_fuer_alle": null, "eignung_blindenhunde": null, "eingangstuer_typ": null, "eingangstuer_glasmarkierung": null, "eingangstuer_klingel_taster": null, "eingangstuer_leichte_fuehrung": null, "eingangstuer_radar_schluessel": null, "eingangstuer_euro_schluessel": null, "eingangstuer_wendekreis": null, "eingangstuer_breite": null, "rampe": null, "rampe_steigung": null, "treppe_vorhanden": null, "treppe_antirutsch": null, "treppe_blindenschrift": null, "treppe_gelaender": null, "treppe_kontrast_visuell": null, "treppe_kontrast_taktil": null, "treppe_stufenanzahl": null, "treppe_stufenhoehe": null, "rollstuhllift": null, "eingangsbereich_beschreibung": null, "gebaeudeinneres_gangbreite": null, "gebaeudeinneres_induktionsschleifen": null, "gebaeudeinneres_fuehrungsrillen": null, "gebaeudeinneres_ruhig": null, "gebaeudeinneres_beleuchtet": null, "aufzug_vorhanden": null, "aufzug_tuerbreite": null, "aufzug_tiefe": null, "aufzug_breite": null, "wctuer_typ": null, "wctuer_glasmarkierung": null, "wctuer_klingel_taster": null, "wctuer_leichte_fuehrung": null, "wctuer_radar_schluessel": null, "wctuer_euro_schluessel": null, "wctuer_wendekreis": null, "wctuer_breite": null, "wctuer_bemerkung": null, "wc_badewanne": null, "wc_dusche": null, "wc_spiegel": null, "wc_gelaender": null, "wc_deckenlifter": null, "wc_standlifter": null, "wc_liege": null, "wc_spiegelhoehe": null, "wc_handtuchspenderhoehe": null, "wc_seifenspender_hoehe": null, "wc_waschbecken_oberkante": null, "wc_waschbecken_hoehe_unterfahrbar": null, "wc_waschbecken_tiefe_unterfahrbar": null, "wc_buegel_rechts": null, "wc_buegel_links": null, "wc_buegel_distanz": null, "wc_buegelhoehe": null, "wc_sitzhoehe": null, "wc_platz_davor": null, "wc_platz_rechts": null, "wc_platz_links": null, "wc_spuelknopf_hinten": null, "wc_spuelknopf_rechts": null, "wc_spuelknopf_links": null, "wc_spuelknopf_hoehe": null, "wc_position_notruf": null, "wc_hoehe_notruf": null, "wc_bermerkung": null, "foto": null }, "geometry": { "type": "Point", "coordinates": [ 11.525628133050507, 48.169283840206447 ] } },
{ "type": "Feature", "id": "wc_finder_opendata.6", "geometry_name": "shape", "properties": { "name": "Besuchertoilette Westfriedhof", "stadt": "München", "plz": 80637, "strasse": "Baldurstraße", "hausnr": "28", "etage": "EG", "raumnummer": null, "oeffnungszeiten": "Täglich währen der Öffnungszeiten des Friedhofes", "kategorie": "weiblich", "preis": null, "wickeln": 0, "standort_beschreibung": "Vor dem Eingang zu Aufbahrung an der Straßenseite", "zustand": "voll funktionsfähig", "einschraenkungen": null, "mail": "im-bfv.kom@muenchen.de", "website": null, "telefon": "089\/23326198", "zustaendiges_referat": "Kommunalreferat", "erzeugt_bearbeitet": "06.09.2023 \/ 06.09.2023", "din_18040_1": null, "toilette_fuer_alle": null, "eignung_blindenhunde": null, "eingangstuer_typ": null, "eingangstuer_glasmarkierung": null, "eingangstuer_klingel_taster": null, "eingangstuer_leichte_fuehrung": null, "eingangstuer_radar_schluessel": null, "eingangstuer_euro_schluessel": null, "eingangstuer_wendekreis": null, "eingangstuer_breite": null, "rampe": null, "rampe_steigung": null, "treppe_vorhanden": null, "treppe_antirutsch": null, "treppe_blindenschrift": null, "treppe_gelaender": null, "treppe_kontrast_visuell": null, "treppe_kontrast_taktil": null, "treppe_stufenanzahl": null, "treppe_stufenhoehe": null, "rollstuhllift": null, "eingangsbereich_beschreibung": null, "gebaeudeinneres_gangbreite": null, "gebaeudeinneres_induktionsschleifen": null, "gebaeudeinneres_fuehrungsrillen": null, "gebaeudeinneres_ruhig": null, "gebaeudeinneres_beleuchtet": null, "aufzug_vorhanden": null, "aufzug_tuerbreite": null, "aufzug_tiefe": null, "aufzug_breite": null, "wctuer_typ": null, "wctuer_glasmarkierung": null, "wctuer_klingel_taster": null, "wctuer_leichte_fuehrung": null, "wctuer_radar_schluessel": null, "wctuer_euro_schluessel": null, "wctuer_wendekreis": null, "wctuer_breite": null, "wctuer_bemerkung": null, "wc_badewanne": null, "wc_dusche": null, "wc_spiegel": null, "wc_gelaender": null, "wc_deckenlifter": null, "wc_standlifter": null, "wc_liege": null, "wc_spiegelhoehe": null, "wc_handtuchspenderhoehe": null, "wc_seifenspender_hoehe": null, "wc_waschbecken_oberkante": null, "wc_waschbecken_hoehe_unterfahrbar": null, "wc_waschbecken_tiefe_unterfahrbar": null, "wc_buegel_rechts": null, "wc_buegel_links": null, "wc_buegel_distanz": null, "wc_buegelhoehe": null, "wc_sitzhoehe": null, "wc_platz_davor": null, "wc_platz_rechts": null, "wc_platz_links": null, "wc_spuelknopf_hinten": null, "wc_spuelknopf_rechts": null, "wc_spuelknopf_links": null, "wc_spuelknopf_hoehe": null, "wc_position_notruf": null, "wc_hoehe_notruf": null, "wc_bermerkung": null, "foto": null }, "geometry": { "type": "Point", "coordinates": [ 11.525660235838659, 48.169285653812416 ] } },
{ "type": "Feature", "id": "wc_finder_opendata.7", "geometry_name": "shape", "properties": { "name": "Besuchertoilette Friedhof Feldmoching", "stadt": "München", "plz": 80995, "strasse": "Am Gottesackerweg", "hausnr": "53", "etage": "EG", "raumnummer": null, "oeffnungszeiten": "Täglich währen der Öffnungszeiten des Friedhofes", "kategorie": "männlich", "preis": null, "wickeln": 0, "standort_beschreibung": "Im Friedhof bei der Aussegnungshalle", "zustand": "voll funktionsfähig", "einschraenkungen": null, "mail": "im-bfv.kom@muenchen.de", "website": null, "telefon": "089\/23326199", "zustaendiges_referat": "Kommunalreferat", "erzeugt_bearbeitet": "06.09.2023 \/ 06.09.2023", "din_18040_1": null, "toilette_fuer_alle": null, "eignung_blindenhunde": null, "eingangstuer_typ": null, "eingangstuer_glasmarkierung": null, "eingangstuer_klingel_taster": null, "eingangstuer_leichte_fuehrung": null, "eingangstuer_radar_schluessel": null, "eingangstuer_euro_schluessel": null, "eingangstuer_wendekreis": null, "eingangstuer_breite": null, "rampe": null, "rampe_steigung": null, "treppe_vorhanden": null, "treppe_antirutsch": null, "treppe_blindenschrift": null, "treppe_gelaender": null, "treppe_kontrast_visuell": null, "treppe_kontrast_taktil": null, "treppe_stufenanzahl": null, "treppe_stufenhoehe": null, "rollstuhllift": null, "eingangsbereich_beschreibung": null, "gebaeudeinneres_gangbreite": null, "gebaeudeinneres_induktionsschleifen": null, "gebaeudeinneres_fuehrungsrillen": null, "gebaeudeinneres_ruhig": null, "gebaeudeinneres_beleuchtet": null, "aufzug_vorhanden": null, "aufzug_tuerbreite": null, "aufzug_tiefe": null, "aufzug_breite": null, "wctuer_typ": null, "wctuer_glasmarkierung": null, "wctuer_klingel_taster": null, "wctuer_leichte_fuehrung": null, "wctuer_radar_schluessel": null, "wctuer_euro_schluessel": null, "wctuer_wendekreis": null, "wctuer_breite": null, "wctuer_bemerkung": null, "wc_badewanne": null, "wc_dusche": null, "wc_spiegel": null, "wc_gelaender": null, "wc_deckenlifter": null, "wc_standlifter": null, "wc_liege": null, "wc_spiegelhoehe": null, "wc_handtuchspenderhoehe": null, "wc_seifenspender_hoehe": null, "wc_waschbecken_oberkante": null, "wc_waschbecken_hoehe_unterfahrbar": null, "wc_waschbecken_tiefe_unterfahrbar": null, "wc_buegel_rechts": null, "wc_buegel_links": null, "wc_buegel_distanz": null, "wc_buegelhoehe": null, "wc_sitzhoehe": null, "wc_platz_davor": null, "wc_platz_rechts": null, "wc_platz_links": null, "wc_spuelknopf_hinten": null, "wc_spuelknopf_rechts": null, "wc_spuelknopf_links": null, "wc_spuelknopf_hoehe": null, "wc_position_notruf": null, "wc_hoehe_notruf": null, "wc_bermerkung": null, "foto": null }, "geometry": { "type": "Point", "coordinates": [ 11.526000966615536, 48.216010743294099 ] } },
{ "type": "Feature", "id": "wc_finder_opendata.8", "geometry_name": "shape", "properties": { "name": "Besuchertoilette Friedhof Feldmoching", "stadt": "München", "plz": 80996, "strasse": "Am Gottesackerweg", "hausnr": "54", "etage": "EG", "raumnummer": null, "oeffnungszeiten": "Täglich währen der Öffnungszeiten des Friedhofes", "kategorie": "weiblich", "preis": null, "wickeln": 0, "standort_beschreibung": "Im Friedhof bei der Aussegnungshalle", "zustand": "voll funktionsfähig", "einschraenkungen": null, "mail": "im-bfv.kom@muenchen.de", "website": null, "telefon": "089\/23326200", "zustaendiges_referat": "Kommunalreferat", "erzeugt_bearbeitet": "06.09.2023 \/ 06.09.2023", "din_18040_1": null, "toilette_fuer_alle": null, "eignung_blindenhunde": null, "eingangstuer_typ": null, "eingangstuer_glasmarkierung": null, "eingangstuer_klingel_taster": null, "eingangstuer_leichte_fuehrung": null, "eingangstuer_radar_schluessel": null, "eingangstuer_euro_schluessel": null, "eingangstuer_wendekreis": null, "eingangstuer_breite": null, "rampe": null, "rampe_steigung": null, "treppe_vorhanden": null, "treppe_antirutsch": null, "treppe_blindenschrift": null, "treppe_gelaender": null, "treppe_kontrast_visuell": null, "treppe_kontrast_taktil": null, "treppe_stufenanzahl": null, "treppe_stufenhoehe": null, "rollstuhllift": null, "eingangsbereich_beschreibung": null, "gebaeudeinneres_gangbreite": null, "gebaeudeinneres_induktionsschleifen": null, "gebaeudeinneres_fuehrungsrillen": null, "gebaeudeinneres_ruhig": null, "gebaeudeinneres_beleuchtet": null, "aufzug_vorhanden": null, "aufzug_tuerbreite": null, "aufzug_tiefe": null, "aufzug_breite": null, "wctuer_typ": null, "wctuer_glasmarkierung": null, "wctuer_klingel_taster": null, "wctuer_leichte_fuehrung": null, "wctuer_radar_schluessel": null, "wctuer_euro_schluessel": null, "wctuer_wendekreis": null, "wctuer_breite": null, "wctuer_bemerkung": null, "wc_badewanne": null, "wc_dusche": null, "wc_spiegel": null, "wc_gelaender": null, "wc_deckenlifter": null, "wc_standlifter": null, "wc_liege": null, "wc_spiegelhoehe": null, "wc_handtuchspenderhoehe": null, "wc_seifenspender_hoehe": null, "wc_waschbecken_oberkante": null, "wc_waschbecken_hoehe_unterfahrbar": null, "wc_waschbecken_tiefe_unterfahrbar": null, "wc_buegel_rechts": null, "wc_buegel_links": null, "wc_buegel_distanz": null, "wc_buegelhoehe": null, "wc_sitzhoehe": null, "wc_platz_davor": null, "wc_platz_rechts": null, "wc_platz_links": null, "wc_spuelknopf_hinten": null, "wc_spuelknopf_rechts": null, "wc_spuelknopf_links": null, "wc_spuelknopf_hoehe": null, "wc_position_notruf": null, "wc_hoehe_notruf": null, "wc_bermerkung": null, "foto": null }, "geometry": { "type": "Point", "coordinates": [ 11.52600688760193, 48.21597786105874 ] } },
{ "type": "Feature", "id": "wc_finder_opendata.9", "geometry_name": "shape", "properties": { "name": "Öffentliche Toilette \"Friedhof Lochhausen\"", "stadt": "München", "plz": 81249, "strasse": "Schussenrieder Straße", "hausnr": "36", "etage": "EG", "raumnummer": "0.4.1.002", "oeffnungszeiten": "Saisonal abhängig von Öffnungszeiten der städt. Friedhöfe", "kategorie": "weiblich", "preis": null, "wickeln": 0, "standort_beschreibung": null, "zustand": "voll funktionsfähig", "einschraenkungen": null, "mail": "im-bfv.kom@muenchen.de", "website": null, "telefon": "891465590", "zustaendiges_referat": "Kommunalreferat", "erzeugt_bearbeitet": "06.09.2023 \/ 06.09.2023", "din_18040_1": null, "toilette_fuer_alle": null, "eignung_blindenhunde": null, "eingangstuer_typ": null, "eingangstuer_glasmarkierung": null, "eingangstuer_klingel_taster": null, "eingangstuer_leichte_fuehrung": null, "eingangstuer_radar_schluessel": null, "eingangstuer_euro_schluessel": null, "eingangstuer_wendekreis": null, "eingangstuer_breite": null, "rampe": null, "rampe_steigung": null, "treppe_vorhanden": null, "treppe_antirutsch": null, "treppe_blindenschrift": null, "treppe_gelaender": null, "treppe_kontrast_visuell": null, "treppe_kontrast_taktil": null, "treppe_stufenanzahl": null, "treppe_stufenhoehe": null, "rollstuhllift": null, "eingangsbereich_beschreibung": null, "gebaeudeinneres_gangbreite": null, "gebaeudeinneres_induktionsschleifen": null, "gebaeudeinneres_fuehrungsrillen": null, "gebaeudeinneres_ruhig": null, "gebaeudeinneres_beleuchtet": null, "aufzug_vorhanden": null, "aufzug_tuerbreite": null, "aufzug_tiefe": null, "aufzug_breite": null, "wctuer_typ": null, "wctuer_glasmarkierung": null, "wctuer_klingel_taster": null, "wctuer_leichte_fuehrung": null, "wctuer_radar_schluessel": null, "wctuer_euro_schluessel": null, "wctuer_wendekreis": null, "wctuer_breite": null, "wctuer_bemerkung": null, "wc_badewanne": null, "wc_dusche": null, "wc_spiegel": null, "wc_gelaender": null, "wc_deckenlifter": null, "wc_standlifter": null, "wc_liege": null, "wc_spiegelhoehe": null, "wc_handtuchspenderhoehe": null, "wc_seifenspender_hoehe": null, "wc_waschbecken_oberkante": null, "wc_waschbecken_hoehe_unterfahrbar": null, "wc_waschbecken_tiefe_unterfahrbar": null, "wc_buegel_rechts": null, "wc_buegel_links": null, "wc_buegel_distanz": null, "wc_buegelhoehe": null, "wc_sitzhoehe": null, "wc_platz_davor": null, "wc_platz_rechts": null, "wc_platz_links": null, "wc_spuelknopf_hinten": null, "wc_spuelknopf_rechts": null, "wc_spuelknopf_links": null, "wc_spuelknopf_hoehe": null, "wc_position_notruf": null, "wc_hoehe_notruf": null, "wc_bermerkung": null, "foto": null }, "geometry": { "type": "Point", "coordinates": [ 11.406516500238768, 48.184068772128043 ] } },
{ "type": "Feature", "id": "wc_finder_opendata.10", "geometry_name": "shape", "properties": { "name": "Öffentliche Toilette \"Friedhof Lochhausen\"", "stadt": "München", "plz": 81249, "strasse": "Schussenrieder Straße", "hausnr": "36", "etage": "EG", "raumnummer": "0.4.1.003", "oeffnungszeiten": "Saisonal abhängig von Öffnungszeiten der städt. Friedhöfe", "kategorie": "männlich", "preis": null, "wickeln": 0, "standort_beschreibung": null, "zustand": "voll funktionsfähig", "einschraenkungen": null, "mail": "im-bfv.kom@muenchen.de", "website": null, "telefon": null, "zustaendiges_referat": "Kommunalreferat", "erzeugt_bearbeitet": "06.09.2023 \/ 06.09.2023", "din_18040_1": null, "toilette_fuer_alle": null, "eignung_blindenhunde": null, "eingangstuer_typ": null, "eingangstuer_glasmarkierung": null, "eingangstuer_klingel_taster": null, "eingangstuer_leichte_fuehrung": null, "eingangstuer_radar_schluessel": null, "eingangstuer_euro_schluessel": null, "eingangstuer_wendekreis": null, "eingangstuer_breite": null, "rampe": null, "rampe_steigung": null, "treppe_vorhanden": null, "treppe_antirutsch": null, "treppe_blindenschrift": null, "treppe_gelaender": null, "treppe_kontrast_visuell": null, "treppe_kontrast_taktil": null, "treppe_stufenanzahl": null, "treppe_stufenhoehe": null, "rollstuhllift": null, "eingangsbereich_beschreibung": null, "gebaeudeinneres_gangbreite": null, "gebaeudeinneres_induktionsschleifen": null, "gebaeudeinneres_fuehrungsrillen": null, "gebaeudeinneres_ruhig": null, "gebaeudeinneres_beleuchtet": null, "aufzug_vorhanden": null, "aufzug_tuerbreite": null, "aufzug_tiefe": null, "aufzug_breite": null, "wctuer_typ": null, "wctuer_glasmarkierung": null, "wctuer_klingel_taster": null, "wctuer_leichte_fuehrung": null, "wctuer_radar_schluessel": null, "wctuer_euro_schluessel": null, "wctuer_wendekreis": null, "wctuer_breite": null, "wctuer_bemerkung": null, "wc_badewanne": null, "wc_dusche": null, "wc_spiegel": null, "wc_gelaender": null, "wc_deckenlifter": null, "wc_standlifter": null, "wc_liege": null, "wc_spiegelhoehe": null, "wc_handtuchspenderhoehe": null, "wc_seifenspender_hoehe": null, "wc_waschbecken_oberkante": null, "wc_waschbecken_hoehe_unterfahrbar": null, "wc_waschbecken_tiefe_unterfahrbar": null, "wc_buegel_rechts": null, "wc_buegel_links": null, "wc_buegel_distanz": null, "wc_buegelhoehe": null, "wc_sitzhoehe": null, "wc_platz_davor": null, "wc_platz_rechts": null, "wc_platz_links": null, "wc_spuelknopf_hinten": null, "wc_spuelknopf_rechts": null, "wc_spuelknopf_links": null, "wc_spuelknopf_hoehe": null, "wc_position_notruf": null, "wc_hoehe_notruf": null, "wc_bermerkung": null, "foto": null }, "geometry": { "type": "Point", "coordinates": [ 11.406522967771187, 48.184046619112031 ] } },
{ "type": "Feature", "id": "wc_finder_opendata.11", "geometry_name": "shape", "properties": { "name": "Öffentliche Toilette \"Behindertengerecht\"", "stadt": "München", "plz": 81541, "strasse": "St.-Martin-Str.", "hausnr": "41", "etage": "EG", "raumnummer": null, "oeffnungszeiten": "Täglich 08:00 Uhr bis 16:00 Uhr", "kategorie": "barrierefrei", "preis": null, "wickeln": 0, "standort_beschreibung": null, "zustand": "voll funktionsfähig", "einschraenkungen": null, "mail": "gsr-sfm@muenchen.de", "website": null, "telefon": null, "zustaendiges_referat": "GSR", "erzeugt_bearbeitet": "06.09.2023 \/ 06.09.2023", "din_18040_1": 1, "toilette_fuer_alle": 1, "eignung_blindenhunde": 0, "eingangstuer_typ": "Öffnet nach außen\/Türanschlag links", "eingangstuer_glasmarkierung": 1, "eingangstuer_klingel_taster": 1, "eingangstuer_leichte_fuehrung": 1, "eingangstuer_radar_schluessel": 0, "eingangstuer_euro_schluessel": 0, "eingangstuer_wendekreis": "150", "eingangstuer_breite": 110, "rampe": null, "rampe_steigung": null, "treppe_vorhanden": 0, "treppe_antirutsch": 0, "treppe_blindenschrift": 0, "treppe_gelaender": 0, "treppe_kontrast_visuell": 0, "treppe_kontrast_taktil": 0, "treppe_stufenanzahl": 0, "treppe_stufenhoehe": 0, "rollstuhllift": 0, "eingangsbereich_beschreibung": null, "gebaeudeinneres_gangbreite": "150", "gebaeudeinneres_induktionsschleifen": 0, "gebaeudeinneres_fuehrungsrillen": 0, "gebaeudeinneres_ruhig": 1, "gebaeudeinneres_beleuchtet": 1, "aufzug_vorhanden": 1, "aufzug_tuerbreite": 110, "aufzug_tiefe": 150, "aufzug_breite": 150, "wctuer_typ": "Öffnet nach außen\/Türanschlag links", "wctuer_glasmarkierung": 0, "wctuer_klingel_taster": 0, "wctuer_leichte_fuehrung": 0, "wctuer_radar_schluessel": 0, "wctuer_euro_schluessel": 0, "wctuer_wendekreis": "150", "wctuer_breite": 90.0, "wctuer_bemerkung": "Tür klemmt leicht", "wc_badewanne": 0, "wc_dusche": 0, "wc_spiegel": 1, "wc_gelaender": 0, "wc_deckenlifter": 0, "wc_standlifter": 0, "wc_liege": 1, "wc_spiegelhoehe": "90- 210", "wc_handtuchspenderhoehe": 100.0, "wc_seifenspender_hoehe": 100, "wc_waschbecken_oberkante": 78.0, "wc_waschbecken_hoehe_unterfahrbar": "65", "wc_waschbecken_tiefe_unterfahrbar": 54, "wc_buegel_rechts": 1, "wc_buegel_links": 1, "wc_buegel_distanz": 70.0, "wc_buegelhoehe": 75, "wc_sitzhoehe": 48, "wc_platz_davor": 150, "wc_platz_rechts": "130", "wc_platz_links": "50", "wc_spuelknopf_hinten": 1, "wc_spuelknopf_rechts": 1, "wc_spuelknopf_links": null, "wc_spuelknopf_hoehe": 95, "wc_position_notruf": "links", "wc_hoehe_notruf": "100", "wc_bermerkung": null, "foto": null }, "geometry": { "type": "Point", "coordinates": [ 11.595430995974583, 48.120228762515758 ] } },
{ "type": "Feature", "id": "wc_finder_opendata.12", "geometry_name": "shape", "properties": { "name": "Öffentliche Toilette \"Herren\"", "stadt": "München", "plz": 81541, "strasse": "St.-Martin-Str.", "hausnr": "41", "etage": "1.UG", "raumnummer": null, "oeffnungszeiten": "Wie Friedhof", "kategorie": "männlich", "preis": null, "wickeln": 0, "standort_beschreibung": null, "zustand": "voll funktionsfähig", "einschraenkungen": null, "mail": "gsr-sfm@muenchen.de", "website": null, "telefon": null, "zustaendiges_referat": "GSR", "erzeugt_bearbeitet": "06.09.2023 \/ 06.09.2023", "din_18040_1": null, "toilette_fuer_alle": null, "eignung_blindenhunde": null, "eingangstuer_typ": null, "eingangstuer_glasmarkierung": null, "eingangstuer_klingel_taster": null, "eingangstuer_leichte_fuehrung": null, "eingangstuer_radar_schluessel": null, "eingangstuer_euro_schluessel": null, "eingangstuer_wendekreis": null, "eingangstuer_breite": null, "rampe": null, "rampe_steigung": null, "treppe_vorhanden": null, "treppe_antirutsch": null, "treppe_blindenschrift": null, "treppe_gelaender": null, "treppe_kontrast_visuell": null, "treppe_kontrast_taktil": null, "treppe_stufenanzahl": null, "treppe_stufenhoehe": null, "rollstuhllift": null, "eingangsbereich_beschreibung": null, "gebaeudeinneres_gangbreite": null, "gebaeudeinneres_induktionsschleifen": null, "gebaeudeinneres_fuehrungsrillen": null, "gebaeudeinneres_ruhig": null, "gebaeudeinneres_beleuchtet": null, "aufzug_vorhanden": null, "aufzug_tuerbreite": null, "aufzug_tiefe": null, "aufzug_breite": null, "wctuer_typ": null, "wctuer_glasmarkierung": null, "wctuer_klingel_taster": null, "wctuer_leichte_fuehrung": null, "wctuer_radar_schluessel": null, "wctuer_euro_schluessel": null, "wctuer_wendekreis": null, "wctuer_breite": null, "wctuer_bemerkung": null, "wc_badewanne": null, "wc_dusche": null, "wc_spiegel": null, "wc_gelaender": null, "wc_deckenlifter": null, "wc_standlifter": null, "wc_liege": null, "wc_spiegelhoehe": null, "wc_handtuchspenderhoehe": null, "wc_seifenspender_hoehe": null, "wc_waschbecken_oberkante": null, "wc_waschbecken_hoehe_unterfahrbar": null, "wc_waschbecken_tiefe_unterfahrbar": null, "wc_buegel_rechts": null, "wc_buegel_links": null, "wc_buegel_distanz": null, "wc_buegelhoehe": null, "wc_sitzhoehe": null, "wc_platz_davor": null, "wc_platz_rechts": null, "wc_platz_links": null, "wc_spuelknopf_hinten": null, "wc_spuelknopf_rechts": null, "wc_spuelknopf_links": null, "wc_spuelknopf_hoehe": null, "wc_position_notruf": null, "wc_hoehe_notruf": null, "wc_bermerkung": null, "foto": null }, "geometry": { "type": "Point", "coordinates": [ 11.595452479515327, 48.120205613773003 ] } },
{ "type": "Feature", "id": "wc_finder_opendata.13", "geometry_name": "shape", "properties": { "name": "Öffentliche Toilette \"Damen\"", "stadt": "München", "plz": 81541, "strasse": "St.-Martin-Str.", "hausnr": "41", "etage": "1.UG", "raumnummer": null, "oeffnungszeiten": "Wie Friedhof", "kategorie": "weiblich", "preis": null, "wickeln": 0, "standort_beschreibung": null, "zustand": "voll funktionsfähig", "einschraenkungen": null, "mail": "gsr-sfm@muenchen.de", "website": null, "telefon": null, "zustaendiges_referat": "GSR", "erzeugt_bearbeitet": "06.09.2023 \/ 06.09.2023", "din_18040_1": null, "toilette_fuer_alle": null, "eignung_blindenhunde": null, "eingangstuer_typ": null, "eingangstuer_glasmarkierung": null, "eingangstuer_klingel_taster": null, "eingangstuer_leichte_fuehrung": null, "eingangstuer_radar_schluessel": null, "eingangstuer_euro_schluessel": null, "eingangstuer_wendekreis": null, "eingangstuer_breite": null, "rampe": null, "rampe_steigung": null, "treppe_vorhanden": null, "treppe_antirutsch": null, "treppe_blindenschrift": null, "treppe_gelaender": null, "treppe_kontrast_visuell": null, "treppe_kontrast_taktil": null, "treppe_stufenanzahl": null, "treppe_stufenhoehe": null, "rollstuhllift": null, "eingangsbereich_beschreibung": null, "gebaeudeinneres_gangbreite": null, "gebaeudeinneres_induktionsschleifen": null, "gebaeudeinneres_fuehrungsrillen": null, "gebaeudeinneres_ruhig": null, "gebaeudeinneres_beleuchtet": null, "aufzug_vorhanden": null, "aufzug_tuerbreite": null, "aufzug_tiefe": null, "aufzug_breite": null, "wctuer_typ": null, "wctuer_glasmarkierung": null, "wctuer_klingel_taster": null, "wctuer_leichte_fuehrung": null, "wctuer_radar_schluessel": null, "wctuer_euro_schluessel": null, "wctuer_wendekreis": null, "wctuer_breite": null, "wctuer_bemerkung": null, "wc_badewanne": null, "wc_dusche": null, "wc_spiegel": null, "wc_gelaender": null, "wc_deckenlifter": null, "wc_standlifter": null, "wc_liege": null, "wc_spiegelhoehe": null, "wc_handtuchspenderhoehe": null, "wc_seifenspender_hoehe": null, "wc_waschbecken_oberkante": null, "wc_waschbecken_hoehe_unterfahrbar": null, "wc_waschbecken_tiefe_unterfahrbar": null, "wc_buegel_rechts": null, "wc_buegel_links": null, "wc_buegel_distanz": null, "wc_buegelhoehe": null, "wc_sitzhoehe": null, "wc_platz_davor": null, "wc_platz_rechts": null, "wc_platz_links": null, "wc_spuelknopf_hinten": null, "wc_spuelknopf_rechts": null, "wc_spuelknopf_links": null, "wc_spuelknopf_hoehe": null, "wc_position_notruf": null, "wc_hoehe_notruf": null, "wc_bermerkung": null, "foto": null }, "geometry": { "type": "Point", "coordinates": [ 11.595457593512489, 48.12017643468225 ] } },
{ "type": "Feature", "id": "wc_finder_opendata.14", "geometry_name": "shape", "properties": { "name": "Ostfriedhof ", "stadt": "München", "plz": 81541, "strasse": "St.-Martins-Platz", "hausnr": "1", "etage": "EG", "raumnummer": "4.1.005", "oeffnungszeiten": "Täglich 08:00 Uhr bis 17.00 Uhr", "kategorie": "barrierefrei", "preis": null, "wickeln": 0, "standort_beschreibung": null, "zustand": "voll funktionsfähig", "einschraenkungen": null, "mail": "ostfriedhof@muenchen.de", "website": null, "telefon": "858367910", "zustaendiges_referat": "Gesundheitsreferat", "erzeugt_bearbeitet": "06.09.2023 \/ 06.09.2023", "din_18040_1": 1, "toilette_fuer_alle": 1, "eignung_blindenhunde": 1, "eingangstuer_typ": "Öffnet nach innen\/Türanschlag links", "eingangstuer_glasmarkierung": 0, "eingangstuer_klingel_taster": 1, "eingangstuer_leichte_fuehrung": 1, "eingangstuer_radar_schluessel": 0, "eingangstuer_euro_schluessel": 0, "eingangstuer_wendekreis": "150", "eingangstuer_breite": 93, "rampe": null, "rampe_steigung": null, "treppe_vorhanden": 0, "treppe_antirutsch": null, "treppe_blindenschrift": null, "treppe_gelaender": null, "treppe_kontrast_visuell": null, "treppe_kontrast_taktil": null, "treppe_stufenanzahl": null, "treppe_stufenhoehe": null, "rollstuhllift": null, "eingangsbereich_beschreibung": null, "gebaeudeinneres_gangbreite": null, "gebaeudeinneres_induktionsschleifen": 0, "gebaeudeinneres_fuehrungsrillen": 0, "gebaeudeinneres_ruhig": 1, "gebaeudeinneres_beleuchtet": 1, "aufzug_vorhanden": null, "aufzug_tuerbreite": null, "aufzug_tiefe": null, "aufzug_breite": null, "wctuer_typ": null, "wctuer_glasmarkierung": null, "wctuer_klingel_taster": null, "wctuer_leichte_fuehrung": null, "wctuer_radar_schluessel": null, "wctuer_euro_schluessel": null, "wctuer_wendekreis": null, "wctuer_breite": null, "wctuer_bemerkung": null, "wc_badewanne": 0, "wc_dusche": 0, "wc_spiegel": 1, "wc_gelaender": 1, "wc_deckenlifter": 0, "wc_standlifter": 0, "wc_liege": 0, "wc_spiegelhoehe": "136", "wc_handtuchspenderhoehe": 118.0, "wc_seifenspender_hoehe": 95, "wc_waschbecken_oberkante": 80.0, "wc_waschbecken_hoehe_unterfahrbar": "70", "wc_waschbecken_tiefe_unterfahrbar": null, "wc_buegel_rechts": 1, "wc_buegel_links": 1, "wc_buegel_distanz": 71.0, "wc_buegelhoehe": 72, "wc_sitzhoehe": 51, "wc_platz_davor": 130, "wc_platz_rechts": "95", "wc_platz_links": "240", "wc_spuelknopf_hinten": 1, "wc_spuelknopf_rechts": null, "wc_spuelknopf_links": null, "wc_spuelknopf_hoehe": 110, "wc_position_notruf": "rechts", "wc_hoehe_notruf": "95", "wc_bermerkung": null, "foto": null }, "geometry": { "type": "Point", "coordinates": [ 11.58807411382522, 48.118170868186958 ] } },
{ "type": "Feature", "id": "wc_finder_opendata.15", "geometry_name": "shape", "properties": { "name": "Ostfriedhof ", "stadt": "München", "plz": 81541, "strasse": "St.-Martins-Platz", "hausnr": "1", "etage": "EG", "raumnummer": "4.1.002", "oeffnungszeiten": "Täglich 08:00 Uhr bis 17.00 Uhr", "kategorie": "weiblich", "preis": null, "wickeln": 0, "standort_beschreibung": null, "zustand": "voll funktionsfähig", "einschraenkungen": null, "mail": "ostfriedhof@muenchen.de", "website": null, "telefon": "858367910", "zustaendiges_referat": "Gesundheitsreferat", "erzeugt_bearbeitet": "06.09.2023 \/ 06.09.2023", "din_18040_1": null, "toilette_fuer_alle": null, "eignung_blindenhunde": null, "eingangstuer_typ": null, "eingangstuer_glasmarkierung": null, "eingangstuer_klingel_taster": null, "eingangstuer_leichte_fuehrung": null, "eingangstuer_radar_schluessel": null, "eingangstuer_euro_schluessel": null, "eingangstuer_wendekreis": null, "eingangstuer_breite": null, "rampe": null, "rampe_steigung": null, "treppe_vorhanden": null, "treppe_antirutsch": null, "treppe_blindenschrift": null, "treppe_gelaender": null, "treppe_kontrast_visuell": null, "treppe_kontrast_taktil": null, "treppe_stufenanzahl": null, "treppe_stufenhoehe": null, "rollstuhllift": null, "eingangsbereich_beschreibung": null, "gebaeudeinneres_gangbreite": null, "gebaeudeinneres_induktionsschleifen": null, "gebaeudeinneres_fuehrungsrillen": null, "gebaeudeinneres_ruhig": null, "gebaeudeinneres_beleuchtet": null, "aufzug_vorhanden": null, "aufzug_tuerbreite": null, "aufzug_tiefe": null, "aufzug_breite": null, "wctuer_typ": null, "wctuer_glasmarkierung": null, "wctuer_klingel_taster": null, "wctuer_leichte_fuehrung": null, "wctuer_radar_schluessel": null, "wctuer_euro_schluessel": null, "wctuer_wendekreis": null, "wctuer_breite": null, "wctuer_bemerkung": null, "wc_badewanne": null, "wc_dusche": null, "wc_spiegel": null, "wc_gelaender": null, "wc_deckenlifter": null, "wc_standlifter": null, "wc_liege": null, "wc_spiegelhoehe": null, "wc_handtuchspenderhoehe": null, "wc_seifenspender_hoehe": null, "wc_waschbecken_oberkante": null, "wc_waschbecken_hoehe_unterfahrbar": null, "wc_waschbecken_tiefe_unterfahrbar": null, "wc_buegel_rechts": null, "wc_buegel_links": null, "wc_buegel_distanz": null, "wc_buegelhoehe": null, "wc_sitzhoehe": null, "wc_platz_davor": null, "wc_platz_rechts": null, "wc_platz_links": null, "wc_spuelknopf_hinten": null, "wc_spuelknopf_rechts": null, "wc_spuelknopf_links": null, "wc_spuelknopf_hoehe": null, "wc_position_notruf": null, "wc_hoehe_notruf": null, "wc_bermerkung": null, "foto": null }, "geometry": { "type": "Point", "coordinates": [ 11.588041243445025, 48.118171641288711 ] } },
{ "type": "Feature", "id": "wc_finder_opendata.16", "geometry_name": "shape", "properties": { "name": "Ostfriedhof ", "stadt": "München", "plz": 81541, "strasse": "St.-Martins-Platz", "hausnr": "1", "etage": "EG", "raumnummer": "4.1.001", "oeffnungszeiten": "Täglich 08:00 Uhr bis 17.00 Uhr", "kategorie": "männlich", "preis": null, "wickeln": 0, "standort_beschreibung": null, "zustand": "voll funktionsfähig", "einschraenkungen": null, "mail": "ostfriedhof@muenchen.de", "website": null, "telefon": "858367910", "zustaendiges_referat": "Gesundheitsreferat", "erzeugt_bearbeitet": "06.09.2023 \/ 06.09.2023", "din_18040_1": null, "toilette_fuer_alle": null, "eignung_blindenhunde": null, "eingangstuer_typ": null, "eingangstuer_glasmarkierung": null, "eingangstuer_klingel_taster": null, "eingangstuer_leichte_fuehrung": null, "eingangstuer_radar_schluessel": null, "eingangstuer_euro_schluessel": null, "eingangstuer_wendekreis": null, "eingangstuer_breite": null, "rampe": null, "rampe_steigung": null, "treppe_vorhanden": null, "treppe_antirutsch": null, "treppe_blindenschrift": null, "treppe_gelaender": null, "treppe_kontrast_visuell": null, "treppe_kontrast_taktil": null, "treppe_stufenanzahl": null, "treppe_stufenhoehe": null, "rollstuhllift": null, "eingangsbereich_beschreibung": null, "gebaeudeinneres_gangbreite": null, "gebaeudeinneres_induktionsschleifen": null, "gebaeudeinneres_fuehrungsrillen": null, "gebaeudeinneres_ruhig": null, "gebaeudeinneres_beleuchtet": null, "aufzug_vorhanden": null, "aufzug_tuerbreite": null, "aufzug_tiefe": null, "aufzug_breite": null, "wctuer_typ": null, "wctuer_glasmarkierung": null, "wctuer_klingel_taster": null, "wctuer_leichte_fuehrung": null, "wctuer_radar_schluessel": null, "wctuer_euro_schluessel": null, "wctuer_wendekreis": null, "wctuer_breite": null, "wctuer_bemerkung": null, "wc_badewanne": null, "wc_dusche": null, "wc_spiegel": null, "wc_gelaender": null, "wc_deckenlifter": null, "wc_standlifter": null, "wc_liege": null, "wc_spiegelhoehe": null, "wc_handtuchspenderhoehe": null, "wc_seifenspender_hoehe": null, "wc_waschbecken_oberkante": null, "wc_waschbecken_hoehe_unterfahrbar": null, "wc_waschbecken_tiefe_unterfahrbar": null, "wc_buegel_rechts": null, "wc_buegel_links": null, "wc_buegel_distanz": null, "wc_buegelhoehe": null, "wc_sitzhoehe": null, "wc_platz_davor": null, "wc_platz_rechts": null, "wc_platz_links": null, "wc_spuelknopf_hinten": null, "wc_spuelknopf_rechts": null, "wc_spuelknopf_links": null, "wc_spuelknopf_hoehe": null, "wc_position_notruf": null, "wc_hoehe_notruf": null, "wc_bermerkung": null, "foto": null }, "geometry": { "type": "Point", "coordinates": [ 11.587996801759113, 48.118179312944093 ] } },
{ "type": "Feature", "id": "wc_finder_opendata.17", "geometry_name": "shape", "properties": { "name": "Friedhof Haidhausen", "stadt": "München", "plz": 81675, "strasse": "Einsteinstr.", "hausnr": "74", "etage": "EG", "raumnummer": "1.1.005", "oeffnungszeiten": "Täglich 08:00 Uhr bis 17.00 Uhr", "kategorie": "weiblich", "preis": null, "wickeln": 0, "standort_beschreibung": null, "zustand": "voll funktionsfähig", "einschraenkungen": null, "mail": "ostfriedhof@muenchen.de", "website": null, "telefon": "858367910", "zustaendiges_referat": "Gesundheitsreferat", "erzeugt_bearbeitet": "06.09.2023 \/ 06.09.2023", "din_18040_1": null, "toilette_fuer_alle": null, "eignung_blindenhunde": null, "eingangstuer_typ": null, "eingangstuer_glasmarkierung": null, "eingangstuer_klingel_taster": null, "eingangstuer_leichte_fuehrung": null, "eingangstuer_radar_schluessel": null, "eingangstuer_euro_schluessel": null, "eingangstuer_wendekreis": null, "eingangstuer_breite": null, "rampe": null, "rampe_steigung": null, "treppe_vorhanden": null, "treppe_antirutsch": null, "treppe_blindenschrift": null, "treppe_gelaender": null, "treppe_kontrast_visuell": null, "treppe_kontrast_taktil": null, "treppe_stufenanzahl": null, "treppe_stufenhoehe": null, "rollstuhllift": null, "eingangsbereich_beschreibung": null, "gebaeudeinneres_gangbreite": null, "gebaeudeinneres_induktionsschleifen": null, "gebaeudeinneres_fuehrungsrillen": null, "gebaeudeinneres_ruhig": null, "gebaeudeinneres_beleuchtet": null, "aufzug_vorhanden": null, "aufzug_tuerbreite": null, "aufzug_tiefe": null, "aufzug_breite": null, "wctuer_typ": null, "wctuer_glasmarkierung": null, "wctuer_klingel_taster": null, "wctuer_leichte_fuehrung": null, "wctuer_radar_schluessel": null, "wctuer_euro_schluessel": null, "wctuer_wendekreis": null, "wctuer_breite": null, "wctuer_bemerkung": null, "wc_badewanne": null, "wc_dusche": null, "wc_spiegel": null, "wc_gelaender": null, "wc_deckenlifter": null, "wc_standlifter": null, "wc_liege": null, "wc_spiegelhoehe": null, "wc_handtuchspenderhoehe": null, "wc_seifenspender_hoehe": null, "wc_waschbecken_oberkante": null, "wc_waschbecken_hoehe_unterfahrbar": null, "wc_waschbecken_tiefe_unterfahrbar": null, "wc_buegel_rechts": null, "wc_buegel_links": null, "wc_buegel_distanz": null, "wc_buegelhoehe": null, "wc_sitzhoehe": null, "wc_platz_davor": null, "wc_platz_rechts": null, "wc_platz_links": null, "wc_spuelknopf_hinten": null, "wc_spuelknopf_rechts": null, "wc_spuelknopf_links": null, "wc_spuelknopf_hoehe": null, "wc_position_notruf": null, "wc_hoehe_notruf": null, "wc_bermerkung": null, "foto": null }, "geometry": { "type": "Point", "coordinates": [ 11.604530204928967, 48.133290036625006 ] } },
{ "type": "Feature", "id": "wc_finder_opendata.18", "geometry_name": "shape", "properties": { "name": "Friedhof Haidhausen", "stadt": "München", "plz": 81675, "strasse": "Einsteinstr.", "hausnr": "74", "etage": "EG", "raumnummer": "1.1.003", "oeffnungszeiten": "Täglich 08:00 Uhr bis 17.00 Uhr", "kategorie": "männlich", "preis": null, "wickeln": 0, "standort_beschreibung": null, "zustand": "voll funktionsfähig", "einschraenkungen": null, "mail": "ostfriedhof@muenchen.de", "website": null, "telefon": "858367910", "zustaendiges_referat": "Gesundheitsreferat", "erzeugt_bearbeitet": "06.09.2023 \/ 06.09.2023", "din_18040_1": null, "toilette_fuer_alle": null, "eignung_blindenhunde": null, "eingangstuer_typ": null, "eingangstuer_glasmarkierung": null, "eingangstuer_klingel_taster": null, "eingangstuer_leichte_fuehrung": null, "eingangstuer_radar_schluessel": null, "eingangstuer_euro_schluessel": null, "eingangstuer_wendekreis": null, "eingangstuer_breite": null, "rampe": null, "rampe_steigung": null, "treppe_vorhanden": null, "treppe_antirutsch": null, "treppe_blindenschrift": null, "treppe_gelaender": null, "treppe_kontrast_visuell": null, "treppe_kontrast_taktil": null, "treppe_stufenanzahl": null, "treppe_stufenhoehe": null, "rollstuhllift": null, "eingangsbereich_beschreibung": null, "gebaeudeinneres_gangbreite": null, "gebaeudeinneres_induktionsschleifen": null, "gebaeudeinneres_fuehrungsrillen": null, "gebaeudeinneres_ruhig": null, "gebaeudeinneres_beleuchtet": null, "aufzug_vorhanden": null, "aufzug_tuerbreite": null, "aufzug_tiefe": null, "aufzug_breite": null, "wctuer_typ": null, "wctuer_glasmarkierung": null, "wctuer_klingel_taster": null, "wctuer_leichte_fuehrung": null, "wctuer_radar_schluessel": null, "wctuer_euro_schluessel": null, "wctuer_wendekreis": null, "wctuer_breite": null, "wctuer_bemerkung": null, "wc_badewanne": null, "wc_dusche": null, "wc_spiegel": null, "wc_gelaender": null, "wc_deckenlifter": null, "wc_standlifter": null, "wc_liege": null, "wc_spiegelhoehe": null, "wc_handtuchspenderhoehe": null, "wc_seifenspender_hoehe": null, "wc_waschbecken_oberkante": null, "wc_waschbecken_hoehe_unterfahrbar": null, "wc_waschbecken_tiefe_unterfahrbar": null, "wc_buegel_rechts": null, "wc_buegel_links": null, "wc_buegel_distanz": null, "wc_buegelhoehe": null, "wc_sitzhoehe": null, "wc_platz_davor": null, "wc_platz_rechts": null, "wc_platz_links": null, "wc_spuelknopf_hinten": null, "wc_spuelknopf_rechts": null, "wc_spuelknopf_links": null, "wc_spuelknopf_hoehe": null, "wc_position_notruf": null, "wc_hoehe_notruf": null, "wc_bermerkung": null, "foto": null }, "geometry": { "type": "Point", "coordinates": [ 11.604523566173766, 48.133260555904144 ] } },
{ "type": "Feature", "id": "wc_finder_opendata.19", "geometry_name": "shape", "properties": { "name": "Friedhof Riem Alter Teil", "stadt": "München", "plz": 81829, "strasse": "Am Mitterfeld", "hausnr": "68", "etage": "EG", "raumnummer": "1.1.006", "oeffnungszeiten": "Täglich 08:00 Uhr bis 17.00 Uhr", "kategorie": "barrierefrei", "preis": null, "wickeln": 0, "standort_beschreibung": null, "zustand": "voll funktionsfähig", "einschraenkungen": null, "mail": "ostfriedhof@muenchen.de", "website": null, "telefon": "858367910", "zustaendiges_referat": "Gesundheitsreferat", "erzeugt_bearbeitet": "06.09.2023 \/ 06.09.2023", "din_18040_1": 1, "toilette_fuer_alle": 1, "eignung_blindenhunde": 1, "eingangstuer_typ": "Öffnet nach außen\/Türanschlag links", "eingangstuer_glasmarkierung": 0, "eingangstuer_klingel_taster": 1, "eingangstuer_leichte_fuehrung": 1, "eingangstuer_radar_schluessel": 0, "eingangstuer_euro_schluessel": 0, "eingangstuer_wendekreis": "180", "eingangstuer_breite": 115, "rampe": null, "rampe_steigung": null, "treppe_vorhanden": 0, "treppe_antirutsch": null, "treppe_blindenschrift": null, "treppe_gelaender": null, "treppe_kontrast_visuell": null, "treppe_kontrast_taktil": null, "treppe_stufenanzahl": null, "treppe_stufenhoehe": null, "rollstuhllift": null, "eingangsbereich_beschreibung": null, "gebaeudeinneres_gangbreite": null, "gebaeudeinneres_induktionsschleifen": 0, "gebaeudeinneres_fuehrungsrillen": 0, "gebaeudeinneres_ruhig": 1, "gebaeudeinneres_beleuchtet": 1, "aufzug_vorhanden": null, "aufzug_tuerbreite": null, "aufzug_tiefe": null, "aufzug_breite": null, "wctuer_typ": null, "wctuer_glasmarkierung": null, "wctuer_klingel_taster": null, "wctuer_leichte_fuehrung": null, "wctuer_radar_schluessel": null, "wctuer_euro_schluessel": null, "wctuer_wendekreis": "190", "wctuer_breite": 115.0, "wctuer_bemerkung": null, "wc_badewanne": 0, "wc_dusche": 0, "wc_spiegel": 0, "wc_gelaender": 0, "wc_deckenlifter": 0, "wc_standlifter": 0, "wc_liege": 0, "wc_spiegelhoehe": "mind. 100", "wc_handtuchspenderhoehe": 110.0, "wc_seifenspender_hoehe": 110, "wc_waschbecken_oberkante": 85.0, "wc_waschbecken_hoehe_unterfahrbar": "75", "wc_waschbecken_tiefe_unterfahrbar": null, "wc_buegel_rechts": 1, "wc_buegel_links": 1, "wc_buegel_distanz": 90.0, "wc_buegelhoehe": 70, "wc_sitzhoehe": 40, "wc_platz_davor": 97, "wc_platz_rechts": "85", "wc_platz_links": "50", "wc_spuelknopf_hinten": 1, "wc_spuelknopf_rechts": 0, "wc_spuelknopf_links": null, "wc_spuelknopf_hoehe": 80, "wc_position_notruf": "rechts", "wc_hoehe_notruf": "94", "wc_bermerkung": "1 Steckdose", "foto": null }, "geometry": { "type": "Point", "coordinates": [ 11.680039344434682, 48.13205176301522 ] } },
{ "type": "Feature", "id": "wc_finder_opendata.20", "geometry_name": "shape", "properties": { "name": "Friedhof Riem Neuer Teil", "stadt": "München", "plz": 81829, "strasse": "Am Mitterfeld", "hausnr": "68", "etage": "EG", "raumnummer": "1.2.1.009", "oeffnungszeiten": "Täglich 08:00 Uhr bis 17.00 Uhr", "kategorie": "barrierefrei", "preis": null, "wickeln": 0, "standort_beschreibung": null, "zustand": "voll funktionsfähig", "einschraenkungen": null, "mail": "ostfriedhof@muenchen.de", "website": null, "telefon": "858367910", "zustaendiges_referat": "Gesundheitsreferat", "erzeugt_bearbeitet": "06.09.2023 \/ 06.09.2023", "din_18040_1": 1, "toilette_fuer_alle": 1, "eignung_blindenhunde": 1, "eingangstuer_typ": "Öffnet nach außen\/Türanschlag links", "eingangstuer_glasmarkierung": 0, "eingangstuer_klingel_taster": 1, "eingangstuer_leichte_fuehrung": 1, "eingangstuer_radar_schluessel": 0, "eingangstuer_euro_schluessel": 0, "eingangstuer_wendekreis": "180", "eingangstuer_breite": 102, "rampe": null, "rampe_steigung": null, "treppe_vorhanden": null, "treppe_antirutsch": null, "treppe_blindenschrift": null, "treppe_gelaender": null, "treppe_kontrast_visuell": null, "treppe_kontrast_taktil": null, "treppe_stufenanzahl": null, "treppe_stufenhoehe": null, "rollstuhllift": null, "eingangsbereich_beschreibung": null, "gebaeudeinneres_gangbreite": null, "gebaeudeinneres_induktionsschleifen": 0, "gebaeudeinneres_fuehrungsrillen": 0, "gebaeudeinneres_ruhig": 1, "gebaeudeinneres_beleuchtet": 1, "aufzug_vorhanden": null, "aufzug_tuerbreite": null, "aufzug_tiefe": null, "aufzug_breite": null, "wctuer_typ": null, "wctuer_glasmarkierung": null, "wctuer_klingel_taster": null, "wctuer_leichte_fuehrung": null, "wctuer_radar_schluessel": null, "wctuer_euro_schluessel": null, "wctuer_wendekreis": "180", "wctuer_breite": 102.0, "wctuer_bemerkung": null, "wc_badewanne": 0, "wc_dusche": 0, "wc_spiegel": 1, "wc_gelaender": 0, "wc_deckenlifter": 0, "wc_standlifter": 0, "wc_liege": 0, "wc_spiegelhoehe": "120", "wc_handtuchspenderhoehe": 100.0, "wc_seifenspender_hoehe": 100, "wc_waschbecken_oberkante": 85.0, "wc_waschbecken_hoehe_unterfahrbar": "75", "wc_waschbecken_tiefe_unterfahrbar": null, "wc_buegel_rechts": 1, "wc_buegel_links": 1, "wc_buegel_distanz": 90.0, "wc_buegelhoehe": 70, "wc_sitzhoehe": 45, "wc_platz_davor": 150, "wc_platz_rechts": "96", "wc_platz_links": "96", "wc_spuelknopf_hinten": 0, "wc_spuelknopf_rechts": 1, "wc_spuelknopf_links": null, "wc_spuelknopf_hoehe": 86, "wc_position_notruf": "links", "wc_hoehe_notruf": "60", "wc_bermerkung": null, "foto": null }, "geometry": { "type": "Point", "coordinates": [ 11.679304128445583, 48.13265666923288 ] } },
{ "type": "Feature", "id": "wc_finder_opendata.21", "geometry_name": "shape", "properties": { "name": "Friedhof Riem Neuer Teil", "stadt": "München", "plz": 81829, "strasse": "Am Mitterfeld", "hausnr": "68", "etage": "EG", "raumnummer": "1.2.1.008", "oeffnungszeiten": "Täglich 08:00 Uhr bis 17.00 Uhr", "kategorie": "weiblich", "preis": null, "wickeln": 0, "standort_beschreibung": null, "zustand": "voll funktionsfähig", "einschraenkungen": null, "mail": "ostfriedhof@muenchen.de", "website": null, "telefon": "858367910", "zustaendiges_referat": "Gesundheitsreferat", "erzeugt_bearbeitet": "06.09.2023 \/ 06.09.2023", "din_18040_1": null, "toilette_fuer_alle": null, "eignung_blindenhunde": null, "eingangstuer_typ": null, "eingangstuer_glasmarkierung": null, "eingangstuer_klingel_taster": null, "eingangstuer_leichte_fuehrung": null, "eingangstuer_radar_schluessel": null, "eingangstuer_euro_schluessel": null, "eingangstuer_wendekreis": null, "eingangstuer_breite": null, "rampe": null, "rampe_steigung": null, "treppe_vorhanden": null, "treppe_antirutsch": null, "treppe_blindenschrift": null, "treppe_gelaender": null, "treppe_kontrast_visuell": null, "treppe_kontrast_taktil": null, "treppe_stufenanzahl": null, "treppe_stufenhoehe": null, "rollstuhllift": null, "eingangsbereich_beschreibung": null, "gebaeudeinneres_gangbreite": null, "gebaeudeinneres_induktionsschleifen": null, "gebaeudeinneres_fuehrungsrillen": null, "gebaeudeinneres_ruhig": null, "gebaeudeinneres_beleuchtet": null, "aufzug_vorhanden": null, "aufzug_tuerbreite": null, "aufzug_tiefe": null, "aufzug_breite": null, "wctuer_typ": null, "wctuer_glasmarkierung": null, "wctuer_klingel_taster": null, "wctuer_leichte_fuehrung": null, "wctuer_radar_schluessel": null, "wctuer_euro_schluessel": null, "wctuer_wendekreis": null, "wctuer_breite": null, "wctuer_bemerkung": null, "wc_badewanne": null, "wc_dusche": null, "wc_spiegel": null, "wc_gelaender": null, "wc_deckenlifter": null, "wc_standlifter": null, "wc_liege": null, "wc_spiegelhoehe": null, "wc_handtuchspenderhoehe": null, "wc_seifenspender_hoehe": null, "wc_waschbecken_oberkante": null, "wc_waschbecken_hoehe_unterfahrbar": null, "wc_waschbecken_tiefe_unterfahrbar": null, "wc_buegel_rechts": null, "wc_buegel_links": null, "wc_buegel_distanz": null, "wc_buegelhoehe": null, "wc_sitzhoehe": null, "wc_platz_davor": null, "wc_platz_rechts": null, "wc_platz_links": null, "wc_spuelknopf_hinten": null, "wc_spuelknopf_rechts": null, "wc_spuelknopf_links": null, "wc_spuelknopf_hoehe": null, "wc_position_notruf": null, "wc_hoehe_notruf": null, "wc_bermerkung": null, "foto": null }, "geometry": { "type": "Point", "coordinates": [ 11.679284350353932, 48.132638234731012 ] } },
{ "type": "Feature", "id": "wc_finder_opendata.22", "geometry_name": "shape", "properties": { "name": "Friedhof Riem Neuer Teil", "stadt": "München", "plz": 81829, "strasse": "Am Mitterfeld", "hausnr": "68", "etage": "EG", "raumnummer": "1.2.1.007", "oeffnungszeiten": "Täglich 08:00 Uhr bis 17.00 Uhr", "kategorie": "männlich", "preis": null, "wickeln": 0, "standort_beschreibung": null, "zustand": "voll funktionsfähig", "einschraenkungen": null, "mail": "ostfriedhof@muenchen.de", "website": null, "telefon": "858367910", "zustaendiges_referat": "Gesundheitsreferat", "erzeugt_bearbeitet": "06.09.2023 \/ 06.09.2023", "din_18040_1": null, "toilette_fuer_alle": null, "eignung_blindenhunde": null, "eingangstuer_typ": null, "eingangstuer_glasmarkierung": null, "eingangstuer_klingel_taster": null, "eingangstuer_leichte_fuehrung": null, "eingangstuer_radar_schluessel": null, "eingangstuer_euro_schluessel": null, "eingangstuer_wendekreis": null, "eingangstuer_breite": null, "rampe": null, "rampe_steigung": null, "treppe_vorhanden": null, "treppe_antirutsch": null, "treppe_blindenschrift": null, "treppe_gelaender": null, "treppe_kontrast_visuell": null, "treppe_kontrast_taktil": null, "treppe_stufenanzahl": null, "treppe_stufenhoehe": null, "rollstuhllift": null, "eingangsbereich_beschreibung": null, "gebaeudeinneres_gangbreite": null, "gebaeudeinneres_induktionsschleifen": null, "gebaeudeinneres_fuehrungsrillen": null, "gebaeudeinneres_ruhig": null, "gebaeudeinneres_beleuchtet": null, "aufzug_vorhanden": null, "aufzug_tuerbreite": null, "aufzug_tiefe": null, "aufzug_breite": null, "wctuer_typ": null, "wctuer_glasmarkierung": null, "wctuer_klingel_taster": null, "wctuer_leichte_fuehrung": null, "wctuer_radar_schluessel": null, "wctuer_euro_schluessel": null, "wctuer_wendekreis": null, "wctuer_breite": null, "wctuer_bemerkung": null, "wc_badewanne": null, "wc_dusche": null, "wc_spiegel": null, "wc_gelaender": null, "wc_deckenlifter": null, "wc_standlifter": null, "wc_liege": null, "wc_spiegelhoehe": null, "wc_handtuchspenderhoehe": null, "wc_seifenspender_hoehe": null, "wc_waschbecken_oberkante": null, "wc_waschbecken_hoehe_unterfahrbar": null, "wc_waschbecken_tiefe_unterfahrbar": null, "wc_buegel_rechts": null, "wc_buegel_links": null, "wc_buegel_distanz": null, "wc_buegelhoehe": null, "wc_sitzhoehe": null, "wc_platz_davor": null, "wc_platz_rechts": null, "wc_platz_links": null, "wc_spuelknopf_hinten": null, "wc_spuelknopf_rechts": null, "wc_spuelknopf_links": null, "wc_spuelknopf_hoehe": null, "wc_position_notruf": null, "wc_hoehe_notruf": null, "wc_bermerkung": null, "foto": null }, "geometry": { "type": "Point", "coordinates": [ 11.679268331389911, 48.132619712532055 ] } },
{ "type": "Feature", "id": "wc_finder_opendata.23", "geometry_name": "shape", "properties": { "name": "Öffentliche Toilette Eingang Stadelheimerstr. 20\/22", "stadt": "München", "plz": 81549, "strasse": "Stadelheimerstrasse", "hausnr": "22", "etage": "EG", "raumnummer": "", "oeffnungszeiten": "Täglich, Nov-Feb bis 17 Uhr, im März bis 18:00 Uhr. Apr-Aug bis 20:00 Uhr, Sep-Okt bis 19 Uhr", "kategorie": "barrierefrei", "preis": null, "wickeln": 0, "standort_beschreibung": "Toilettenraum für 1 Person, keine zusätz. Innentüren", "zustand": "voll funktionsfähig", "einschraenkungen": "", "mail": " kommunalreferat@muenchen.de", "website": "", "telefon": "", "zustaendiges_referat": "Kommunalreferat", "erzeugt_bearbeitet": "06.09.2023 \/ 06.09.2023", "din_18040_1": 1, "toilette_fuer_alle": 0, "eignung_blindenhunde": 1, "eingangstuer_typ": "Öffnet nach außen\/Türanschlag rechts", "eingangstuer_glasmarkierung": 0, "eingangstuer_klingel_taster": 0, "eingangstuer_leichte_fuehrung": 1, "eingangstuer_radar_schluessel": 0, "eingangstuer_euro_schluessel": 0, "eingangstuer_wendekreis": "130", "eingangstuer_breite": 88, "rampe": "fest", "rampe_steigung": "3,00%", "treppe_vorhanden": 0, "treppe_antirutsch": 0, "treppe_blindenschrift": 0, "treppe_gelaender": 0, "treppe_kontrast_visuell": 0, "treppe_kontrast_taktil": 0, "treppe_stufenanzahl": 0, "treppe_stufenhoehe": 0, "rollstuhllift": 0, "eingangsbereich_beschreibung": null, "gebaeudeinneres_gangbreite": "240", "gebaeudeinneres_induktionsschleifen": 0, "gebaeudeinneres_fuehrungsrillen": 0, "gebaeudeinneres_ruhig": 1, "gebaeudeinneres_beleuchtet": 1, "aufzug_vorhanden": 0, "aufzug_tuerbreite": null, "aufzug_tiefe": null, "aufzug_breite": null, "wctuer_typ": null, "wctuer_glasmarkierung": 0, "wctuer_klingel_taster": 0, "wctuer_leichte_fuehrung": 1, "wctuer_radar_schluessel": 0, "wctuer_euro_schluessel": 0, "wctuer_wendekreis": "", "wctuer_breite": null, "wctuer_bemerkung": "", "wc_badewanne": 0, "wc_dusche": 0, "wc_spiegel": 0, "wc_gelaender": 0, "wc_deckenlifter": 1, "wc_standlifter": 0, "wc_liege": 0, "wc_spiegelhoehe": "0", "wc_handtuchspenderhoehe": 107.0, "wc_seifenspender_hoehe": 107, "wc_waschbecken_oberkante": 92.0, "wc_waschbecken_hoehe_unterfahrbar": "73", "wc_waschbecken_tiefe_unterfahrbar": 56, "wc_buegel_rechts": 1, "wc_buegel_links": 1, "wc_buegel_distanz": 75.0, "wc_buegelhoehe": 85, "wc_sitzhoehe": 51, "wc_platz_davor": 178, "wc_platz_rechts": "88", "wc_platz_links": "94", "wc_spuelknopf_hinten": 0, "wc_spuelknopf_rechts": 0, "wc_spuelknopf_links": null, "wc_spuelknopf_hoehe": 93, "wc_position_notruf": "nicht vorhanden", "wc_hoehe_notruf": "", "wc_bermerkung": "", "foto": null }, "geometry": { "type": "Point", "coordinates": [ 11.595377400010426, 48.101899999963749 ] } },
{ "type": "Feature", "id": "wc_finder_opendata.24", "geometry_name": "shape", "properties": { "name": "Öffentliche Toilette Eingang Stadelheimerstr. 20\/22", "stadt": "München", "plz": 81549, "strasse": "Stadelheimerstrasse", "hausnr": "22", "etage": "EG", "raumnummer": null, "oeffnungszeiten": "Täglich, Nov-Feb bis 17 Uhr, im März bis 18:00 Uhr. Apr-Aug bis 20:00 Uhr, Sep-Okt bis 19 Uhr", "kategorie": "männlich", "preis": null, "wickeln": 0, "standort_beschreibung": null, "zustand": "voll funktionsfähig", "einschraenkungen": null, "mail": " kommunalreferat@muenchen.de", "website": null, "telefon": null, "zustaendiges_referat": "Kommunalreferat", "erzeugt_bearbeitet": "06.09.2023 \/ 06.09.2023", "din_18040_1": null, "toilette_fuer_alle": null, "eignung_blindenhunde": null, "eingangstuer_typ": null, "eingangstuer_glasmarkierung": null, "eingangstuer_klingel_taster": null, "eingangstuer_leichte_fuehrung": null, "eingangstuer_radar_schluessel": null, "eingangstuer_euro_schluessel": null, "eingangstuer_wendekreis": null, "eingangstuer_breite": null, "rampe": null, "rampe_steigung": null, "treppe_vorhanden": null, "treppe_antirutsch": null, "treppe_blindenschrift": null, "treppe_gelaender": null, "treppe_kontrast_visuell": null, "treppe_kontrast_taktil": null, "treppe_stufenanzahl": null, "treppe_stufenhoehe": null, "rollstuhllift": null, "eingangsbereich_beschreibung": null, "gebaeudeinneres_gangbreite": null, "gebaeudeinneres_induktionsschleifen": null, "gebaeudeinneres_fuehrungsrillen": null, "gebaeudeinneres_ruhig": null, "gebaeudeinneres_beleuchtet": null, "aufzug_vorhanden": null, "aufzug_tuerbreite": null, "aufzug_tiefe": null, "aufzug_breite": null, "wctuer_typ": null, "wctuer_glasmarkierung": null, "wctuer_klingel_taster": null, "wctuer_leichte_fuehrung": null, "wctuer_radar_schluessel": null, "wctuer_euro_schluessel": null, "wctuer_wendekreis": null, "wctuer_breite": null, "wctuer_bemerkung": null, "wc_badewanne": null, "wc_dusche": null, "wc_spiegel": null, "wc_gelaender": null, "wc_deckenlifter": null, "wc_standlifter": null, "wc_liege": null, "wc_spiegelhoehe": null, "wc_handtuchspenderhoehe": null, "wc_seifenspender_hoehe": null, "wc_waschbecken_oberkante": null, "wc_waschbecken_hoehe_unterfahrbar": null, "wc_waschbecken_tiefe_unterfahrbar": null, "wc_buegel_rechts": null, "wc_buegel_links": null, "wc_buegel_distanz": null, "wc_buegelhoehe": null, "wc_sitzhoehe": null, "wc_platz_davor": null, "wc_platz_rechts": null, "wc_platz_links": null, "wc_spuelknopf_hinten": null, "wc_spuelknopf_rechts": null, "wc_spuelknopf_links": null, "wc_spuelknopf_hoehe": null, "wc_position_notruf": null, "wc_hoehe_notruf": null, "wc_bermerkung": null, "foto": null }, "geometry": { "type": "Point", "coordinates": [ 11.595362287982848, 48.101920157290827 ] } },
{ "type": "Feature", "id": "wc_finder_opendata.25", "geometry_name": "shape", "properties": { "name": "Öffentliche Toilette Eingang Stadelheimerstr. 20\/22", "stadt": "München", "plz": 81549, "strasse": "Stadelheimerstrasse", "hausnr": "22", "etage": "EG", "raumnummer": null, "oeffnungszeiten": "Täglich, Nov-Feb bis 17 Uhr, im März bis 18:00 Uhr. Apr-Aug bis 20:00 Uhr, Sep-Okt bis 19 Uhr", "kategorie": "weiblich", "preis": null, "wickeln": 0, "standort_beschreibung": null, "zustand": "voll funktionsfähig", "einschraenkungen": null, "mail": " kommunalreferat@muenchen.de", "website": null, "telefon": null, "zustaendiges_referat": "Kommunalreferat", "erzeugt_bearbeitet": "06.09.2023 \/ 06.09.2023", "din_18040_1": null, "toilette_fuer_alle": null, "eignung_blindenhunde": null, "eingangstuer_typ": null, "eingangstuer_glasmarkierung": null, "eingangstuer_klingel_taster": null, "eingangstuer_leichte_fuehrung": null, "eingangstuer_radar_schluessel": null, "eingangstuer_euro_schluessel": null, "eingangstuer_wendekreis": null, "eingangstuer_breite": null, "rampe": null, "rampe_steigung": null, "treppe_vorhanden": null, "treppe_antirutsch": null, "treppe_blindenschrift": null, "treppe_gelaender": null, "treppe_kontrast_visuell": null, "treppe_kontrast_taktil": null, "treppe_stufenanzahl": null, "treppe_stufenhoehe": null, "rollstuhllift": null, "eingangsbereich_beschreibung": null, "gebaeudeinneres_gangbreite": null, "gebaeudeinneres_induktionsschleifen": null, "gebaeudeinneres_fuehrungsrillen": null, "gebaeudeinneres_ruhig": null, "gebaeudeinneres_beleuchtet": null, "aufzug_vorhanden": null, "aufzug_tuerbreite": null, "aufzug_tiefe": null, "aufzug_breite": null, "wctuer_typ": null, "wctuer_glasmarkierung": null, "wctuer_klingel_taster": null, "wctuer_leichte_fuehrung": null, "wctuer_radar_schluessel": null, "wctuer_euro_schluessel": null, "wctuer_wendekreis": null, "wctuer_breite": null, "wctuer_bemerkung": null, "wc_badewanne": null, "wc_dusche": null, "wc_spiegel": null, "wc_gelaender": null, "wc_deckenlifter": null, "wc_standlifter": null, "wc_liege": null, "wc_spiegelhoehe": null, "wc_handtuchspenderhoehe": null, "wc_seifenspender_hoehe": null, "wc_waschbecken_oberkante": null, "wc_waschbecken_hoehe_unterfahrbar": null, "wc_waschbecken_tiefe_unterfahrbar": null, "wc_buegel_rechts": null, "wc_buegel_links": null, "wc_buegel_distanz": null, "wc_buegelhoehe": null, "wc_sitzhoehe": null, "wc_platz_davor": null, "wc_platz_rechts": null, "wc_platz_links": null, "wc_spuelknopf_hinten": null, "wc_spuelknopf_rechts": null, "wc_spuelknopf_links": null, "wc_spuelknopf_hoehe": null, "wc_position_notruf": null, "wc_hoehe_notruf": null, "wc_bermerkung": null, "foto": null }, "geometry": { "type": "Point", "coordinates": [ 11.595388512902373, 48.101877138070257 ] } },
{ "type": "Feature", "id": "wc_finder_opendata.26", "geometry_name": "shape", "properties": { "name": "Öffentliche Toilette Friedhofsgelände \/ an der Aussegnungshalle", "stadt": "München", "plz": 81549, "strasse": "Stadelheimerstrasse", "hausnr": "24", "etage": "EG", "raumnummer": null, "oeffnungszeiten": "Täglich, Nov-Feb bis 17 Uhr, im März bis 18:00 Uhr. Apr-Aug bis 20:00 Uhr, Sep-Okt bis 19 Uhr", "kategorie": "barrierefrei", "preis": null, "wickeln": 0, "standort_beschreibung": "Toilettenraum für 1 Person, keine zusätz. Innentüren", "zustand": "voll funktionsfähig", "einschraenkungen": null, "mail": " kommunalreferat@muenchen.de", "website": null, "telefon": null, "zustaendiges_referat": "Kommunalreferat", "erzeugt_bearbeitet": "06.09.2023 \/ 06.09.2023", "din_18040_1": 1, "toilette_fuer_alle": 0, "eignung_blindenhunde": 1, "eingangstuer_typ": "Öffnet nach innen\/Türanschlag links", "eingangstuer_glasmarkierung": 0, "eingangstuer_klingel_taster": 0, "eingangstuer_leichte_fuehrung": 1, "eingangstuer_radar_schluessel": 0, "eingangstuer_euro_schluessel": 1, "eingangstuer_wendekreis": "130", "eingangstuer_breite": 93, "rampe": "fest", "rampe_steigung": "3,00%", "treppe_vorhanden": 0, "treppe_antirutsch": 0, "treppe_blindenschrift": 0, "treppe_gelaender": 0, "treppe_kontrast_visuell": 0, "treppe_kontrast_taktil": 0, "treppe_stufenanzahl": 0, "treppe_stufenhoehe": 0, "rollstuhllift": 0, "eingangsbereich_beschreibung": null, "gebaeudeinneres_gangbreite": "240", "gebaeudeinneres_induktionsschleifen": 0, "gebaeudeinneres_fuehrungsrillen": 0, "gebaeudeinneres_ruhig": 1, "gebaeudeinneres_beleuchtet": 1, "aufzug_vorhanden": 0, "aufzug_tuerbreite": null, "aufzug_tiefe": null, "aufzug_breite": null, "wctuer_typ": null, "wctuer_glasmarkierung": 0, "wctuer_klingel_taster": 0, "wctuer_leichte_fuehrung": 1, "wctuer_radar_schluessel": 0, "wctuer_euro_schluessel": 1, "wctuer_wendekreis": "", "wctuer_breite": null, "wctuer_bemerkung": null, "wc_badewanne": 0, "wc_dusche": 0, "wc_spiegel": 1, "wc_gelaender": 0, "wc_deckenlifter": 0, "wc_standlifter": 0, "wc_liege": 0, "wc_spiegelhoehe": "84", "wc_handtuchspenderhoehe": 92.0, "wc_seifenspender_hoehe": 92, "wc_waschbecken_oberkante": 81.0, "wc_waschbecken_hoehe_unterfahrbar": "65", "wc_waschbecken_tiefe_unterfahrbar": 50, "wc_buegel_rechts": 1, "wc_buegel_links": 1, "wc_buegel_distanz": 72.0, "wc_buegelhoehe": 85, "wc_sitzhoehe": 45, "wc_platz_davor": 160, "wc_platz_rechts": "96", "wc_platz_links": "91", "wc_spuelknopf_hinten": 1, "wc_spuelknopf_rechts": 0, "wc_spuelknopf_links": null, "wc_spuelknopf_hoehe": 100, "wc_position_notruf": "links", "wc_hoehe_notruf": "10", "wc_bermerkung": null, "foto": null }, "geometry": { "type": "Point", "coordinates": [ 11.595791946459421, 48.099495505941547 ] } },
{ "type": "Feature", "id": "wc_finder_opendata.27", "geometry_name": "shape", "properties": { "name": "Öffentliche Toilette Friedhofsgelände \/ an der Aussegnungshalle", "stadt": "München", "plz": 81549, "strasse": "Stadelheimerstrasse", "hausnr": "24", "etage": "EG", "raumnummer": null, "oeffnungszeiten": "Täglich, Nov-Feb bis 17 Uhr, im März bis 18:00 Uhr. Apr-Aug bis 20:00 Uhr, Sep-Okt bis 19 Uhr", "kategorie": "männlich", "preis": null, "wickeln": 0, "standort_beschreibung": null, "zustand": "voll funktionsfähig", "einschraenkungen": null, "mail": " kommunalreferat@muenchen.de", "website": null, "telefon": null, "zustaendiges_referat": "Kommunalreferat", "erzeugt_bearbeitet": "06.09.2023 \/ 06.09.2023", "din_18040_1": null, "toilette_fuer_alle": null, "eignung_blindenhunde": null, "eingangstuer_typ": null, "eingangstuer_glasmarkierung": null, "eingangstuer_klingel_taster": null, "eingangstuer_leichte_fuehrung": null, "eingangstuer_radar_schluessel": null, "eingangstuer_euro_schluessel": null, "eingangstuer_wendekreis": null, "eingangstuer_breite": null, "rampe": null, "rampe_steigung": null, "treppe_vorhanden": null, "treppe_antirutsch": null, "treppe_blindenschrift": null, "treppe_gelaender": null, "treppe_kontrast_visuell": null, "treppe_kontrast_taktil": null, "treppe_stufenanzahl": null, "treppe_stufenhoehe": null, "rollstuhllift": null, "eingangsbereich_beschreibung": null, "gebaeudeinneres_gangbreite": null, "gebaeudeinneres_induktionsschleifen": null, "gebaeudeinneres_fuehrungsrillen": null, "gebaeudeinneres_ruhig": null, "gebaeudeinneres_beleuchtet": null, "aufzug_vorhanden": null, "aufzug_tuerbreite": null, "aufzug_tiefe": null, "aufzug_breite": null, "wctuer_typ": null, "wctuer_glasmarkierung": null, "wctuer_klingel_taster": null, "wctuer_leichte_fuehrung": null, "wctuer_radar_schluessel": null, "wctuer_euro_schluessel": null, "wctuer_wendekreis": null, "wctuer_breite": null, "wctuer_bemerkung": null, "wc_badewanne": null, "wc_dusche": null, "wc_spiegel": null, "wc_gelaender": null, "wc_deckenlifter": null, "wc_standlifter": null, "wc_liege": null, "wc_spiegelhoehe": null, "wc_handtuchspenderhoehe": null, "wc_seifenspender_hoehe": null, "wc_waschbecken_oberkante": null, "wc_waschbecken_hoehe_unterfahrbar": null, "wc_waschbecken_tiefe_unterfahrbar": null, "wc_buegel_rechts": null, "wc_buegel_links": null, "wc_buegel_distanz": null, "wc_buegelhoehe": null, "wc_sitzhoehe": null, "wc_platz_davor": null, "wc_platz_rechts": null, "wc_platz_links": null, "wc_spuelknopf_hinten": null, "wc_spuelknopf_rechts": null, "wc_spuelknopf_links": null, "wc_spuelknopf_hoehe": null, "wc_position_notruf": null, "wc_hoehe_notruf": null, "wc_bermerkung": null, "foto": null }, "geometry": { "type": "Point", "coordinates": [ 11.595820694078791, 48.099506193651976 ] } },
{ "type": "Feature", "id": "wc_finder_opendata.28", "geometry_name": "shape", "properties": { "name": "Öffentliche Toilette Friedhofsgelände \/ an der Aussegnungshalle", "stadt": "München", "plz": 81549, "strasse": "Stadelheimerstrasse", "hausnr": "24", "etage": "EG", "raumnummer": null, "oeffnungszeiten": "Täglich, Nov-Feb bis 17 Uhr, im März bis 18:00 Uhr. Apr-Aug bis 20:00 Uhr, Sep-Okt bis 19 Uhr", "kategorie": "weiblich", "preis": null, "wickeln": 0, "standort_beschreibung": null, "zustand": "voll funktionsfähig", "einschraenkungen": null, "mail": " kommunalreferat@muenchen.de", "website": null, "telefon": null, "zustaendiges_referat": "Kommunalreferat", "erzeugt_bearbeitet": "06.09.2023 \/ 06.09.2023", "din_18040_1": null, "toilette_fuer_alle": null, "eignung_blindenhunde": null, "eingangstuer_typ": null, "eingangstuer_glasmarkierung": null, "eingangstuer_klingel_taster": null, "eingangstuer_leichte_fuehrung": null, "eingangstuer_radar_schluessel": null, "eingangstuer_euro_schluessel": null, "eingangstuer_wendekreis": null, "eingangstuer_breite": null, "rampe": null, "rampe_steigung": null, "treppe_vorhanden": null, "treppe_antirutsch": null, "treppe_blindenschrift": null, "treppe_gelaender": null, "treppe_kontrast_visuell": null, "treppe_kontrast_taktil": null, "treppe_stufenanzahl": null, "treppe_stufenhoehe": null, "rollstuhllift": null, "eingangsbereich_beschreibung": null, "gebaeudeinneres_gangbreite": null, "gebaeudeinneres_induktionsschleifen": null, "gebaeudeinneres_fuehrungsrillen": null, "gebaeudeinneres_ruhig": null, "gebaeudeinneres_beleuchtet": null, "aufzug_vorhanden": null, "aufzug_tuerbreite": null, "aufzug_tiefe": null, "aufzug_breite": null, "wctuer_typ": null, "wctuer_glasmarkierung": null, "wctuer_klingel_taster": null, "wctuer_leichte_fuehrung": null, "wctuer_radar_schluessel": null, "wctuer_euro_schluessel": null, "wctuer_wendekreis": null, "wctuer_breite": null, "wctuer_bemerkung": null, "wc_badewanne": null, "wc_dusche": null, "wc_spiegel": null, "wc_gelaender": null, "wc_deckenlifter": null, "wc_standlifter": null, "wc_liege": null, "wc_spiegelhoehe": null, "wc_handtuchspenderhoehe": null, "wc_seifenspender_hoehe": null, "wc_waschbecken_oberkante": null, "wc_waschbecken_hoehe_unterfahrbar": null, "wc_waschbecken_tiefe_unterfahrbar": null, "wc_buegel_rechts": null, "wc_buegel_links": null, "wc_buegel_distanz": null, "wc_buegelhoehe": null, "wc_sitzhoehe": null, "wc_platz_davor": null, "wc_platz_rechts": null, "wc_platz_links": null, "wc_spuelknopf_hinten": null, "wc_spuelknopf_rechts": null, "wc_spuelknopf_links": null, "wc_spuelknopf_hoehe": null, "wc_position_notruf": null, "wc_hoehe_notruf": null, "wc_bermerkung": null, "foto": null }, "geometry": { "type": "Point", "coordinates": [ 11.595856892224312, 48.099515453221727 ] } },
{ "type": "Feature", "id": "wc_finder_opendata.29", "geometry_name": "shape", "properties": { "name": "Öffentliche Toilette im Verwaltungsgebäude", "stadt": "München", "plz": 81549, "strasse": "Stadelheimerstrasse", "hausnr": "24", "etage": "EG", "raumnummer": null, "oeffnungszeiten": "Täglich, Mo-Do 8-12Uhr 13-15Uhr, Fr 8-12Uhr", "kategorie": "männlich", "preis": null, "wickeln": 0, "standort_beschreibung": null, "zustand": "voll funktionsfähig", "einschraenkungen": null, "mail": " kommunalreferat@muenchen.de", "website": null, "telefon": null, "zustaendiges_referat": "Kommunalreferat", "erzeugt_bearbeitet": "06.09.2023 \/ 06.09.2023", "din_18040_1": null, "toilette_fuer_alle": null, "eignung_blindenhunde": null, "eingangstuer_typ": null, "eingangstuer_glasmarkierung": null, "eingangstuer_klingel_taster": null, "eingangstuer_leichte_fuehrung": null, "eingangstuer_radar_schluessel": null, "eingangstuer_euro_schluessel": null, "eingangstuer_wendekreis": null, "eingangstuer_breite": null, "rampe": null, "rampe_steigung": null, "treppe_vorhanden": null, "treppe_antirutsch": null, "treppe_blindenschrift": null, "treppe_gelaender": null, "treppe_kontrast_visuell": null, "treppe_kontrast_taktil": null, "treppe_stufenanzahl": null, "treppe_stufenhoehe": null, "rollstuhllift": null, "eingangsbereich_beschreibung": null, "gebaeudeinneres_gangbreite": null, "gebaeudeinneres_induktionsschleifen": null, "gebaeudeinneres_fuehrungsrillen": null, "gebaeudeinneres_ruhig": null, "gebaeudeinneres_beleuchtet": null, "aufzug_vorhanden": null, "aufzug_tuerbreite": null, "aufzug_tiefe": null, "aufzug_breite": null, "wctuer_typ": null, "wctuer_glasmarkierung": null, "wctuer_klingel_taster": null, "wctuer_leichte_fuehrung": null, "wctuer_radar_schluessel": null, "wctuer_euro_schluessel": null, "wctuer_wendekreis": null, "wctuer_breite": null, "wctuer_bemerkung": null, "wc_badewanne": null, "wc_dusche": null, "wc_spiegel": null, "wc_gelaender": null, "wc_deckenlifter": null, "wc_standlifter": null, "wc_liege": null, "wc_spiegelhoehe": null, "wc_handtuchspenderhoehe": null, "wc_seifenspender_hoehe": null, "wc_waschbecken_oberkante": null, "wc_waschbecken_hoehe_unterfahrbar": null, "wc_waschbecken_tiefe_unterfahrbar": null, "wc_buegel_rechts": null, "wc_buegel_links": null, "wc_buegel_distanz": null, "wc_buegelhoehe": null, "wc_sitzhoehe": null, "wc_platz_davor": null, "wc_platz_rechts": null, "wc_platz_links": null, "wc_spuelknopf_hinten": null, "wc_spuelknopf_rechts": null, "wc_spuelknopf_links": null, "wc_spuelknopf_hoehe": null, "wc_position_notruf": null, "wc_hoehe_notruf": null, "wc_bermerkung": null, "foto": null }, "geometry": { "type": "Point", "coordinates": [ 11.596050622086526, 48.100612079837944 ] } },
{ "type": "Feature", "id": "wc_finder_opendata.30", "geometry_name": "shape", "properties": { "name": "Öffentliche Toilette im Verwaltungsgebäude", "stadt": "München", "plz": 81549, "strasse": "Stadelheimerstrasse", "hausnr": "24", "etage": "EG", "raumnummer": null, "oeffnungszeiten": "Täglich, Mo-Do 8-12Uhr 13-15Uhr, Fr 8-12Uhr", "kategorie": "weiblich", "preis": null, "wickeln": 0, "standort_beschreibung": null, "zustand": "voll funktionsfähig", "einschraenkungen": null, "mail": " kommunalreferat@muenchen.de", "website": null, "telefon": null, "zustaendiges_referat": "Kommunalreferat", "erzeugt_bearbeitet": "06.09.2023 \/ 06.09.2023", "din_18040_1": null, "toilette_fuer_alle": null, "eignung_blindenhunde": null, "eingangstuer_typ": null, "eingangstuer_glasmarkierung": null, "eingangstuer_klingel_taster": null, "eingangstuer_leichte_fuehrung": null, "eingangstuer_radar_schluessel": null, "eingangstuer_euro_schluessel": null, "eingangstuer_wendekreis": null, "eingangstuer_breite": null, "rampe": null, "rampe_steigung": null, "treppe_vorhanden": null, "treppe_antirutsch": null, "treppe_blindenschrift": null, "treppe_gelaender": null, "treppe_kontrast_visuell": null, "treppe_kontrast_taktil": null, "treppe_stufenanzahl": null, "treppe_stufenhoehe": null, "rollstuhllift": null, "eingangsbereich_beschreibung": null, "gebaeudeinneres_gangbreite": null, "gebaeudeinneres_induktionsschleifen": null, "gebaeudeinneres_fuehrungsrillen": null, "gebaeudeinneres_ruhig": null, "gebaeudeinneres_beleuchtet": null, "aufzug_vorhanden": null, "aufzug_tuerbreite": null, "aufzug_tiefe": null, "aufzug_breite": null, "wctuer_typ": null, "wctuer_glasmarkierung": null, "wctuer_klingel_taster": null, "wctuer_leichte_fuehrung": null, "wctuer_radar_schluessel": null, "wctuer_euro_schluessel": null, "wctuer_wendekreis": null, "wctuer_breite": null, "wctuer_bemerkung": null, "wc_badewanne": null, "wc_dusche": null, "wc_spiegel": null, "wc_gelaender": null, "wc_deckenlifter": null, "wc_standlifter": null, "wc_liege": null, "wc_spiegelhoehe": null, "wc_handtuchspenderhoehe": null, "wc_seifenspender_hoehe": null, "wc_waschbecken_oberkante": null, "wc_waschbecken_hoehe_unterfahrbar": null, "wc_waschbecken_tiefe_unterfahrbar": null, "wc_buegel_rechts": null, "wc_buegel_links": null, "wc_buegel_distanz": null, "wc_buegelhoehe": null, "wc_sitzhoehe": null, "wc_platz_davor": null, "wc_platz_rechts": null, "wc_platz_links": null, "wc_spuelknopf_hinten": null, "wc_spuelknopf_rechts": null, "wc_spuelknopf_links": null, "wc_spuelknopf_hoehe": null, "wc_position_notruf": null, "wc_hoehe_notruf": null, "wc_bermerkung": null, "foto": null }, "geometry": { "type": "Point", "coordinates": [ 11.595969608216434, 48.100584284288793 ] } },
{ "type": "Feature", "id": "wc_finder_opendata.31", "geometry_name": "shape", "properties": { "name": "Öffentliche Damentoilette Haupteingang Eisentor mit barrierefreier Kabine", "stadt": "München", "plz": 81737, "strasse": "Hochäckerstr.", "hausnr": "90", "etage": "EG", "raumnummer": null, "oeffnungszeiten": "Täglich ab 8 Uhr Schließung je nach Friedhofsöffnungszeien", "kategorie": "weiblich und barrierefrei", "preis": null, "wickeln": null, "standort_beschreibung": "Kabine behindertengerecht mit Einschränkungen", "zustand": "teilweise Beeinträchtigung", "einschraenkungen": "kein elektrischer Türöffner vorhanden und keine Notrufschnur", "mail": "neuer-suedfriedhof@muenchen.de", "website": null, "telefon": "4028794380", "zustaendiges_referat": "Kommunalreferat", "erzeugt_bearbeitet": "06.09.2023 \/ 06.09.2023", "din_18040_1": 0, "toilette_fuer_alle": 0, "eignung_blindenhunde": 1, "eingangstuer_typ": "Öffnet nach innen\/Türanschlag rechts", "eingangstuer_glasmarkierung": 0, "eingangstuer_klingel_taster": 0, "eingangstuer_leichte_fuehrung": 0, "eingangstuer_radar_schluessel": 0, "eingangstuer_euro_schluessel": 0, "eingangstuer_wendekreis": "160", "eingangstuer_breite": 83, "rampe": "fest", "rampe_steigung": "4,00%", "treppe_vorhanden": 0, "treppe_antirutsch": 0, "treppe_blindenschrift": 0, "treppe_gelaender": 1, "treppe_kontrast_visuell": 0, "treppe_kontrast_taktil": 0, "treppe_stufenanzahl": 0, "treppe_stufenhoehe": null, "rollstuhllift": 0, "eingangsbereich_beschreibung": "Eingang mit fester Rampe", "gebaeudeinneres_gangbreite": "96", "gebaeudeinneres_induktionsschleifen": 0, "gebaeudeinneres_fuehrungsrillen": 0, "gebaeudeinneres_ruhig": 1, "gebaeudeinneres_beleuchtet": 1, "aufzug_vorhanden": 0, "aufzug_tuerbreite": null, "aufzug_tiefe": null, "aufzug_breite": null, "wctuer_typ": "Öffnet nach innen\/Türanschlag rechts", "wctuer_glasmarkierung": 0, "wctuer_klingel_taster": 0, "wctuer_leichte_fuehrung": 0, "wctuer_radar_schluessel": 0, "wctuer_euro_schluessel": 0, "wctuer_wendekreis": "ca. 100", "wctuer_breite": 91.5, "wctuer_bemerkung": "kein Elektrischer Türöffner", "wc_badewanne": 0, "wc_dusche": 0, "wc_spiegel": 1, "wc_gelaender": 0, "wc_deckenlifter": 0, "wc_standlifter": 0, "wc_liege": 0, "wc_spiegelhoehe": "96", "wc_handtuchspenderhoehe": 86.0, "wc_seifenspender_hoehe": 90, "wc_waschbecken_oberkante": 82.0, "wc_waschbecken_hoehe_unterfahrbar": "72", "wc_waschbecken_tiefe_unterfahrbar": 45, "wc_buegel_rechts": 1, "wc_buegel_links": 1, "wc_buegel_distanz": 65.5, "wc_buegelhoehe": 42, "wc_sitzhoehe": 42, "wc_platz_davor": 200, "wc_platz_rechts": "70", "wc_platz_links": "74", "wc_spuelknopf_hinten": 1, "wc_spuelknopf_rechts": 0, "wc_spuelknopf_links": 0, "wc_spuelknopf_hoehe": 100, "wc_position_notruf": "nicht vorhanden", "wc_hoehe_notruf": "nicht vorhanden", "wc_bermerkung": "Tür hat keinen elektrischen Türöffner und keine Notfallschnur", "foto": null }, "geometry": { "type": "Point", "coordinates": [ 11.622337449972708, 48.100589991119996 ] } },
{ "type": "Feature", "id": "wc_finder_opendata.32", "geometry_name": "shape", "properties": { "name": "Öffentliche Herrentoilette Haupteingang Eisentor mit barrierefreier Kabine", "stadt": "München", "plz": 81737, "strasse": "Hochäckerstr.", "hausnr": "90", "etage": "EG", "raumnummer": null, "oeffnungszeiten": "Täglich ab 8 Uhr Schließung je nach Friedhofsöffnungszeien", "kategorie": "männlich und barrierefrei", "preis": null, "wickeln": null, "standort_beschreibung": "Kabine behindertengerecht mit Einschränkungen", "zustand": "teilweise Beeinträchtigung", "einschraenkungen": "kein elektrischer Türöffner vorhanden und keine Notrufschnur", "mail": "neuer-suedfriedhof@muenchen.de", "website": null, "telefon": "4028794380", "zustaendiges_referat": "Kommunalreferat", "erzeugt_bearbeitet": "06.09.2023 \/ 06.09.2023", "din_18040_1": 0, "toilette_fuer_alle": 0, "eignung_blindenhunde": 1, "eingangstuer_typ": "Öffnet nach innen\/Türanschlag links", "eingangstuer_glasmarkierung": 0, "eingangstuer_klingel_taster": 0, "eingangstuer_leichte_fuehrung": 0, "eingangstuer_radar_schluessel": 0, "eingangstuer_euro_schluessel": 0, "eingangstuer_wendekreis": "160", "eingangstuer_breite": 83, "rampe": "fest", "rampe_steigung": "4,00%", "treppe_vorhanden": 0, "treppe_antirutsch": 0, "treppe_blindenschrift": 0, "treppe_gelaender": 1, "treppe_kontrast_visuell": 0, "treppe_kontrast_taktil": 0, "treppe_stufenanzahl": 0, "treppe_stufenhoehe": null, "rollstuhllift": 0, "eingangsbereich_beschreibung": "Eingang mit fester Rampe", "gebaeudeinneres_gangbreite": "96", "gebaeudeinneres_induktionsschleifen": 0, "gebaeudeinneres_fuehrungsrillen": 0, "gebaeudeinneres_ruhig": 1, "gebaeudeinneres_beleuchtet": 1, "aufzug_vorhanden": 0, "aufzug_tuerbreite": null, "aufzug_tiefe": null, "aufzug_breite": null, "wctuer_typ": "Öffnet nach innen\/Türanschlag links", "wctuer_glasmarkierung": 0, "wctuer_klingel_taster": 0, "wctuer_leichte_fuehrung": 0, "wctuer_radar_schluessel": 0, "wctuer_euro_schluessel": 0, "wctuer_wendekreis": "ca. 100", "wctuer_breite": 91.5, "wctuer_bemerkung": "kein Elektrischer Türöffner", "wc_badewanne": 0, "wc_dusche": 0, "wc_spiegel": 1, "wc_gelaender": 0, "wc_deckenlifter": 0, "wc_standlifter": 0, "wc_liege": 0, "wc_spiegelhoehe": "88", "wc_handtuchspenderhoehe": 87.5, "wc_seifenspender_hoehe": 91, "wc_waschbecken_oberkante": 78.0, "wc_waschbecken_hoehe_unterfahrbar": "68", "wc_waschbecken_tiefe_unterfahrbar": 45, "wc_buegel_rechts": 1, "wc_buegel_links": 1, "wc_buegel_distanz": 65.0, "wc_buegelhoehe": 42, "wc_sitzhoehe": 42, "wc_platz_davor": 210, "wc_platz_rechts": "74.5", "wc_platz_links": "70", "wc_spuelknopf_hinten": 1, "wc_spuelknopf_rechts": 0, "wc_spuelknopf_links": 0, "wc_spuelknopf_hoehe": 100, "wc_position_notruf": "nicht vorhanden", "wc_hoehe_notruf": "nicht vorhanden", "wc_bermerkung": "Tür hat keinen elektrischen Türöffner und keine Notfallschnur", "foto": null }, "geometry": { "type": "Point", "coordinates": [ 11.622392624436342, 48.100550425659463 ] } },
{ "type": "Feature", "id": "wc_finder_opendata.33", "geometry_name": "shape", "properties": { "name": "Besuchertoilette Damen hinter Aussegnungshalle", "stadt": "München", "plz": 81737, "strasse": "Hochäckerstr.", "hausnr": "90", "etage": "EG", "raumnummer": "2.1.3.008", "oeffnungszeiten": "Täglich ab 8 Uhr Schließung je Friedhofsöffnungszeiten", "kategorie": "weiblich", "preis": null, "wickeln": 0, "standort_beschreibung": "Besuchertoilette Damen hinter Aussegnungshalle", "zustand": "voll funktionsfähig", "einschraenkungen": null, "mail": "neuer-suedfriedhof@muenchen.de", "website": null, "telefon": "4028794380", "zustaendiges_referat": "Kommunalreferat", "erzeugt_bearbeitet": "06.09.2023 \/ 06.09.2023", "din_18040_1": null, "toilette_fuer_alle": null, "eignung_blindenhunde": null, "eingangstuer_typ": null, "eingangstuer_glasmarkierung": null, "eingangstuer_klingel_taster": null, "eingangstuer_leichte_fuehrung": null, "eingangstuer_radar_schluessel": null, "eingangstuer_euro_schluessel": null, "eingangstuer_wendekreis": null, "eingangstuer_breite": null, "rampe": null, "rampe_steigung": null, "treppe_vorhanden": null, "treppe_antirutsch": null, "treppe_blindenschrift": null, "treppe_gelaender": null, "treppe_kontrast_visuell": null, "treppe_kontrast_taktil": null, "treppe_stufenanzahl": null, "treppe_stufenhoehe": null, "rollstuhllift": null, "eingangsbereich_beschreibung": null, "gebaeudeinneres_gangbreite": null, "gebaeudeinneres_induktionsschleifen": null, "gebaeudeinneres_fuehrungsrillen": null, "gebaeudeinneres_ruhig": null, "gebaeudeinneres_beleuchtet": null, "aufzug_vorhanden": null, "aufzug_tuerbreite": null, "aufzug_tiefe": null, "aufzug_breite": null, "wctuer_typ": null, "wctuer_glasmarkierung": null, "wctuer_klingel_taster": null, "wctuer_leichte_fuehrung": null, "wctuer_radar_schluessel": null, "wctuer_euro_schluessel": null, "wctuer_wendekreis": null, "wctuer_breite": null, "wctuer_bemerkung": null, "wc_badewanne": null, "wc_dusche": null, "wc_spiegel": null, "wc_gelaender": null, "wc_deckenlifter": null, "wc_standlifter": null, "wc_liege": null, "wc_spiegelhoehe": null, "wc_handtuchspenderhoehe": null, "wc_seifenspender_hoehe": null, "wc_waschbecken_oberkante": null, "wc_waschbecken_hoehe_unterfahrbar": null, "wc_waschbecken_tiefe_unterfahrbar": null, "wc_buegel_rechts": null, "wc_buegel_links": null, "wc_buegel_distanz": null, "wc_buegelhoehe": null, "wc_sitzhoehe": null, "wc_platz_davor": null, "wc_platz_rechts": null, "wc_platz_links": null, "wc_spuelknopf_hinten": null, "wc_spuelknopf_rechts": null, "wc_spuelknopf_links": null, "wc_spuelknopf_hoehe": null, "wc_position_notruf": null, "wc_hoehe_notruf": null, "wc_bermerkung": null, "foto": null }, "geometry": { "type": "Point", "coordinates": [ 11.621222335015169, 48.098853687704256 ] } },
{ "type": "Feature", "id": "wc_finder_opendata.34", "geometry_name": "shape", "properties": { "name": "Besuchertoilette Herren hinter Aussegnungshalle", "stadt": "München", "plz": 81737, "strasse": "Hochäckerstr.", "hausnr": "90", "etage": "EG", "raumnummer": "2.1.3.012", "oeffnungszeiten": "Täglich ab 8 Uhr Schließung je Friedhofsöffnungszeiten", "kategorie": "männlich", "preis": null, "wickeln": 0, "standort_beschreibung": "Besuchertoilette Herren hinter Aussegnungshalle", "zustand": "voll funktionsfähig", "einschraenkungen": null, "mail": "neuer-suedfriedhof@muenchen.de", "website": null, "telefon": "4028794380", "zustaendiges_referat": "Kommunalreferat", "erzeugt_bearbeitet": "06.09.2023 \/ 06.09.2023", "din_18040_1": null, "toilette_fuer_alle": null, "eignung_blindenhunde": null, "eingangstuer_typ": null, "eingangstuer_glasmarkierung": null, "eingangstuer_klingel_taster": null, "eingangstuer_leichte_fuehrung": null, "eingangstuer_radar_schluessel": null, "eingangstuer_euro_schluessel": null, "eingangstuer_wendekreis": null, "eingangstuer_breite": null, "rampe": null, "rampe_steigung": null, "treppe_vorhanden": null, "treppe_antirutsch": null, "treppe_blindenschrift": null, "treppe_gelaender": null, "treppe_kontrast_visuell": null, "treppe_kontrast_taktil": null, "treppe_stufenanzahl": null, "treppe_stufenhoehe": null, "rollstuhllift": null, "eingangsbereich_beschreibung": null, "gebaeudeinneres_gangbreite": null, "gebaeudeinneres_induktionsschleifen": null, "gebaeudeinneres_fuehrungsrillen": null, "gebaeudeinneres_ruhig": null, "gebaeudeinneres_beleuchtet": null, "aufzug_vorhanden": null, "aufzug_tuerbreite": null, "aufzug_tiefe": null, "aufzug_breite": null, "wctuer_typ": null, "wctuer_glasmarkierung": null, "wctuer_klingel_taster": null, "wctuer_leichte_fuehrung": null, "wctuer_radar_schluessel": null, "wctuer_euro_schluessel": null, "wctuer_wendekreis": null, "wctuer_breite": null, "wctuer_bemerkung": null, "wc_badewanne": null, "wc_dusche": null, "wc_spiegel": null, "wc_gelaender": null, "wc_deckenlifter": null, "wc_standlifter": null, "wc_liege": null, "wc_spiegelhoehe": null, "wc_handtuchspenderhoehe": null, "wc_seifenspender_hoehe": null, "wc_waschbecken_oberkante": null, "wc_waschbecken_hoehe_unterfahrbar": null, "wc_waschbecken_tiefe_unterfahrbar": null, "wc_buegel_rechts": null, "wc_buegel_links": null, "wc_buegel_distanz": null, "wc_buegelhoehe": null, "wc_sitzhoehe": null, "wc_platz_davor": null, "wc_platz_rechts": null, "wc_platz_links": null, "wc_spuelknopf_hinten": null, "wc_spuelknopf_rechts": null, "wc_spuelknopf_links": null, "wc_spuelknopf_hoehe": null, "wc_position_notruf": null, "wc_hoehe_notruf": null, "wc_bermerkung": null, "foto": null }, "geometry": { "type": "Point", "coordinates": [ 11.621272919094315, 48.098890817069538 ] } },
{ "type": "Feature", "id": "wc_finder_opendata.35", "geometry_name": "shape", "properties": { "name": "Barrierefreie Toilette hinter Aussegnungshalle sehr beengt !", "stadt": "München", "plz": 81737, "strasse": "Hochäckerstr.", "hausnr": "90", "etage": "EG", "raumnummer": "2.1.3.011", "oeffnungszeiten": "Täglich ab 8 Uhr Schließung je nach Friedhofsöffnungszeien", "kategorie": "barrierefrei", "preis": null, "wickeln": 0, "standort_beschreibung": "Besuchertoilette behindertengerecht mit Einschränkungen", "zustand": "teilweise Beeinträchtigung", "einschraenkungen": "kein elektrischer Türöffner vorhanden und keine Notrufschnur", "mail": "neuer-suedfriedhof@muenchen.de", "website": null, "telefon": "4028794380", "zustaendiges_referat": "Kommunalreferat", "erzeugt_bearbeitet": "06.09.2023 \/ 06.09.2023", "din_18040_1": 0, "toilette_fuer_alle": 1, "eignung_blindenhunde": 1, "eingangstuer_typ": "Öffnet nach außen\/Türanschlag rechts", "eingangstuer_glasmarkierung": 0, "eingangstuer_klingel_taster": 0, "eingangstuer_leichte_fuehrung": 0, "eingangstuer_radar_schluessel": 0, "eingangstuer_euro_schluessel": 0, "eingangstuer_wendekreis": null, "eingangstuer_breite": 97, "rampe": null, "rampe_steigung": null, "treppe_vorhanden": null, "treppe_antirutsch": null, "treppe_blindenschrift": 0, "treppe_gelaender": 0, "treppe_kontrast_visuell": 0, "treppe_kontrast_taktil": null, "treppe_stufenanzahl": 0, "treppe_stufenhoehe": null, "rollstuhllift": 0, "eingangsbereich_beschreibung": "Eingangstür führt vom Freien in einen Gang hiervon gehen die Toilettentüren (kein Wendekreis) ab.", "gebaeudeinneres_gangbreite": "131cm - 29 cm Heizung", "gebaeudeinneres_induktionsschleifen": 0, "gebaeudeinneres_fuehrungsrillen": 0, "gebaeudeinneres_ruhig": 1, "gebaeudeinneres_beleuchtet": 1, "aufzug_vorhanden": 0, "aufzug_tuerbreite": null, "aufzug_tiefe": null, "aufzug_breite": null, "wctuer_typ": "Öffnet nach außen\/Türanschlag rechts", "wctuer_glasmarkierung": 0, "wctuer_klingel_taster": 0, "wctuer_leichte_fuehrung": 0, "wctuer_radar_schluessel": 0, "wctuer_euro_schluessel": 0, "wctuer_wendekreis": null, "wctuer_breite": 81.0, "wctuer_bemerkung": "kein Elektrischer Türöffner", "wc_badewanne": 0, "wc_dusche": 0, "wc_spiegel": 1, "wc_gelaender": 1, "wc_deckenlifter": 0, "wc_standlifter": 0, "wc_liege": 0, "wc_spiegelhoehe": "129", "wc_handtuchspenderhoehe": 100.0, "wc_seifenspender_hoehe": 96, "wc_waschbecken_oberkante": 82.5, "wc_waschbecken_hoehe_unterfahrbar": "kleines Waschbecken keine Unterfahrbarkeit", "wc_waschbecken_tiefe_unterfahrbar": 26, "wc_buegel_rechts": 1, "wc_buegel_links": 1, "wc_buegel_distanz": 70.0, "wc_buegelhoehe": 69, "wc_sitzhoehe": 51, "wc_platz_davor": 65, "wc_platz_rechts": "20cm - teilweise Toilettenrollenhalter 11cm", "wc_platz_links": "75cm - teilweise 11cm Heizung", "wc_spuelknopf_hinten": 1, "wc_spuelknopf_rechts": 0, "wc_spuelknopf_links": 0, "wc_spuelknopf_hoehe": 117, "wc_position_notruf": "nicht vorhanden", "wc_hoehe_notruf": "nicht vorhanden", "wc_bermerkung": "Eingangstür führt in einen kleinen Gang von dort gelangt man zur Toilettentür mit  81 cm. Im Innern gibt es keinen Wendekreis.", "foto": null }, "geometry": { "type": "Point", "coordinates": [ 11.621320557772286, 48.098915146445869 ] } },
{ "type": "Feature", "id": "wc_finder_opendata.36", "geometry_name": "shape", "properties": { "name": "Besuchertoilette Damen Friedhof Perlach", "stadt": "München", "plz": 81737, "strasse": "Putzbrunnerstr.", "hausnr": "51", "etage": "EG", "raumnummer": null, "oeffnungszeiten": "Täglich ab 8 Uhr Schließung je Friedhofsöffnungszeiten", "kategorie": "weiblich", "preis": null, "wickeln": 0, "standort_beschreibung": "Besuchertoilette Damen Friedhof Perlach", "zustand": "voll funktionsfähig", "einschraenkungen": null, "mail": "neuer-suedfriedhof@muenchen.de", "website": null, "telefon": "4028794380", "zustaendiges_referat": "Kommunalreferat", "erzeugt_bearbeitet": "06.09.2023 \/ 06.09.2023", "din_18040_1": null, "toilette_fuer_alle": null, "eignung_blindenhunde": null, "eingangstuer_typ": null, "eingangstuer_glasmarkierung": null, "eingangstuer_klingel_taster": null, "eingangstuer_leichte_fuehrung": null, "eingangstuer_radar_schluessel": null, "eingangstuer_euro_schluessel": null, "eingangstuer_wendekreis": null, "eingangstuer_breite": null, "rampe": null, "rampe_steigung": null, "treppe_vorhanden": null, "treppe_antirutsch": null, "treppe_blindenschrift": null, "treppe_gelaender": null, "treppe_kontrast_visuell": null, "treppe_kontrast_taktil": null, "treppe_stufenanzahl": null, "treppe_stufenhoehe": null, "rollstuhllift": null, "eingangsbereich_beschreibung": null, "gebaeudeinneres_gangbreite": null, "gebaeudeinneres_induktionsschleifen": null, "gebaeudeinneres_fuehrungsrillen": null, "gebaeudeinneres_ruhig": null, "gebaeudeinneres_beleuchtet": null, "aufzug_vorhanden": null, "aufzug_tuerbreite": null, "aufzug_tiefe": null, "aufzug_breite": null, "wctuer_typ": null, "wctuer_glasmarkierung": null, "wctuer_klingel_taster": null, "wctuer_leichte_fuehrung": null, "wctuer_radar_schluessel": null, "wctuer_euro_schluessel": null, "wctuer_wendekreis": null, "wctuer_breite": null, "wctuer_bemerkung": null, "wc_badewanne": null, "wc_dusche": null, "wc_spiegel": null, "wc_gelaender": null, "wc_deckenlifter": null, "wc_standlifter": null, "wc_liege": null, "wc_spiegelhoehe": null, "wc_handtuchspenderhoehe": null, "wc_seifenspender_hoehe": null, "wc_waschbecken_oberkante": null, "wc_waschbecken_hoehe_unterfahrbar": null, "wc_waschbecken_tiefe_unterfahrbar": null, "wc_buegel_rechts": null, "wc_buegel_links": null, "wc_buegel_distanz": null, "wc_buegelhoehe": null, "wc_sitzhoehe": null, "wc_platz_davor": null, "wc_platz_rechts": null, "wc_platz_links": null, "wc_spuelknopf_hinten": null, "wc_spuelknopf_rechts": null, "wc_spuelknopf_links": null, "wc_spuelknopf_hoehe": null, "wc_position_notruf": null, "wc_hoehe_notruf": null, "wc_bermerkung": null, "foto": null }, "geometry": { "type": "Point", "coordinates": [ 11.640944410733319, 48.09861313466849 ] } },
{ "type": "Feature", "id": "wc_finder_opendata.37", "geometry_name": "shape", "properties": { "name": "Besuchertoilette Herren Friedhof Perlach", "stadt": "München", "plz": 81737, "strasse": "Putzbrunnerstr.", "hausnr": "51", "etage": "EG", "raumnummer": null, "oeffnungszeiten": "Täglich ab 8 Uhr Schließung je Friedhofsöffnungszeiten", "kategorie": "männlich", "preis": null, "wickeln": 0, "standort_beschreibung": "Besuchertoilette Herren Friedhof Perlach", "zustand": "voll funktionsfähig", "einschraenkungen": null, "mail": "neuer-suedfriedhof@muenchen.de", "website": null, "telefon": "4028794380", "zustaendiges_referat": "Kommunalreferat", "erzeugt_bearbeitet": "06.09.2023 \/ 06.09.2023", "din_18040_1": null, "toilette_fuer_alle": null, "eignung_blindenhunde": null, "eingangstuer_typ": null, "eingangstuer_glasmarkierung": null, "eingangstuer_klingel_taster": null, "eingangstuer_leichte_fuehrung": null, "eingangstuer_radar_schluessel": null, "eingangstuer_euro_schluessel": null, "eingangstuer_wendekreis": null, "eingangstuer_breite": null, "rampe": null, "rampe_steigung": null, "treppe_vorhanden": null, "treppe_antirutsch": null, "treppe_blindenschrift": null, "treppe_gelaender": null, "treppe_kontrast_visuell": null, "treppe_kontrast_taktil": null, "treppe_stufenanzahl": null, "treppe_stufenhoehe": null, "rollstuhllift": null, "eingangsbereich_beschreibung": null, "gebaeudeinneres_gangbreite": null, "gebaeudeinneres_induktionsschleifen": null, "gebaeudeinneres_fuehrungsrillen": null, "gebaeudeinneres_ruhig": null, "gebaeudeinneres_beleuchtet": null, "aufzug_vorhanden": null, "aufzug_tuerbreite": null, "aufzug_tiefe": null, "aufzug_breite": null, "wctuer_typ": null, "wctuer_glasmarkierung": null, "wctuer_klingel_taster": null, "wctuer_leichte_fuehrung": null, "wctuer_radar_schluessel": null, "wctuer_euro_schluessel": null, "wctuer_wendekreis": null, "wctuer_breite": null, "wctuer_bemerkung": null, "wc_badewanne": null, "wc_dusche": null, "wc_spiegel": null, "wc_gelaender": null, "wc_deckenlifter": null, "wc_standlifter": null, "wc_liege": null, "wc_spiegelhoehe": null, "wc_handtuchspenderhoehe": null, "wc_seifenspender_hoehe": null, "wc_waschbecken_oberkante": null, "wc_waschbecken_hoehe_unterfahrbar": null, "wc_waschbecken_tiefe_unterfahrbar": null, "wc_buegel_rechts": null, "wc_buegel_links": null, "wc_buegel_distanz": null, "wc_buegelhoehe": null, "wc_sitzhoehe": null, "wc_platz_davor": null, "wc_platz_rechts": null, "wc_platz_links": null, "wc_spuelknopf_hinten": null, "wc_spuelknopf_rechts": null, "wc_spuelknopf_links": null, "wc_spuelknopf_hoehe": null, "wc_position_notruf": null, "wc_hoehe_notruf": null, "wc_bermerkung": null, "foto": null }, "geometry": { "type": "Point", "coordinates": [ 11.640973895894613, 48.098652766984003 ] } },
{ "type": "Feature", "id": "wc_finder_opendata.38", "geometry_name": "shape", "properties": { "name": "Öffentliche Toilette Nordfriedhof Herren", "stadt": "München", "plz": 80805, "strasse": "Ungererstraße", "hausnr": "130", "etage": "EG", "raumnummer": "1.1.6.019", "oeffnungszeiten": "s. Friedhofsöffnungszeiten", "kategorie": "männlich", "preis": null, "wickeln": 0, "standort_beschreibung": "Arkadengang nördl. Aussegnungshalle", "zustand": "voll funktionsfähig", "einschraenkungen": null, "mail": "nordfriedhof@muenchen.de", "website": "https:\/\/www.muenchen.de\/", "telefon": "370039820", "zustaendiges_referat": "Gesundheitsreferat", "erzeugt_bearbeitet": "06.09.2023 \/ 06.09.2023", "din_18040_1": null, "toilette_fuer_alle": null, "eignung_blindenhunde": null, "eingangstuer_typ": null, "eingangstuer_glasmarkierung": null, "eingangstuer_klingel_taster": null, "eingangstuer_leichte_fuehrung": null, "eingangstuer_radar_schluessel": null, "eingangstuer_euro_schluessel": null, "eingangstuer_wendekreis": null, "eingangstuer_breite": null, "rampe": null, "rampe_steigung": null, "treppe_vorhanden": null, "treppe_antirutsch": null, "treppe_blindenschrift": null, "treppe_gelaender": null, "treppe_kontrast_visuell": null, "treppe_kontrast_taktil": null, "treppe_stufenanzahl": null, "treppe_stufenhoehe": null, "rollstuhllift": null, "eingangsbereich_beschreibung": null, "gebaeudeinneres_gangbreite": null, "gebaeudeinneres_induktionsschleifen": null, "gebaeudeinneres_fuehrungsrillen": null, "gebaeudeinneres_ruhig": null, "gebaeudeinneres_beleuchtet": null, "aufzug_vorhanden": null, "aufzug_tuerbreite": null, "aufzug_tiefe": null, "aufzug_breite": null, "wctuer_typ": null, "wctuer_glasmarkierung": null, "wctuer_klingel_taster": null, "wctuer_leichte_fuehrung": null, "wctuer_radar_schluessel": null, "wctuer_euro_schluessel": null, "wctuer_wendekreis": null, "wctuer_breite": null, "wctuer_bemerkung": null, "wc_badewanne": null, "wc_dusche": null, "wc_spiegel": null, "wc_gelaender": null, "wc_deckenlifter": null, "wc_standlifter": null, "wc_liege": null, "wc_spiegelhoehe": null, "wc_handtuchspenderhoehe": null, "wc_seifenspender_hoehe": null, "wc_waschbecken_oberkante": null, "wc_waschbecken_hoehe_unterfahrbar": null, "wc_waschbecken_tiefe_unterfahrbar": null, "wc_buegel_rechts": null, "wc_buegel_links": null, "wc_buegel_distanz": null, "wc_buegelhoehe": null, "wc_sitzhoehe": null, "wc_platz_davor": null, "wc_platz_rechts": null, "wc_platz_links": null, "wc_spuelknopf_hinten": null, "wc_spuelknopf_rechts": null, "wc_spuelknopf_links": null, "wc_spuelknopf_hoehe": null, "wc_position_notruf": null, "wc_hoehe_notruf": null, "wc_bermerkung": null, "foto": null }, "geometry": { "type": "Point", "coordinates": [ 11.600190843204231, 48.174846234023242 ] } },
{ "type": "Feature", "id": "wc_finder_opendata.39", "geometry_name": "shape", "properties": { "name": "Öffentliche Toilette Nordfriedhof Damen", "stadt": "München", "plz": 80805, "strasse": "Ungererstraße", "hausnr": "130", "etage": "EG", "raumnummer": "1.1.6.017", "oeffnungszeiten": "s. Friedhofsöffnungszeiten", "kategorie": "weiblich", "preis": null, "wickeln": 0, "standort_beschreibung": "Arkadengang nördl. Aussegnungshalle", "zustand": "voll funktionsfähig", "einschraenkungen": null, "mail": "nordfriedhof@muenchen.de", "website": "https:\/\/www.muenchen.de\/", "telefon": "370039820", "zustaendiges_referat": "Gesundheitsreferat", "erzeugt_bearbeitet": "06.09.2023 \/ 06.09.2023", "din_18040_1": null, "toilette_fuer_alle": null, "eignung_blindenhunde": null, "eingangstuer_typ": null, "eingangstuer_glasmarkierung": null, "eingangstuer_klingel_taster": null, "eingangstuer_leichte_fuehrung": null, "eingangstuer_radar_schluessel": null, "eingangstuer_euro_schluessel": null, "eingangstuer_wendekreis": null, "eingangstuer_breite": null, "rampe": null, "rampe_steigung": null, "treppe_vorhanden": null, "treppe_antirutsch": null, "treppe_blindenschrift": null, "treppe_gelaender": null, "treppe_kontrast_visuell": null, "treppe_kontrast_taktil": null, "treppe_stufenanzahl": null, "treppe_stufenhoehe": null, "rollstuhllift": null, "eingangsbereich_beschreibung": null, "gebaeudeinneres_gangbreite": null, "gebaeudeinneres_induktionsschleifen": null, "gebaeudeinneres_fuehrungsrillen": null, "gebaeudeinneres_ruhig": null, "gebaeudeinneres_beleuchtet": null, "aufzug_vorhanden": null, "aufzug_tuerbreite": null, "aufzug_tiefe": null, "aufzug_breite": null, "wctuer_typ": null, "wctuer_glasmarkierung": null, "wctuer_klingel_taster": null, "wctuer_leichte_fuehrung": null, "wctuer_radar_schluessel": null, "wctuer_euro_schluessel": null, "wctuer_wendekreis": null, "wctuer_breite": null, "wctuer_bemerkung": null, "wc_badewanne": null, "wc_dusche": null, "wc_spiegel": null, "wc_gelaender": null, "wc_deckenlifter": null, "wc_standlifter": null, "wc_liege": null, "wc_spiegelhoehe": null, "wc_handtuchspenderhoehe": null, "wc_seifenspender_hoehe": null, "wc_waschbecken_oberkante": null, "wc_waschbecken_hoehe_unterfahrbar": null, "wc_waschbecken_tiefe_unterfahrbar": null, "wc_buegel_rechts": null, "wc_buegel_links": null, "wc_buegel_distanz": null, "wc_buegelhoehe": null, "wc_sitzhoehe": null, "wc_platz_davor": null, "wc_platz_rechts": null, "wc_platz_links": null, "wc_spuelknopf_hinten": null, "wc_spuelknopf_rechts": null, "wc_spuelknopf_links": null, "wc_spuelknopf_hoehe": null, "wc_position_notruf": null, "wc_hoehe_notruf": null, "wc_bermerkung": null, "foto": null }, "geometry": { "type": "Point", "coordinates": [ 11.600167305663049, 48.174860072030171 ] } },
{ "type": "Feature", "id": "wc_finder_opendata.40", "geometry_name": "shape", "properties": { "name": "Öffentliche Toilette Behinderten", "stadt": "München", "plz": 80805, "strasse": "Ungererstraße", "hausnr": "130", "etage": "EG", "raumnummer": "1.1.6.016", "oeffnungszeiten": "s. Friedhofsöffnungszeiten", "kategorie": "divers\/unisex und barrierefrei", "preis": null, "wickeln": 0, "standort_beschreibung": "Arkadengang nördl. Aussegnungshalle", "zustand": "voll funktionsfähig", "einschraenkungen": null, "mail": "nordfriedhof@muenchen.de", "website": "https:\/\/www.muenchen.de\/", "telefon": "370039820", "zustaendiges_referat": "Gesundheitsreferat", "erzeugt_bearbeitet": "06.09.2023 \/ 06.09.2023", "din_18040_1": null, "toilette_fuer_alle": 1, "eignung_blindenhunde": 1, "eingangstuer_typ": "Sonstige Tür ", "eingangstuer_glasmarkierung": 0, "eingangstuer_klingel_taster": 0, "eingangstuer_leichte_fuehrung": 1, "eingangstuer_radar_schluessel": 0, "eingangstuer_euro_schluessel": 0, "eingangstuer_wendekreis": "200", "eingangstuer_breite": null, "rampe": "mobil", "rampe_steigung": ">10%", "treppe_vorhanden": 0, "treppe_antirutsch": 0, "treppe_blindenschrift": 0, "treppe_gelaender": 0, "treppe_kontrast_visuell": 0, "treppe_kontrast_taktil": 0, "treppe_stufenanzahl": 1, "treppe_stufenhoehe": 18, "rollstuhllift": 0, "eingangsbereich_beschreibung": "Schiebetür", "gebaeudeinneres_gangbreite": "120", "gebaeudeinneres_induktionsschleifen": 0, "gebaeudeinneres_fuehrungsrillen": 0, "gebaeudeinneres_ruhig": 1, "gebaeudeinneres_beleuchtet": 0, "aufzug_vorhanden": null, "aufzug_tuerbreite": null, "aufzug_tiefe": null, "aufzug_breite": null, "wctuer_typ": "Sonstige Tür ", "wctuer_glasmarkierung": 0, "wctuer_klingel_taster": 0, "wctuer_leichte_fuehrung": 1, "wctuer_radar_schluessel": 0, "wctuer_euro_schluessel": 0, "wctuer_wendekreis": "140", "wctuer_breite": 84.0, "wctuer_bemerkung": "Schiebetür", "wc_badewanne": 0, "wc_dusche": 0, "wc_spiegel": 1, "wc_gelaender": 0, "wc_deckenlifter": 1, "wc_standlifter": 0, "wc_liege": 0, "wc_spiegelhoehe": "100", "wc_handtuchspenderhoehe": 120.0, "wc_seifenspender_hoehe": 95, "wc_waschbecken_oberkante": 83.0, "wc_waschbecken_hoehe_unterfahrbar": "71", "wc_waschbecken_tiefe_unterfahrbar": 33, "wc_buegel_rechts": 1, "wc_buegel_links": 1, "wc_buegel_distanz": null, "wc_buegelhoehe": 73, "wc_sitzhoehe": 49, "wc_platz_davor": 200, "wc_platz_rechts": "40", "wc_platz_links": "37", "wc_spuelknopf_hinten": 1, "wc_spuelknopf_rechts": 0, "wc_spuelknopf_links": 0, "wc_spuelknopf_hoehe": 100, "wc_position_notruf": "nicht vorhanden", "wc_hoehe_notruf": null, "wc_bermerkung": null, "foto": null }, "geometry": { "type": "Point", "coordinates": [ 11.600135185898145, 48.174872751897617 ] } },
{ "type": "Feature", "id": "wc_finder_opendata.41", "geometry_name": "shape", "properties": { "name": "Toilettenanlage \"Tierparkparkplatz \/ Flaucher\"", "stadt": "München", "plz": 81543, "strasse": null, "hausnr": null, "etage": null, "raumnummer": null, "oeffnungszeiten": "ganzjährig täglich 06:00 -02:00 Uhr", "kategorie": "divers\/unisex und barrierefrei", "preis": 0.0, "wickeln": 0, "standort_beschreibung": "Bild: http:\/\/geoi.bau.muenchen.de\/einrichtungen\/wc\/bild\/POS126.JPG", "zustand": "voll funktionsfähig", "einschraenkungen": null, "mail": "service@hering-sanikonzept.de", "website": "https:\/\/www.wc-fresh.com", "telefon": "+49 2736 27-216", "zustaendiges_referat": "BAU-G", "erzeugt_bearbeitet": "28.03.2023 \/ 06.12.2023", "din_18040_1": 1, "toilette_fuer_alle": 0, "eignung_blindenhunde": 0, "eingangstuer_typ": null, "eingangstuer_glasmarkierung": 0, "eingangstuer_klingel_taster": 0, "eingangstuer_leichte_fuehrung": 0, "eingangstuer_radar_schluessel": 0, "eingangstuer_euro_schluessel": 0, "eingangstuer_wendekreis": null, "eingangstuer_breite": null, "rampe": null, "rampe_steigung": null, "treppe_vorhanden": 0, "treppe_antirutsch": 0, "treppe_blindenschrift": 0, "treppe_gelaender": 0, "treppe_kontrast_visuell": 0, "treppe_kontrast_taktil": 0, "treppe_stufenanzahl": null, "treppe_stufenhoehe": null, "rollstuhllift": 0, "eingangsbereich_beschreibung": null, "gebaeudeinneres_gangbreite": null, "gebaeudeinneres_induktionsschleifen": 0, "gebaeudeinneres_fuehrungsrillen": 0, "gebaeudeinneres_ruhig": 0, "gebaeudeinneres_beleuchtet": 0, "aufzug_vorhanden": 0, "aufzug_tuerbreite": null, "aufzug_tiefe": null, "aufzug_breite": null, "wctuer_typ": null, "wctuer_glasmarkierung": 0, "wctuer_klingel_taster": 0, "wctuer_leichte_fuehrung": 0, "wctuer_radar_schluessel": 0, "wctuer_euro_schluessel": 0, "wctuer_wendekreis": null, "wctuer_breite": null, "wctuer_bemerkung": null, "wc_badewanne": 0, "wc_dusche": 0, "wc_spiegel": 0, "wc_gelaender": 0, "wc_deckenlifter": 0, "wc_standlifter": 0, "wc_liege": 0, "wc_spiegelhoehe": "mind. 100", "wc_handtuchspenderhoehe": null, "wc_seifenspender_hoehe": null, "wc_waschbecken_oberkante": null, "wc_waschbecken_hoehe_unterfahrbar": null, "wc_waschbecken_tiefe_unterfahrbar": null, "wc_buegel_rechts": 0, "wc_buegel_links": 0, "wc_buegel_distanz": null, "wc_buegelhoehe": null, "wc_sitzhoehe": null, "wc_platz_davor": null, "wc_platz_rechts": "mind. 90", "wc_platz_links": "mind. 90", "wc_spuelknopf_hinten": 0, "wc_spuelknopf_rechts": 0, "wc_spuelknopf_links": null, "wc_spuelknopf_hoehe": null, "wc_position_notruf": "in der Nähe des WC-Beckens angebracht", "wc_hoehe_notruf": null, "wc_bermerkung": null, "foto": null }, "geometry": { "type": "Point", "coordinates": [ 11.552851991374734, 48.10162820343767 ] } },
{ "type": "Feature", "id": "wc_finder_opendata.42", "geometry_name": "shape", "properties": { "name": "Mobile Toilettenkabine \"westl. Eduard-Schmid-Str. 36\"", "stadt": "München", "plz": 80469, "strasse": "westl. Eduard-Schmid-Str.", "hausnr": "36", "etage": null, "raumnummer": null, "oeffnungszeiten": null, "kategorie": "divers\/unisex und barrierefrei", "preis": null, "wickeln": 0, "standort_beschreibung": "Bild: http:\/\/geoi.bau.muenchen.de\/einrichtungen\/wc\/bild\/POS113.JPG", "zustand": "voll funktionsfähig", "einschraenkungen": null, "mail": "wasserbau-bauwerksunterhalt.bau@muenchen.de", "website": null, "telefon": null, "zustaendiges_referat": "BAU-J3", "erzeugt_bearbeitet": "03.11.2023 \/ 03.11.2023", "din_18040_1": 0, "toilette_fuer_alle": 0, "eignung_blindenhunde": 0, "eingangstuer_typ": null, "eingangstuer_glasmarkierung": 0, "eingangstuer_klingel_taster": 0, "eingangstuer_leichte_fuehrung": 0, "eingangstuer_radar_schluessel": 0, "eingangstuer_euro_schluessel": 0, "eingangstuer_wendekreis": null, "eingangstuer_breite": null, "rampe": null, "rampe_steigung": null, "treppe_vorhanden": 0, "treppe_antirutsch": 0, "treppe_blindenschrift": 0, "treppe_gelaender": 0, "treppe_kontrast_visuell": 0, "treppe_kontrast_taktil": 0, "treppe_stufenanzahl": null, "treppe_stufenhoehe": null, "rollstuhllift": 0, "eingangsbereich_beschreibung": null, "gebaeudeinneres_gangbreite": null, "gebaeudeinneres_induktionsschleifen": 0, "gebaeudeinneres_fuehrungsrillen": 0, "gebaeudeinneres_ruhig": 0, "gebaeudeinneres_beleuchtet": 0, "aufzug_vorhanden": 0, "aufzug_tuerbreite": null, "aufzug_tiefe": null, "aufzug_breite": null, "wctuer_typ": null, "wctuer_glasmarkierung": 0, "wctuer_klingel_taster": 0, "wctuer_leichte_fuehrung": 0, "wctuer_radar_schluessel": 0, "wctuer_euro_schluessel": 0, "wctuer_wendekreis": null, "wctuer_breite": null, "wctuer_bemerkung": null, "wc_badewanne": 0, "wc_dusche": 0, "wc_spiegel": 0, "wc_gelaender": 0, "wc_deckenlifter": 0, "wc_standlifter": 0, "wc_liege": 0, "wc_spiegelhoehe": null, "wc_handtuchspenderhoehe": null, "wc_seifenspender_hoehe": null, "wc_waschbecken_oberkante": null, "wc_waschbecken_hoehe_unterfahrbar": null, "wc_waschbecken_tiefe_unterfahrbar": null, "wc_buegel_rechts": 0, "wc_buegel_links": 0, "wc_buegel_distanz": null, "wc_buegelhoehe": null, "wc_sitzhoehe": null, "wc_platz_davor": null, "wc_platz_rechts": null, "wc_platz_links": null, "wc_spuelknopf_hinten": 0, "wc_spuelknopf_rechts": 0, "wc_spuelknopf_links": 0, "wc_spuelknopf_hoehe": null, "wc_position_notruf": null, "wc_hoehe_notruf": null, "wc_bermerkung": null, "foto": null }, "geometry": { "type": "Point", "coordinates": [ 11.571734384260759, 48.123673615518989 ] } },
{ "type": "Feature", "id": "wc_finder_opendata.43", "geometry_name": "shape", "properties": { "name": "Mobile Toilettenkabine \"westl. Eduard-Schmid-Str. 36\"", "stadt": "München", "plz": 80469, "strasse": "westl. Eduard-Schmid-Str.", "hausnr": "36", "etage": null, "raumnummer": null, "oeffnungszeiten": null, "kategorie": "divers\/unisex und barrierefrei", "preis": null, "wickeln": 0, "standort_beschreibung": "Bild: http:\/\/geoi.bau.muenchen.de\/einrichtungen\/wc\/bild\/POS113.JPG", "zustand": "voll funktionsfähig", "einschraenkungen": null, "mail": "wasserbau-bauwerksunterhalt.bau@muenchen.de", "website": null, "telefon": null, "zustaendiges_referat": "BAU-J3", "erzeugt_bearbeitet": "03.11.2023 \/ 03.11.2023", "din_18040_1": 0, "toilette_fuer_alle": 0, "eignung_blindenhunde": 0, "eingangstuer_typ": null, "eingangstuer_glasmarkierung": 0, "eingangstuer_klingel_taster": 0, "eingangstuer_leichte_fuehrung": 0, "eingangstuer_radar_schluessel": 0, "eingangstuer_euro_schluessel": 0, "eingangstuer_wendekreis": null, "eingangstuer_breite": null, "rampe": null, "rampe_steigung": null, "treppe_vorhanden": 0, "treppe_antirutsch": 0, "treppe_blindenschrift": 0, "treppe_gelaender": 0, "treppe_kontrast_visuell": 0, "treppe_kontrast_taktil": 0, "treppe_stufenanzahl": null, "treppe_stufenhoehe": null, "rollstuhllift": 0, "eingangsbereich_beschreibung": null, "gebaeudeinneres_gangbreite": null, "gebaeudeinneres_induktionsschleifen": 0, "gebaeudeinneres_fuehrungsrillen": 0, "gebaeudeinneres_ruhig": 0, "gebaeudeinneres_beleuchtet": 0, "aufzug_vorhanden": 0, "aufzug_tuerbreite": null, "aufzug_tiefe": null, "aufzug_breite": null, "wctuer_typ": null, "wctuer_glasmarkierung": 0, "wctuer_klingel_taster": 0, "wctuer_leichte_fuehrung": 0, "wctuer_radar_schluessel": 0, "wctuer_euro_schluessel": 0, "wctuer_wendekreis": null, "wctuer_breite": null, "wctuer_bemerkung": null, "wc_badewanne": 0, "wc_dusche": 0, "wc_spiegel": 0, "wc_gelaender": 0, "wc_deckenlifter": 0, "wc_standlifter": 0, "wc_liege": 0, "wc_spiegelhoehe": null, "wc_handtuchspenderhoehe": null, "wc_seifenspender_hoehe": null, "wc_waschbecken_oberkante": null, "wc_waschbecken_hoehe_unterfahrbar": null, "wc_waschbecken_tiefe_unterfahrbar": null, "wc_buegel_rechts": 0, "wc_buegel_links": 0, "wc_buegel_distanz": null, "wc_buegelhoehe": null, "wc_sitzhoehe": null, "wc_platz_davor": null, "wc_platz_rechts": null, "wc_platz_links": null, "wc_spuelknopf_hinten": 0, "wc_spuelknopf_rechts": 0, "wc_spuelknopf_links": 0, "wc_spuelknopf_hoehe": null, "wc_position_notruf": null, "wc_hoehe_notruf": null, "wc_bermerkung": null, "foto": null }, "geometry": { "type": "Point", "coordinates": [ 11.57165123958077, 48.123664169466394 ] } },
{ "type": "Feature", "id": "wc_finder_opendata.44", "geometry_name": "shape", "properties": { "name": "Mobile Toilettenkabine \"westl. Eduard-Schmid-Str. 36\"", "stadt": "München", "plz": 80469, "strasse": "westl. Eduard-Schmid-Str.", "hausnr": "36", "etage": null, "raumnummer": null, "oeffnungszeiten": null, "kategorie": "divers\/unisex und barrierefrei", "preis": null, "wickeln": 0, "standort_beschreibung": "Bild: http:\/\/geoi.bau.muenchen.de\/einrichtungen\/wc\/bild\/POS113.JPG", "zustand": "voll funktionsfähig", "einschraenkungen": null, "mail": "wasserbau-bauwerksunterhalt.bau@muenchen.de", "website": null, "telefon": null, "zustaendiges_referat": "BAU-J3", "erzeugt_bearbeitet": "03.11.2023 \/ 03.11.2023", "din_18040_1": 0, "toilette_fuer_alle": 0, "eignung_blindenhunde": 0, "eingangstuer_typ": null, "eingangstuer_glasmarkierung": 0, "eingangstuer_klingel_taster": 0, "eingangstuer_leichte_fuehrung": 0, "eingangstuer_radar_schluessel": 0, "eingangstuer_euro_schluessel": 0, "eingangstuer_wendekreis": null, "eingangstuer_breite": null, "rampe": null, "rampe_steigung": null, "treppe_vorhanden": 0, "treppe_antirutsch": 0, "treppe_blindenschrift": 0, "treppe_gelaender": 0, "treppe_kontrast_visuell": 0, "treppe_kontrast_taktil": 0, "treppe_stufenanzahl": null, "treppe_stufenhoehe": null, "rollstuhllift": 0, "eingangsbereich_beschreibung": null, "gebaeudeinneres_gangbreite": null, "gebaeudeinneres_induktionsschleifen": 0, "gebaeudeinneres_fuehrungsrillen": 0, "gebaeudeinneres_ruhig": 0, "gebaeudeinneres_beleuchtet": 0, "aufzug_vorhanden": 0, "aufzug_tuerbreite": null, "aufzug_tiefe": null, "aufzug_breite": null, "wctuer_typ": null, "wctuer_glasmarkierung": 0, "wctuer_klingel_taster": 0, "wctuer_leichte_fuehrung": 0, "wctuer_radar_schluessel": 0, "wctuer_euro_schluessel": 0, "wctuer_wendekreis": null, "wctuer_breite": null, "wctuer_bemerkung": null, "wc_badewanne": 0, "wc_dusche": 0, "wc_spiegel": 0, "wc_gelaender": 0, "wc_deckenlifter": 0, "wc_standlifter": 0, "wc_liege": 0, "wc_spiegelhoehe": null, "wc_handtuchspenderhoehe": null, "wc_seifenspender_hoehe": null, "wc_waschbecken_oberkante": null, "wc_waschbecken_hoehe_unterfahrbar": null, "wc_waschbecken_tiefe_unterfahrbar": null, "wc_buegel_rechts": 0, "wc_buegel_links": 0, "wc_buegel_distanz": null, "wc_buegelhoehe": null, "wc_sitzhoehe": null, "wc_platz_davor": null, "wc_platz_rechts": null, "wc_platz_links": null, "wc_spuelknopf_hinten": 0, "wc_spuelknopf_rechts": 0, "wc_spuelknopf_links": 0, "wc_spuelknopf_hoehe": null, "wc_position_notruf": null, "wc_hoehe_notruf": null, "wc_bermerkung": null, "foto": null }, "geometry": { "type": "Point", "coordinates": [ 11.571683357363492, 48.123684281526295 ] } },
{ "type": "Feature", "id": "wc_finder_opendata.45", "geometry_name": "shape", "properties": { "name": "Mobile Toilettenkabine \"nördl. Wasserwachtstation\"", "stadt": "München", "plz": 81379, "strasse": "Marienklausenbrücke", "hausnr": "3", "etage": null, "raumnummer": null, "oeffnungszeiten": "nicht bei Hochwasser", "kategorie": "divers\/unisex", "preis": null, "wickeln": 0, "standort_beschreibung": "Bild: http:\/\/geoi.bau.muenchen.de\/einrichtungen\/wc\/bild\/pt_64_20220817.jpg", "zustand": "voll funktionsfähig", "einschraenkungen": null, "mail": "wasserbau-bauwerksunterhalt.bau@muenchen.de", "website": null, "telefon": null, "zustaendiges_referat": "BAU-J3", "erzeugt_bearbeitet": "28.03.2023 \/ 02.11.2023", "din_18040_1": null, "toilette_fuer_alle": null, "eignung_blindenhunde": null, "eingangstuer_typ": null, "eingangstuer_glasmarkierung": null, "eingangstuer_klingel_taster": null, "eingangstuer_leichte_fuehrung": null, "eingangstuer_radar_schluessel": null, "eingangstuer_euro_schluessel": null, "eingangstuer_wendekreis": null, "eingangstuer_breite": null, "rampe": null, "rampe_steigung": null, "treppe_vorhanden": null, "treppe_antirutsch": null, "treppe_blindenschrift": null, "treppe_gelaender": null, "treppe_kontrast_visuell": null, "treppe_kontrast_taktil": null, "treppe_stufenanzahl": null, "treppe_stufenhoehe": null, "rollstuhllift": null, "eingangsbereich_beschreibung": null, "gebaeudeinneres_gangbreite": null, "gebaeudeinneres_induktionsschleifen": null, "gebaeudeinneres_fuehrungsrillen": null, "gebaeudeinneres_ruhig": null, "gebaeudeinneres_beleuchtet": null, "aufzug_vorhanden": null, "aufzug_tuerbreite": null, "aufzug_tiefe": null, "aufzug_breite": null, "wctuer_typ": null, "wctuer_glasmarkierung": null, "wctuer_klingel_taster": null, "wctuer_leichte_fuehrung": null, "wctuer_radar_schluessel": null, "wctuer_euro_schluessel": null, "wctuer_wendekreis": null, "wctuer_breite": null, "wctuer_bemerkung": null, "wc_badewanne": null, "wc_dusche": null, "wc_spiegel": null, "wc_gelaender": null, "wc_deckenlifter": null, "wc_standlifter": null, "wc_liege": null, "wc_spiegelhoehe": null, "wc_handtuchspenderhoehe": null, "wc_seifenspender_hoehe": null, "wc_waschbecken_oberkante": null, "wc_waschbecken_hoehe_unterfahrbar": null, "wc_waschbecken_tiefe_unterfahrbar": null, "wc_buegel_rechts": null, "wc_buegel_links": null, "wc_buegel_distanz": null, "wc_buegelhoehe": null, "wc_sitzhoehe": null, "wc_platz_davor": null, "wc_platz_rechts": null, "wc_platz_links": null, "wc_spuelknopf_hinten": null, "wc_spuelknopf_rechts": null, "wc_spuelknopf_links": null, "wc_spuelknopf_hoehe": null, "wc_position_notruf": null, "wc_hoehe_notruf": null, "wc_bermerkung": null, "foto": null }, "geometry": { "type": "Point", "coordinates": [ 11.549122536923125, 48.09334217305539 ] } },
{ "type": "Feature", "id": "wc_finder_opendata.46", "geometry_name": "shape", "properties": { "name": "Mobile Toilettenkabine \"südl. Flauchersteg\"", "stadt": "München", "plz": 81543, "strasse": null, "hausnr": null, "etage": null, "raumnummer": null, "oeffnungszeiten": "nicht bei Hochwasser", "kategorie": "divers\/unisex", "preis": null, "wickeln": 0, "standort_beschreibung": "Bild: http:\/\/geoi.bau.muenchen.de\/einrichtungen\/wc\/bild\/pt_76_20220817.jpg", "zustand": "voll funktionsfähig", "einschraenkungen": null, "mail": "wasserbau-bauwerksunterhalt.bau@muenchen.de", "website": null, "telefon": null, "zustaendiges_referat": "BAU-J3", "erzeugt_bearbeitet": "02.11.2023 \/ 02.11.2023", "din_18040_1": null, "toilette_fuer_alle": null, "eignung_blindenhunde": null, "eingangstuer_typ": null, "eingangstuer_glasmarkierung": null, "eingangstuer_klingel_taster": null, "eingangstuer_leichte_fuehrung": null, "eingangstuer_radar_schluessel": null, "eingangstuer_euro_schluessel": null, "eingangstuer_wendekreis": null, "eingangstuer_breite": null, "rampe": null, "rampe_steigung": null, "treppe_vorhanden": null, "treppe_antirutsch": null, "treppe_blindenschrift": null, "treppe_gelaender": null, "treppe_kontrast_visuell": null, "treppe_kontrast_taktil": null, "treppe_stufenanzahl": null, "treppe_stufenhoehe": null, "rollstuhllift": null, "eingangsbereich_beschreibung": null, "gebaeudeinneres_gangbreite": null, "gebaeudeinneres_induktionsschleifen": null, "gebaeudeinneres_fuehrungsrillen": null, "gebaeudeinneres_ruhig": null, "gebaeudeinneres_beleuchtet": null, "aufzug_vorhanden": null, "aufzug_tuerbreite": null, "aufzug_tiefe": null, "aufzug_breite": null, "wctuer_typ": null, "wctuer_glasmarkierung": null, "wctuer_klingel_taster": null, "wctuer_leichte_fuehrung": null, "wctuer_radar_schluessel": null, "wctuer_euro_schluessel": null, "wctuer_wendekreis": null, "wctuer_breite": null, "wctuer_bemerkung": null, "wc_badewanne": null, "wc_dusche": null, "wc_spiegel": null, "wc_gelaender": null, "wc_deckenlifter": null, "wc_standlifter": null, "wc_liege": null, "wc_spiegelhoehe": null, "wc_handtuchspenderhoehe": null, "wc_seifenspender_hoehe": null, "wc_waschbecken_oberkante": null, "wc_waschbecken_hoehe_unterfahrbar": null, "wc_waschbecken_tiefe_unterfahrbar": null, "wc_buegel_rechts": null, "wc_buegel_links": null, "wc_buegel_distanz": null, "wc_buegelhoehe": null, "wc_sitzhoehe": null, "wc_platz_davor": null, "wc_platz_rechts": null, "wc_platz_links": null, "wc_spuelknopf_hinten": null, "wc_spuelknopf_rechts": null, "wc_spuelknopf_links": null, "wc_spuelknopf_hoehe": null, "wc_position_notruf": null, "wc_hoehe_notruf": null, "wc_bermerkung": null, "foto": null }, "geometry": { "type": "Point", "coordinates": [ 11.552204565056321, 48.10246482977108 ] } },
{ "type": "Feature", "id": "wc_finder_opendata.47", "geometry_name": "shape", "properties": { "name": "Mobile Toilettenkabine \"südl. Flauchersteg\"", "stadt": "München", "plz": 81543, "strasse": null, "hausnr": null, "etage": null, "raumnummer": null, "oeffnungszeiten": "nicht bei Hochwasser", "kategorie": "divers\/unisex", "preis": null, "wickeln": 0, "standort_beschreibung": "Bild: http:\/\/geoi.bau.muenchen.de\/einrichtungen\/wc\/bild\/pt_76_20220817.jpg", "zustand": "voll funktionsfähig", "einschraenkungen": null, "mail": "wasserbau-bauwerksunterhalt.bau@muenchen.de", "website": null, "telefon": null, "zustaendiges_referat": "BAU-J3", "erzeugt_bearbeitet": "02.11.2023 \/ 02.11.2023", "din_18040_1": null, "toilette_fuer_alle": null, "eignung_blindenhunde": null, "eingangstuer_typ": null, "eingangstuer_glasmarkierung": null, "eingangstuer_klingel_taster": null, "eingangstuer_leichte_fuehrung": null, "eingangstuer_radar_schluessel": null, "eingangstuer_euro_schluessel": null, "eingangstuer_wendekreis": null, "eingangstuer_breite": null, "rampe": null, "rampe_steigung": null, "treppe_vorhanden": null, "treppe_antirutsch": null, "treppe_blindenschrift": null, "treppe_gelaender": null, "treppe_kontrast_visuell": null, "treppe_kontrast_taktil": null, "treppe_stufenanzahl": null, "treppe_stufenhoehe": null, "rollstuhllift": null, "eingangsbereich_beschreibung": null, "gebaeudeinneres_gangbreite": null, "gebaeudeinneres_induktionsschleifen": null, "gebaeudeinneres_fuehrungsrillen": null, "gebaeudeinneres_ruhig": null, "gebaeudeinneres_beleuchtet": null, "aufzug_vorhanden": null, "aufzug_tuerbreite": null, "aufzug_tiefe": null, "aufzug_breite": null, "wctuer_typ": null, "wctuer_glasmarkierung": null, "wctuer_klingel_taster": null, "wctuer_leichte_fuehrung": null, "wctuer_radar_schluessel": null, "wctuer_euro_schluessel": null, "wctuer_wendekreis": null, "wctuer_breite": null, "wctuer_bemerkung": null, "wc_badewanne": null, "wc_dusche": null, "wc_spiegel": null, "wc_gelaender": null, "wc_deckenlifter": null, "wc_standlifter": null, "wc_liege": null, "wc_spiegelhoehe": null, "wc_handtuchspenderhoehe": null, "wc_seifenspender_hoehe": null, "wc_waschbecken_oberkante": null, "wc_waschbecken_hoehe_unterfahrbar": null, "wc_waschbecken_tiefe_unterfahrbar": null, "wc_buegel_rechts": null, "wc_buegel_links": null, "wc_buegel_distanz": null, "wc_buegelhoehe": null, "wc_sitzhoehe": null, "wc_platz_davor": null, "wc_platz_rechts": null, "wc_platz_links": null, "wc_spuelknopf_hinten": null, "wc_spuelknopf_rechts": null, "wc_spuelknopf_links": null, "wc_spuelknopf_hoehe": null, "wc_position_notruf": null, "wc_hoehe_notruf": null, "wc_bermerkung": null, "foto": null }, "geometry": { "type": "Point", "coordinates": [ 11.552216533282744, 48.102480291376018 ] } },
{ "type": "Feature", "id": "wc_finder_opendata.48", "geometry_name": "shape", "properties": { "name": "Mobile Toilettenkabine \"südl. Flauchersteg\"", "stadt": "München", "plz": 81543, "strasse": null, "hausnr": null, "etage": null, "raumnummer": null, "oeffnungszeiten": "nicht bei Hochwasser", "kategorie": "divers\/unisex", "preis": null, "wickeln": 0, "standort_beschreibung": "Bild: http:\/\/geoi.bau.muenchen.de\/einrichtungen\/wc\/bild\/pt_76_20220817.jpg", "zustand": "voll funktionsfähig", "einschraenkungen": null, "mail": "wasserbau-bauwerksunterhalt.bau@muenchen.de", "website": null, "telefon": null, "zustaendiges_referat": "BAU-J3", "erzeugt_bearbeitet": "02.11.2023 \/ 02.11.2023", "din_18040_1": null, "toilette_fuer_alle": null, "eignung_blindenhunde": null, "eingangstuer_typ": null, "eingangstuer_glasmarkierung": null, "eingangstuer_klingel_taster": null, "eingangstuer_leichte_fuehrung": null, "eingangstuer_radar_schluessel": null, "eingangstuer_euro_schluessel": null, "eingangstuer_wendekreis": null, "eingangstuer_breite": null, "rampe": null, "rampe_steigung": null, "treppe_vorhanden": null, "treppe_antirutsch": null, "treppe_blindenschrift": null, "treppe_gelaender": null, "treppe_kontrast_visuell": null, "treppe_kontrast_taktil": null, "treppe_stufenanzahl": null, "treppe_stufenhoehe": null, "rollstuhllift": null, "eingangsbereich_beschreibung": null, "gebaeudeinneres_gangbreite": null, "gebaeudeinneres_induktionsschleifen": null, "gebaeudeinneres_fuehrungsrillen": null, "gebaeudeinneres_ruhig": null, "gebaeudeinneres_beleuchtet": null, "aufzug_vorhanden": null, "aufzug_tuerbreite": null, "aufzug_tiefe": null, "aufzug_breite": null, "wctuer_typ": null, "wctuer_glasmarkierung": null, "wctuer_klingel_taster": null, "wctuer_leichte_fuehrung": null, "wctuer_radar_schluessel": null, "wctuer_euro_schluessel": null, "wctuer_wendekreis": null, "wctuer_breite": null, "wctuer_bemerkung": null, "wc_badewanne": null, "wc_dusche": null, "wc_spiegel": null, "wc_gelaender": null, "wc_deckenlifter": null, "wc_standlifter": null, "wc_liege": null, "wc_spiegelhoehe": null, "wc_handtuchspenderhoehe": null, "wc_seifenspender_hoehe": null, "wc_waschbecken_oberkante": null, "wc_waschbecken_hoehe_unterfahrbar": null, "wc_waschbecken_tiefe_unterfahrbar": null, "wc_buegel_rechts": null, "wc_buegel_links": null, "wc_buegel_distanz": null, "wc_buegelhoehe": null, "wc_sitzhoehe": null, "wc_platz_davor": null, "wc_platz_rechts": null, "wc_platz_links": null, "wc_spuelknopf_hinten": null, "wc_spuelknopf_rechts": null, "wc_spuelknopf_links": null, "wc_spuelknopf_hoehe": null, "wc_position_notruf": null, "wc_hoehe_notruf": null, "wc_bermerkung": null, "foto": null }, "geometry": { "type": "Point", "coordinates": [ 11.552234591920621, 48.102453925473633 ] } },
{ "type": "Feature", "id": "wc_finder_opendata.49", "geometry_name": "shape", "properties": { "name": "Mobile Toilettenkabine \"nördl. Großhesseloher Brücke\"", "stadt": "München", "plz": 81479, "strasse": null, "hausnr": null, "etage": null, "raumnummer": null, "oeffnungszeiten": null, "kategorie": "divers\/unisex", "preis": null, "wickeln": 0, "standort_beschreibung": "", "zustand": "voll funktionsfähig", "einschraenkungen": null, "mail": "wasserbau-bauwerksunterhalt.bau@muenchen.de", "website": null, "telefon": null, "zustaendiges_referat": "BAU-J3", "erzeugt_bearbeitet": "02.11.2023 \/ 02.11.2023", "din_18040_1": null, "toilette_fuer_alle": null, "eignung_blindenhunde": null, "eingangstuer_typ": null, "eingangstuer_glasmarkierung": null, "eingangstuer_klingel_taster": null, "eingangstuer_leichte_fuehrung": null, "eingangstuer_radar_schluessel": null, "eingangstuer_euro_schluessel": null, "eingangstuer_wendekreis": null, "eingangstuer_breite": null, "rampe": null, "rampe_steigung": null, "treppe_vorhanden": null, "treppe_antirutsch": null, "treppe_blindenschrift": null, "treppe_gelaender": null, "treppe_kontrast_visuell": null, "treppe_kontrast_taktil": null, "treppe_stufenanzahl": null, "treppe_stufenhoehe": null, "rollstuhllift": null, "eingangsbereich_beschreibung": null, "gebaeudeinneres_gangbreite": null, "gebaeudeinneres_induktionsschleifen": null, "gebaeudeinneres_fuehrungsrillen": null, "gebaeudeinneres_ruhig": null, "gebaeudeinneres_beleuchtet": null, "aufzug_vorhanden": null, "aufzug_tuerbreite": null, "aufzug_tiefe": null, "aufzug_breite": null, "wctuer_typ": null, "wctuer_glasmarkierung": null, "wctuer_klingel_taster": null, "wctuer_leichte_fuehrung": null, "wctuer_radar_schluessel": null, "wctuer_euro_schluessel": null, "wctuer_wendekreis": null, "wctuer_breite": null, "wctuer_bemerkung": null, "wc_badewanne": null, "wc_dusche": null, "wc_spiegel": null, "wc_gelaender": null, "wc_deckenlifter": null, "wc_standlifter": null, "wc_liege": null, "wc_spiegelhoehe": null, "wc_handtuchspenderhoehe": null, "wc_seifenspender_hoehe": null, "wc_waschbecken_oberkante": null, "wc_waschbecken_hoehe_unterfahrbar": null, "wc_waschbecken_tiefe_unterfahrbar": null, "wc_buegel_rechts": null, "wc_buegel_links": null, "wc_buegel_distanz": null, "wc_buegelhoehe": null, "wc_sitzhoehe": null, "wc_platz_davor": null, "wc_platz_rechts": null, "wc_platz_links": null, "wc_spuelknopf_hinten": null, "wc_spuelknopf_rechts": null, "wc_spuelknopf_links": null, "wc_spuelknopf_hoehe": null, "wc_position_notruf": null, "wc_hoehe_notruf": null, "wc_bermerkung": null, "foto": null }, "geometry": { "type": "Point", "coordinates": [ 11.539747376521628, 48.077955045300151 ] } },
{ "type": "Feature", "id": "wc_finder_opendata.50", "geometry_name": "shape", "properties": { "name": "Mobile Toilettenkabine \"nördl. Wittelsbacherbrücke\"", "stadt": "München", "plz": 80469, "strasse": null, "hausnr": null, "etage": null, "raumnummer": null, "oeffnungszeiten": "nicht bei Hochwasser", "kategorie": "divers\/unisex", "preis": null, "wickeln": 0, "standort_beschreibung": "Bild: http:\/\/geoi.bau.muenchen.de\/einrichtungen\/wc\/bild\/pt_148_20220817.jpg", "zustand": "voll funktionsfähig", "einschraenkungen": null, "mail": "wasserbau-bauwerksunterhalt.bau@muenchen.de", "website": null, "telefon": null, "zustaendiges_referat": "BAU-J3", "erzeugt_bearbeitet": "02.11.2023 \/ 02.11.2023", "din_18040_1": null, "toilette_fuer_alle": null, "eignung_blindenhunde": null, "eingangstuer_typ": null, "eingangstuer_glasmarkierung": null, "eingangstuer_klingel_taster": null, "eingangstuer_leichte_fuehrung": null, "eingangstuer_radar_schluessel": null, "eingangstuer_euro_schluessel": null, "eingangstuer_wendekreis": null, "eingangstuer_breite": null, "rampe": null, "rampe_steigung": null, "treppe_vorhanden": null, "treppe_antirutsch": null, "treppe_blindenschrift": null, "treppe_gelaender": null, "treppe_kontrast_visuell": null, "treppe_kontrast_taktil": null, "treppe_stufenanzahl": null, "treppe_stufenhoehe": null, "rollstuhllift": null, "eingangsbereich_beschreibung": null, "gebaeudeinneres_gangbreite": null, "gebaeudeinneres_induktionsschleifen": null, "gebaeudeinneres_fuehrungsrillen": null, "gebaeudeinneres_ruhig": null, "gebaeudeinneres_beleuchtet": null, "aufzug_vorhanden": null, "aufzug_tuerbreite": null, "aufzug_tiefe": null, "aufzug_breite": null, "wctuer_typ": null, "wctuer_glasmarkierung": null, "wctuer_klingel_taster": null, "wctuer_leichte_fuehrung": null, "wctuer_radar_schluessel": null, "wctuer_euro_schluessel": null, "wctuer_wendekreis": null, "wctuer_breite": null, "wctuer_bemerkung": null, "wc_badewanne": null, "wc_dusche": null, "wc_spiegel": null, "wc_gelaender": null, "wc_deckenlifter": null, "wc_standlifter": null, "wc_liege": null, "wc_spiegelhoehe": null, "wc_handtuchspenderhoehe": null, "wc_seifenspender_hoehe": null, "wc_waschbecken_oberkante": null, "wc_waschbecken_hoehe_unterfahrbar": null, "wc_waschbecken_tiefe_unterfahrbar": null, "wc_buegel_rechts": null, "wc_buegel_links": null, "wc_buegel_distanz": null, "wc_buegelhoehe": null, "wc_sitzhoehe": null, "wc_platz_davor": null, "wc_platz_rechts": null, "wc_platz_links": null, "wc_spuelknopf_hinten": null, "wc_spuelknopf_rechts": null, "wc_spuelknopf_links": null, "wc_spuelknopf_hoehe": null, "wc_position_notruf": null, "wc_hoehe_notruf": null, "wc_bermerkung": null, "foto": null }, "geometry": { "type": "Point", "coordinates": [ 11.568781513265366, 48.122231977703933 ] } },
{ "type": "Feature", "id": "wc_finder_opendata.51", "geometry_name": "shape", "properties": { "name": "Mobile Toilettenkabine \"südöstl. Conwentzbrücke\"", "stadt": "München", "plz": 81479, "strasse": null, "hausnr": null, "etage": null, "raumnummer": null, "oeffnungszeiten": null, "kategorie": "divers\/unisex", "preis": null, "wickeln": 0, "standort_beschreibung": "", "zustand": "voll funktionsfähig", "einschraenkungen": null, "mail": "wasserbau-bauwerksunterhalt.bau@muenchen.de", "website": null, "telefon": null, "zustaendiges_referat": "BAU-J3", "erzeugt_bearbeitet": "02.11.2023 \/ 02.11.2023", "din_18040_1": null, "toilette_fuer_alle": null, "eignung_blindenhunde": null, "eingangstuer_typ": null, "eingangstuer_glasmarkierung": null, "eingangstuer_klingel_taster": null, "eingangstuer_leichte_fuehrung": null, "eingangstuer_radar_schluessel": null, "eingangstuer_euro_schluessel": null, "eingangstuer_wendekreis": null, "eingangstuer_breite": null, "rampe": null, "rampe_steigung": null, "treppe_vorhanden": null, "treppe_antirutsch": null, "treppe_blindenschrift": null, "treppe_gelaender": null, "treppe_kontrast_visuell": null, "treppe_kontrast_taktil": null, "treppe_stufenanzahl": null, "treppe_stufenhoehe": null, "rollstuhllift": null, "eingangsbereich_beschreibung": null, "gebaeudeinneres_gangbreite": null, "gebaeudeinneres_induktionsschleifen": null, "gebaeudeinneres_fuehrungsrillen": null, "gebaeudeinneres_ruhig": null, "gebaeudeinneres_beleuchtet": null, "aufzug_vorhanden": null, "aufzug_tuerbreite": null, "aufzug_tiefe": null, "aufzug_breite": null, "wctuer_typ": null, "wctuer_glasmarkierung": null, "wctuer_klingel_taster": null, "wctuer_leichte_fuehrung": null, "wctuer_radar_schluessel": null, "wctuer_euro_schluessel": null, "wctuer_wendekreis": null, "wctuer_breite": null, "wctuer_bemerkung": null, "wc_badewanne": null, "wc_dusche": null, "wc_spiegel": null, "wc_gelaender": null, "wc_deckenlifter": null, "wc_standlifter": null, "wc_liege": null, "wc_spiegelhoehe": null, "wc_handtuchspenderhoehe": null, "wc_seifenspender_hoehe": null, "wc_waschbecken_oberkante": null, "wc_waschbecken_hoehe_unterfahrbar": null, "wc_waschbecken_tiefe_unterfahrbar": null, "wc_buegel_rechts": null, "wc_buegel_links": null, "wc_buegel_distanz": null, "wc_buegelhoehe": null, "wc_sitzhoehe": null, "wc_platz_davor": null, "wc_platz_rechts": null, "wc_platz_links": null, "wc_spuelknopf_hinten": null, "wc_spuelknopf_rechts": null, "wc_spuelknopf_links": null, "wc_spuelknopf_hoehe": null, "wc_position_notruf": null, "wc_hoehe_notruf": null, "wc_bermerkung": null, "foto": null }, "geometry": { "type": "Point", "coordinates": [ 11.540966837867931, 48.081113362081801 ] } },
{ "type": "Feature", "id": "wc_finder_opendata.52", "geometry_name": "shape", "properties": { "name": "Mobile Toilettenkabine \"südl. Reichenbachbrücke\/ Boosstraße\"", "stadt": "München", "plz": 80469, "strasse": null, "hausnr": null, "etage": null, "raumnummer": null, "oeffnungszeiten": "nicht bei Hochwasser", "kategorie": "divers\/unisex", "preis": null, "wickeln": 0, "standort_beschreibung": null, "zustand": "voll funktionsfähig", "einschraenkungen": null, "mail": "wasserbau-bauwerksunterhalt.bau@muenchen.de", "website": null, "telefon": null, "zustaendiges_referat": "BAU-J3", "erzeugt_bearbeitet": "02.11.2023 \/ 02.11.2023", "din_18040_1": null, "toilette_fuer_alle": null, "eignung_blindenhunde": null, "eingangstuer_typ": null, "eingangstuer_glasmarkierung": null, "eingangstuer_klingel_taster": null, "eingangstuer_leichte_fuehrung": null, "eingangstuer_radar_schluessel": null, "eingangstuer_euro_schluessel": null, "eingangstuer_wendekreis": null, "eingangstuer_breite": null, "rampe": null, "rampe_steigung": null, "treppe_vorhanden": null, "treppe_antirutsch": null, "treppe_blindenschrift": null, "treppe_gelaender": null, "treppe_kontrast_visuell": null, "treppe_kontrast_taktil": null, "treppe_stufenanzahl": null, "treppe_stufenhoehe": null, "rollstuhllift": null, "eingangsbereich_beschreibung": null, "gebaeudeinneres_gangbreite": null, "gebaeudeinneres_induktionsschleifen": null, "gebaeudeinneres_fuehrungsrillen": null, "gebaeudeinneres_ruhig": null, "gebaeudeinneres_beleuchtet": null, "aufzug_vorhanden": null, "aufzug_tuerbreite": null, "aufzug_tiefe": null, "aufzug_breite": null, "wctuer_typ": null, "wctuer_glasmarkierung": null, "wctuer_klingel_taster": null, "wctuer_leichte_fuehrung": null, "wctuer_radar_schluessel": null, "wctuer_euro_schluessel": null, "wctuer_wendekreis": null, "wctuer_breite": null, "wctuer_bemerkung": null, "wc_badewanne": null, "wc_dusche": null, "wc_spiegel": null, "wc_gelaender": null, "wc_deckenlifter": null, "wc_standlifter": null, "wc_liege": null, "wc_spiegelhoehe": null, "wc_handtuchspenderhoehe": null, "wc_seifenspender_hoehe": null, "wc_waschbecken_oberkante": null, "wc_waschbecken_hoehe_unterfahrbar": null, "wc_waschbecken_tiefe_unterfahrbar": null, "wc_buegel_rechts": null, "wc_buegel_links": null, "wc_buegel_distanz": null, "wc_buegelhoehe": null, "wc_sitzhoehe": null, "wc_platz_davor": null, "wc_platz_rechts": null, "wc_platz_links": null, "wc_spuelknopf_hinten": null, "wc_spuelknopf_rechts": null, "wc_spuelknopf_links": null, "wc_spuelknopf_hoehe": null, "wc_position_notruf": null, "wc_hoehe_notruf": null, "wc_bermerkung": null, "foto": null }, "geometry": { "type": "Point", "coordinates": [ 11.576088559160539, 48.125985551826453 ] } },
{ "type": "Feature", "id": "wc_finder_opendata.53", "geometry_name": "shape", "properties": { "name": "Mobile Toilettenkabine \"nördl. Wittelsbacherbrücke\"", "stadt": "München", "plz": 80469, "strasse": null, "hausnr": null, "etage": null, "raumnummer": null, "oeffnungszeiten": "nicht bei Hochwasser", "kategorie": "divers\/unisex", "preis": null, "wickeln": 0, "standort_beschreibung": "Bild: http:\/\/geoi.bau.muenchen.de\/einrichtungen\/wc\/bild\/pt_148_20220817.jpg", "zustand": "voll funktionsfähig", "einschraenkungen": null, "mail": "wasserbau-bauwerksunterhalt.bau@muenchen.de", "website": null, "telefon": null, "zustaendiges_referat": "BAU-J3", "erzeugt_bearbeitet": "02.11.2023 \/ 02.11.2023", "din_18040_1": null, "toilette_fuer_alle": null, "eignung_blindenhunde": null, "eingangstuer_typ": null, "eingangstuer_glasmarkierung": null, "eingangstuer_klingel_taster": null, "eingangstuer_leichte_fuehrung": null, "eingangstuer_radar_schluessel": null, "eingangstuer_euro_schluessel": null, "eingangstuer_wendekreis": null, "eingangstuer_breite": null, "rampe": null, "rampe_steigung": null, "treppe_vorhanden": null, "treppe_antirutsch": null, "treppe_blindenschrift": null, "treppe_gelaender": null, "treppe_kontrast_visuell": null, "treppe_kontrast_taktil": null, "treppe_stufenanzahl": null, "treppe_stufenhoehe": null, "rollstuhllift": null, "eingangsbereich_beschreibung": null, "gebaeudeinneres_gangbreite": null, "gebaeudeinneres_induktionsschleifen": null, "gebaeudeinneres_fuehrungsrillen": null, "gebaeudeinneres_ruhig": null, "gebaeudeinneres_beleuchtet": null, "aufzug_vorhanden": null, "aufzug_tuerbreite": null, "aufzug_tiefe": null, "aufzug_breite": null, "wctuer_typ": null, "wctuer_glasmarkierung": null, "wctuer_klingel_taster": null, "wctuer_leichte_fuehrung": null, "wctuer_radar_schluessel": null, "wctuer_euro_schluessel": null, "wctuer_wendekreis": null, "wctuer_breite": null, "wctuer_bemerkung": null, "wc_badewanne": null, "wc_dusche": null, "wc_spiegel": null, "wc_gelaender": null, "wc_deckenlifter": null, "wc_standlifter": null, "wc_liege": null, "wc_spiegelhoehe": null, "wc_handtuchspenderhoehe": null, "wc_seifenspender_hoehe": null, "wc_waschbecken_oberkante": null, "wc_waschbecken_hoehe_unterfahrbar": null, "wc_waschbecken_tiefe_unterfahrbar": null, "wc_buegel_rechts": null, "wc_buegel_links": null, "wc_buegel_distanz": null, "wc_buegelhoehe": null, "wc_sitzhoehe": null, "wc_platz_davor": null, "wc_platz_rechts": null, "wc_platz_links": null, "wc_spuelknopf_hinten": null, "wc_spuelknopf_rechts": null, "wc_spuelknopf_links": null, "wc_spuelknopf_hoehe": null, "wc_position_notruf": null, "wc_hoehe_notruf": null, "wc_bermerkung": null, "foto": null }, "geometry": { "type": "Point", "coordinates": [ 11.568769923577175, 48.122241997915459 ] } },
{ "type": "Feature", "id": "wc_finder_opendata.54", "geometry_name": "shape", "properties": { "name": "Mobile Toilettenkabine \"Praterinsel 6\"", "stadt": "München", "plz": 80538, "strasse": "Praterinsel", "hausnr": "6", "etage": null, "raumnummer": null, "oeffnungszeiten": null, "kategorie": "divers\/unisex", "preis": null, "wickeln": 0, "standort_beschreibung": "Bild: http:\/\/geoi.bau.muenchen.de\/einrichtungen\/wc\/bild\/POS119.JPG", "zustand": "voll funktionsfähig", "einschraenkungen": null, "mail": "wasserbau-bauwerksunterhalt.bau@muenchen.de", "website": null, "telefon": null, "zustaendiges_referat": "BAU-J3", "erzeugt_bearbeitet": "28.03.2023 \/ 02.11.2023", "din_18040_1": null, "toilette_fuer_alle": null, "eignung_blindenhunde": null, "eingangstuer_typ": null, "eingangstuer_glasmarkierung": null, "eingangstuer_klingel_taster": null, "eingangstuer_leichte_fuehrung": null, "eingangstuer_radar_schluessel": null, "eingangstuer_euro_schluessel": null, "eingangstuer_wendekreis": null, "eingangstuer_breite": null, "rampe": null, "rampe_steigung": null, "treppe_vorhanden": null, "treppe_antirutsch": null, "treppe_blindenschrift": null, "treppe_gelaender": null, "treppe_kontrast_visuell": null, "treppe_kontrast_taktil": null, "treppe_stufenanzahl": null, "treppe_stufenhoehe": null, "rollstuhllift": null, "eingangsbereich_beschreibung": null, "gebaeudeinneres_gangbreite": null, "gebaeudeinneres_induktionsschleifen": null, "gebaeudeinneres_fuehrungsrillen": null, "gebaeudeinneres_ruhig": null, "gebaeudeinneres_beleuchtet": null, "aufzug_vorhanden": null, "aufzug_tuerbreite": null, "aufzug_tiefe": null, "aufzug_breite": null, "wctuer_typ": null, "wctuer_glasmarkierung": null, "wctuer_klingel_taster": null, "wctuer_leichte_fuehrung": null, "wctuer_radar_schluessel": null, "wctuer_euro_schluessel": null, "wctuer_wendekreis": null, "wctuer_breite": null, "wctuer_bemerkung": null, "wc_badewanne": null, "wc_dusche": null, "wc_spiegel": null, "wc_gelaender": null, "wc_deckenlifter": null, "wc_standlifter": null, "wc_liege": null, "wc_spiegelhoehe": null, "wc_handtuchspenderhoehe": null, "wc_seifenspender_hoehe": null, "wc_waschbecken_oberkante": null, "wc_waschbecken_hoehe_unterfahrbar": null, "wc_waschbecken_tiefe_unterfahrbar": null, "wc_buegel_rechts": null, "wc_buegel_links": null, "wc_buegel_distanz": null, "wc_buegelhoehe": null, "wc_sitzhoehe": null, "wc_platz_davor": null, "wc_platz_rechts": null, "wc_platz_links": null, "wc_spuelknopf_hinten": null, "wc_spuelknopf_rechts": null, "wc_spuelknopf_links": null, "wc_spuelknopf_hoehe": null, "wc_position_notruf": null, "wc_hoehe_notruf": null, "wc_bermerkung": null, "foto": null }, "geometry": { "type": "Point", "coordinates": [ 11.588685640369455, 48.1348641670088 ] } },
{ "type": "Feature", "id": "wc_finder_opendata.55", "geometry_name": "shape", "properties": { "name": "Mobile Toilettenkabine \"nördl. Flauchersteg\"", "stadt": "München", "plz": 81379, "strasse": null, "hausnr": null, "etage": null, "raumnummer": null, "oeffnungszeiten": null, "kategorie": "divers\/unisex", "preis": null, "wickeln": 0, "standort_beschreibung": "Bild: http:\/\/geoi.bau.muenchen.de\/einrichtungen\/wc\/bild\/POS122.JPG", "zustand": "voll funktionsfähig", "einschraenkungen": null, "mail": "wasserbau-bauwerksunterhalt.bau@muenchen.de", "website": null, "telefon": null, "zustaendiges_referat": "BAU-J3", "erzeugt_bearbeitet": "02.11.2023 \/ 02.11.2023", "din_18040_1": null, "toilette_fuer_alle": null, "eignung_blindenhunde": null, "eingangstuer_typ": null, "eingangstuer_glasmarkierung": null, "eingangstuer_klingel_taster": null, "eingangstuer_leichte_fuehrung": null, "eingangstuer_radar_schluessel": null, "eingangstuer_euro_schluessel": null, "eingangstuer_wendekreis": null, "eingangstuer_breite": null, "rampe": null, "rampe_steigung": null, "treppe_vorhanden": null, "treppe_antirutsch": null, "treppe_blindenschrift": null, "treppe_gelaender": null, "treppe_kontrast_visuell": null, "treppe_kontrast_taktil": null, "treppe_stufenanzahl": null, "treppe_stufenhoehe": null, "rollstuhllift": null, "eingangsbereich_beschreibung": null, "gebaeudeinneres_gangbreite": null, "gebaeudeinneres_induktionsschleifen": null, "gebaeudeinneres_fuehrungsrillen": null, "gebaeudeinneres_ruhig": null, "gebaeudeinneres_beleuchtet": null, "aufzug_vorhanden": null, "aufzug_tuerbreite": null, "aufzug_tiefe": null, "aufzug_breite": null, "wctuer_typ": null, "wctuer_glasmarkierung": null, "wctuer_klingel_taster": null, "wctuer_leichte_fuehrung": null, "wctuer_radar_schluessel": null, "wctuer_euro_schluessel": null, "wctuer_wendekreis": null, "wctuer_breite": null, "wctuer_bemerkung": null, "wc_badewanne": null, "wc_dusche": null, "wc_spiegel": null, "wc_gelaender": null, "wc_deckenlifter": null, "wc_standlifter": null, "wc_liege": null, "wc_spiegelhoehe": null, "wc_handtuchspenderhoehe": null, "wc_seifenspender_hoehe": null, "wc_waschbecken_oberkante": null, "wc_waschbecken_hoehe_unterfahrbar": null, "wc_waschbecken_tiefe_unterfahrbar": null, "wc_buegel_rechts": null, "wc_buegel_links": null, "wc_buegel_distanz": null, "wc_buegelhoehe": null, "wc_sitzhoehe": null, "wc_platz_davor": null, "wc_platz_rechts": null, "wc_platz_links": null, "wc_spuelknopf_hinten": null, "wc_spuelknopf_rechts": null, "wc_spuelknopf_links": null, "wc_spuelknopf_hoehe": null, "wc_position_notruf": null, "wc_hoehe_notruf": null, "wc_bermerkung": null, "foto": null }, "geometry": { "type": "Point", "coordinates": [ 11.552593665806182, 48.10688932187697 ] } },
{ "type": "Feature", "id": "wc_finder_opendata.56", "geometry_name": "shape", "properties": { "name": "Mobile Toilettenkabine \"südl. Reichenbachbrücke\/ Boosstraße\"", "stadt": "München", "plz": 80469, "strasse": null, "hausnr": null, "etage": null, "raumnummer": null, "oeffnungszeiten": "nicht bei Hochwasser", "kategorie": "divers\/unisex", "preis": null, "wickeln": 0, "standort_beschreibung": null, "zustand": "voll funktionsfähig", "einschraenkungen": null, "mail": "wasserbau-bauwerksunterhalt.bau@muenchen.de", "website": null, "telefon": null, "zustaendiges_referat": "BAU-J3", "erzeugt_bearbeitet": "02.11.2023 \/ 02.11.2023", "din_18040_1": null, "toilette_fuer_alle": null, "eignung_blindenhunde": null, "eingangstuer_typ": null, "eingangstuer_glasmarkierung": null, "eingangstuer_klingel_taster": null, "eingangstuer_leichte_fuehrung": null, "eingangstuer_radar_schluessel": null, "eingangstuer_euro_schluessel": null, "eingangstuer_wendekreis": null, "eingangstuer_breite": null, "rampe": null, "rampe_steigung": null, "treppe_vorhanden": null, "treppe_antirutsch": null, "treppe_blindenschrift": null, "treppe_gelaender": null, "treppe_kontrast_visuell": null, "treppe_kontrast_taktil": null, "treppe_stufenanzahl": null, "treppe_stufenhoehe": null, "rollstuhllift": null, "eingangsbereich_beschreibung": null, "gebaeudeinneres_gangbreite": null, "gebaeudeinneres_induktionsschleifen": null, "gebaeudeinneres_fuehrungsrillen": null, "gebaeudeinneres_ruhig": null, "gebaeudeinneres_beleuchtet": null, "aufzug_vorhanden": null, "aufzug_tuerbreite": null, "aufzug_tiefe": null, "aufzug_breite": null, "wctuer_typ": null, "wctuer_glasmarkierung": null, "wctuer_klingel_taster": null, "wctuer_leichte_fuehrung": null, "wctuer_radar_schluessel": null, "wctuer_euro_schluessel": null, "wctuer_wendekreis": null, "wctuer_breite": null, "wctuer_bemerkung": null, "wc_badewanne": null, "wc_dusche": null, "wc_spiegel": null, "wc_gelaender": null, "wc_deckenlifter": null, "wc_standlifter": null, "wc_liege": null, "wc_spiegelhoehe": null, "wc_handtuchspenderhoehe": null, "wc_seifenspender_hoehe": null, "wc_waschbecken_oberkante": null, "wc_waschbecken_hoehe_unterfahrbar": null, "wc_waschbecken_tiefe_unterfahrbar": null, "wc_buegel_rechts": null, "wc_buegel_links": null, "wc_buegel_distanz": null, "wc_buegelhoehe": null, "wc_sitzhoehe": null, "wc_platz_davor": null, "wc_platz_rechts": null, "wc_platz_links": null, "wc_spuelknopf_hinten": null, "wc_spuelknopf_rechts": null, "wc_spuelknopf_links": null, "wc_spuelknopf_hoehe": null, "wc_position_notruf": null, "wc_hoehe_notruf": null, "wc_bermerkung": null, "foto": null }, "geometry": { "type": "Point", "coordinates": [ 11.576106323921845, 48.126003008951884 ] } },
{ "type": "Feature", "id": "wc_finder_opendata.57", "geometry_name": "shape", "properties": { "name": "Mobile Toilettenkabine \"südl. Thalkirchner Brücke\"", "stadt": "München", "plz": 81543, "strasse": null, "hausnr": null, "etage": null, "raumnummer": null, "oeffnungszeiten": "nicht bei Hochwasser", "kategorie": "divers\/unisex", "preis": null, "wickeln": 0, "standort_beschreibung": "", "zustand": "voll funktionsfähig", "einschraenkungen": null, "mail": "wasserbau-bauwerksunterhalt.bau@muenchen.de", "website": null, "telefon": null, "zustaendiges_referat": "BAU-J3", "erzeugt_bearbeitet": "28.03.2023 \/ 02.11.2023", "din_18040_1": null, "toilette_fuer_alle": null, "eignung_blindenhunde": null, "eingangstuer_typ": null, "eingangstuer_glasmarkierung": null, "eingangstuer_klingel_taster": null, "eingangstuer_leichte_fuehrung": null, "eingangstuer_radar_schluessel": null, "eingangstuer_euro_schluessel": null, "eingangstuer_wendekreis": null, "eingangstuer_breite": null, "rampe": null, "rampe_steigung": null, "treppe_vorhanden": null, "treppe_antirutsch": null, "treppe_blindenschrift": null, "treppe_gelaender": null, "treppe_kontrast_visuell": null, "treppe_kontrast_taktil": null, "treppe_stufenanzahl": null, "treppe_stufenhoehe": null, "rollstuhllift": null, "eingangsbereich_beschreibung": null, "gebaeudeinneres_gangbreite": null, "gebaeudeinneres_induktionsschleifen": null, "gebaeudeinneres_fuehrungsrillen": null, "gebaeudeinneres_ruhig": null, "gebaeudeinneres_beleuchtet": null, "aufzug_vorhanden": null, "aufzug_tuerbreite": null, "aufzug_tiefe": null, "aufzug_breite": null, "wctuer_typ": null, "wctuer_glasmarkierung": null, "wctuer_klingel_taster": null, "wctuer_leichte_fuehrung": null, "wctuer_radar_schluessel": null, "wctuer_euro_schluessel": null, "wctuer_wendekreis": null, "wctuer_breite": null, "wctuer_bemerkung": null, "wc_badewanne": null, "wc_dusche": null, "wc_spiegel": null, "wc_gelaender": null, "wc_deckenlifter": null, "wc_standlifter": null, "wc_liege": null, "wc_spiegelhoehe": null, "wc_handtuchspenderhoehe": null, "wc_seifenspender_hoehe": null, "wc_waschbecken_oberkante": null, "wc_waschbecken_hoehe_unterfahrbar": null, "wc_waschbecken_tiefe_unterfahrbar": null, "wc_buegel_rechts": null, "wc_buegel_links": null, "wc_buegel_distanz": null, "wc_buegelhoehe": null, "wc_sitzhoehe": null, "wc_platz_davor": null, "wc_platz_rechts": null, "wc_platz_links": null, "wc_spuelknopf_hinten": null, "wc_spuelknopf_rechts": null, "wc_spuelknopf_links": null, "wc_spuelknopf_hoehe": null, "wc_position_notruf": null, "wc_hoehe_notruf": null, "wc_bermerkung": null, "foto": null }, "geometry": { "type": "Point", "coordinates": [ 11.550606792297479, 48.100311673486459 ] } },
{ "type": "Feature", "id": "wc_finder_opendata.58", "geometry_name": "shape", "properties": { "name": "Mobile Toilettenkabine \"südöstl. Conwentzbrücke\"", "stadt": "München", "plz": 81479, "strasse": null, "hausnr": null, "etage": null, "raumnummer": null, "oeffnungszeiten": null, "kategorie": "divers\/unisex", "preis": null, "wickeln": 0, "standort_beschreibung": "", "zustand": "voll funktionsfähig", "einschraenkungen": null, "mail": "wasserbau-bauwerksunterhalt.bau@muenchen.de", "website": null, "telefon": null, "zustaendiges_referat": "BAU-J3", "erzeugt_bearbeitet": "28.03.2023 \/ 02.11.2023", "din_18040_1": null, "toilette_fuer_alle": null, "eignung_blindenhunde": null, "eingangstuer_typ": null, "eingangstuer_glasmarkierung": null, "eingangstuer_klingel_taster": null, "eingangstuer_leichte_fuehrung": null, "eingangstuer_radar_schluessel": null, "eingangstuer_euro_schluessel": null, "eingangstuer_wendekreis": null, "eingangstuer_breite": null, "rampe": null, "rampe_steigung": null, "treppe_vorhanden": null, "treppe_antirutsch": null, "treppe_blindenschrift": null, "treppe_gelaender": null, "treppe_kontrast_visuell": null, "treppe_kontrast_taktil": null, "treppe_stufenanzahl": null, "treppe_stufenhoehe": null, "rollstuhllift": null, "eingangsbereich_beschreibung": null, "gebaeudeinneres_gangbreite": null, "gebaeudeinneres_induktionsschleifen": null, "gebaeudeinneres_fuehrungsrillen": null, "gebaeudeinneres_ruhig": null, "gebaeudeinneres_beleuchtet": null, "aufzug_vorhanden": null, "aufzug_tuerbreite": null, "aufzug_tiefe": null, "aufzug_breite": null, "wctuer_typ": null, "wctuer_glasmarkierung": null, "wctuer_klingel_taster": null, "wctuer_leichte_fuehrung": null, "wctuer_radar_schluessel": null, "wctuer_euro_schluessel": null, "wctuer_wendekreis": null, "wctuer_breite": null, "wctuer_bemerkung": null, "wc_badewanne": null, "wc_dusche": null, "wc_spiegel": null, "wc_gelaender": null, "wc_deckenlifter": null, "wc_standlifter": null, "wc_liege": null, "wc_spiegelhoehe": null, "wc_handtuchspenderhoehe": null, "wc_seifenspender_hoehe": null, "wc_waschbecken_oberkante": null, "wc_waschbecken_hoehe_unterfahrbar": null, "wc_waschbecken_tiefe_unterfahrbar": null, "wc_buegel_rechts": null, "wc_buegel_links": null, "wc_buegel_distanz": null, "wc_buegelhoehe": null, "wc_sitzhoehe": null, "wc_platz_davor": null, "wc_platz_rechts": null, "wc_platz_links": null, "wc_spuelknopf_hinten": null, "wc_spuelknopf_rechts": null, "wc_spuelknopf_links": null, "wc_spuelknopf_hoehe": null, "wc_position_notruf": null, "wc_hoehe_notruf": null, "wc_bermerkung": null, "foto": null }, "geometry": { "type": "Point", "coordinates": [ 11.540976168810946, 48.081124502097587 ] } },
{ "type": "Feature", "id": "wc_finder_opendata.59", "geometry_name": "shape", "properties": { "name": "Mobile Toilettenkabine \"südl. Brudermühlbrücke\"", "stadt": "München", "plz": 81379, "strasse": null, "hausnr": null, "etage": null, "raumnummer": null, "oeffnungszeiten": "nicht bei Hochwasser", "kategorie": "divers\/unisex", "preis": null, "wickeln": 0, "standort_beschreibung": "Bild: http:\/\/geoi.bau.muenchen.de\/einrichtungen\/wc\/bild\/pt_111_20220817.jpg", "zustand": "voll funktionsfähig", "einschraenkungen": null, "mail": "wasserbau-bauwerksunterhalt.bau@muenchen.de", "website": null, "telefon": null, "zustaendiges_referat": "BAU-J3", "erzeugt_bearbeitet": "28.03.2023 \/ 02.11.2023", "din_18040_1": null, "toilette_fuer_alle": null, "eignung_blindenhunde": null, "eingangstuer_typ": null, "eingangstuer_glasmarkierung": null, "eingangstuer_klingel_taster": null, "eingangstuer_leichte_fuehrung": null, "eingangstuer_radar_schluessel": null, "eingangstuer_euro_schluessel": null, "eingangstuer_wendekreis": null, "eingangstuer_breite": null, "rampe": null, "rampe_steigung": null, "treppe_vorhanden": null, "treppe_antirutsch": null, "treppe_blindenschrift": null, "treppe_gelaender": null, "treppe_kontrast_visuell": null, "treppe_kontrast_taktil": null, "treppe_stufenanzahl": null, "treppe_stufenhoehe": null, "rollstuhllift": null, "eingangsbereich_beschreibung": null, "gebaeudeinneres_gangbreite": null, "gebaeudeinneres_induktionsschleifen": null, "gebaeudeinneres_fuehrungsrillen": null, "gebaeudeinneres_ruhig": null, "gebaeudeinneres_beleuchtet": null, "aufzug_vorhanden": null, "aufzug_tuerbreite": null, "aufzug_tiefe": null, "aufzug_breite": null, "wctuer_typ": null, "wctuer_glasmarkierung": null, "wctuer_klingel_taster": null, "wctuer_leichte_fuehrung": null, "wctuer_radar_schluessel": null, "wctuer_euro_schluessel": null, "wctuer_wendekreis": null, "wctuer_breite": null, "wctuer_bemerkung": null, "wc_badewanne": null, "wc_dusche": null, "wc_spiegel": null, "wc_gelaender": null, "wc_deckenlifter": null, "wc_standlifter": null, "wc_liege": null, "wc_spiegelhoehe": null, "wc_handtuchspenderhoehe": null, "wc_seifenspender_hoehe": null, "wc_waschbecken_oberkante": null, "wc_waschbecken_hoehe_unterfahrbar": null, "wc_waschbecken_tiefe_unterfahrbar": null, "wc_buegel_rechts": null, "wc_buegel_links": null, "wc_buegel_distanz": null, "wc_buegelhoehe": null, "wc_sitzhoehe": null, "wc_platz_davor": null, "wc_platz_rechts": null, "wc_platz_links": null, "wc_spuelknopf_hinten": null, "wc_spuelknopf_rechts": null, "wc_spuelknopf_links": null, "wc_spuelknopf_hoehe": null, "wc_position_notruf": null, "wc_hoehe_notruf": null, "wc_bermerkung": null, "foto": null }, "geometry": { "type": "Point", "coordinates": [ 11.561007293013033, 48.11225527616309 ] } },
{ "type": "Feature", "id": "wc_finder_opendata.60", "geometry_name": "shape", "properties": { "name": "Mobile Toilettenkabine \"südl. Reichenbachbrücke\/ Boosstraße\"", "stadt": "München", "plz": 80469, "strasse": null, "hausnr": null, "etage": null, "raumnummer": null, "oeffnungszeiten": "nicht bei Hochwasser", "kategorie": "divers\/unisex", "preis": null, "wickeln": 0, "standort_beschreibung": null, "zustand": "voll funktionsfähig", "einschraenkungen": null, "mail": "wasserbau-bauwerksunterhalt.bau@muenchen.de", "website": null, "telefon": null, "zustaendiges_referat": "BAU-J3", "erzeugt_bearbeitet": "02.11.2023 \/ 02.11.2023", "din_18040_1": null, "toilette_fuer_alle": null, "eignung_blindenhunde": null, "eingangstuer_typ": null, "eingangstuer_glasmarkierung": null, "eingangstuer_klingel_taster": null, "eingangstuer_leichte_fuehrung": null, "eingangstuer_radar_schluessel": null, "eingangstuer_euro_schluessel": null, "eingangstuer_wendekreis": null, "eingangstuer_breite": null, "rampe": null, "rampe_steigung": null, "treppe_vorhanden": null, "treppe_antirutsch": null, "treppe_blindenschrift": null, "treppe_gelaender": null, "treppe_kontrast_visuell": null, "treppe_kontrast_taktil": null, "treppe_stufenanzahl": null, "treppe_stufenhoehe": null, "rollstuhllift": null, "eingangsbereich_beschreibung": null, "gebaeudeinneres_gangbreite": null, "gebaeudeinneres_induktionsschleifen": null, "gebaeudeinneres_fuehrungsrillen": null, "gebaeudeinneres_ruhig": null, "gebaeudeinneres_beleuchtet": null, "aufzug_vorhanden": null, "aufzug_tuerbreite": null, "aufzug_tiefe": null, "aufzug_breite": null, "wctuer_typ": null, "wctuer_glasmarkierung": null, "wctuer_klingel_taster": null, "wctuer_leichte_fuehrung": null, "wctuer_radar_schluessel": null, "wctuer_euro_schluessel": null, "wctuer_wendekreis": null, "wctuer_breite": null, "wctuer_bemerkung": null, "wc_badewanne": null, "wc_dusche": null, "wc_spiegel": null, "wc_gelaender": null, "wc_deckenlifter": null, "wc_standlifter": null, "wc_liege": null, "wc_spiegelhoehe": null, "wc_handtuchspenderhoehe": null, "wc_seifenspender_hoehe": null, "wc_waschbecken_oberkante": null, "wc_waschbecken_hoehe_unterfahrbar": null, "wc_waschbecken_tiefe_unterfahrbar": null, "wc_buegel_rechts": null, "wc_buegel_links": null, "wc_buegel_distanz": null, "wc_buegelhoehe": null, "wc_sitzhoehe": null, "wc_platz_davor": null, "wc_platz_rechts": null, "wc_platz_links": null, "wc_spuelknopf_hinten": null, "wc_spuelknopf_rechts": null, "wc_spuelknopf_links": null, "wc_spuelknopf_hoehe": null, "wc_position_notruf": null, "wc_hoehe_notruf": null, "wc_bermerkung": null, "foto": null }, "geometry": { "type": "Point", "coordinates": [ 11.576056838863733, 48.126026735261604 ] } },
{ "type": "Feature", "id": "wc_finder_opendata.61", "geometry_name": "shape", "properties": { "name": "Mobile Toilettenkabine \"südl. Wittelsbacherbrücke, bei Bolzplatz\"", "stadt": "München", "plz": 80469, "strasse": null, "hausnr": null, "etage": null, "raumnummer": null, "oeffnungszeiten": null, "kategorie": "divers\/unisex", "preis": null, "wickeln": 0, "standort_beschreibung": "Bild: http:\/\/geoi.bau.muenchen.de\/einrichtungen\/wc\/bild\/pt_141_20220817.jpg", "zustand": "voll funktionsfähig", "einschraenkungen": null, "mail": "wasserbau-bauwerksunterhalt.bau@muenchen.de", "website": null, "telefon": null, "zustaendiges_referat": "BAU-J3", "erzeugt_bearbeitet": "28.03.2023 \/ 02.11.2023", "din_18040_1": null, "toilette_fuer_alle": null, "eignung_blindenhunde": null, "eingangstuer_typ": null, "eingangstuer_glasmarkierung": null, "eingangstuer_klingel_taster": null, "eingangstuer_leichte_fuehrung": null, "eingangstuer_radar_schluessel": null, "eingangstuer_euro_schluessel": null, "eingangstuer_wendekreis": null, "eingangstuer_breite": null, "rampe": null, "rampe_steigung": null, "treppe_vorhanden": null, "treppe_antirutsch": null, "treppe_blindenschrift": null, "treppe_gelaender": null, "treppe_kontrast_visuell": null, "treppe_kontrast_taktil": null, "treppe_stufenanzahl": null, "treppe_stufenhoehe": null, "rollstuhllift": null, "eingangsbereich_beschreibung": null, "gebaeudeinneres_gangbreite": null, "gebaeudeinneres_induktionsschleifen": null, "gebaeudeinneres_fuehrungsrillen": null, "gebaeudeinneres_ruhig": null, "gebaeudeinneres_beleuchtet": null, "aufzug_vorhanden": null, "aufzug_tuerbreite": null, "aufzug_tiefe": null, "aufzug_breite": null, "wctuer_typ": null, "wctuer_glasmarkierung": null, "wctuer_klingel_taster": null, "wctuer_leichte_fuehrung": null, "wctuer_radar_schluessel": null, "wctuer_euro_schluessel": null, "wctuer_wendekreis": null, "wctuer_breite": null, "wctuer_bemerkung": null, "wc_badewanne": null, "wc_dusche": null, "wc_spiegel": null, "wc_gelaender": null, "wc_deckenlifter": null, "wc_standlifter": null, "wc_liege": null, "wc_spiegelhoehe": null, "wc_handtuchspenderhoehe": null, "wc_seifenspender_hoehe": null, "wc_waschbecken_oberkante": null, "wc_waschbecken_hoehe_unterfahrbar": null, "wc_waschbecken_tiefe_unterfahrbar": null, "wc_buegel_rechts": null, "wc_buegel_links": null, "wc_buegel_distanz": null, "wc_buegelhoehe": null, "wc_sitzhoehe": null, "wc_platz_davor": null, "wc_platz_rechts": null, "wc_platz_links": null, "wc_spuelknopf_hinten": null, "wc_spuelknopf_rechts": null, "wc_spuelknopf_links": null, "wc_spuelknopf_hoehe": null, "wc_position_notruf": null, "wc_hoehe_notruf": null, "wc_bermerkung": null, "foto": null }, "geometry": { "type": "Point", "coordinates": [ 11.568037192543796, 48.121650977387645 ] } },
{ "type": "Feature", "id": "wc_finder_opendata.62", "geometry_name": "shape", "properties": { "name": "Mobile Toilettenkabine \"Isarauen 10\"", "stadt": "München", "plz": 81379, "strasse": "Isarauen", "hausnr": "10", "etage": null, "raumnummer": null, "oeffnungszeiten": "nicht bei Hochwasser", "kategorie": "barrierefrei", "preis": null, "wickeln": 0, "standort_beschreibung": "Bild: http:\/\/geoi.bau.muenchen.de\/einrichtungen\/wc\/bild\/pt_100_20220817.jpg", "zustand": "voll funktionsfähig", "einschraenkungen": null, "mail": "wasserbau-bauwerksunterhalt.bau@muenchen.de", "website": null, "telefon": null, "zustaendiges_referat": "BAU-J3", "erzeugt_bearbeitet": "28.03.2023 \/ 02.11.2023", "din_18040_1": 0, "toilette_fuer_alle": 0, "eignung_blindenhunde": 0, "eingangstuer_typ": null, "eingangstuer_glasmarkierung": 0, "eingangstuer_klingel_taster": 0, "eingangstuer_leichte_fuehrung": 0, "eingangstuer_radar_schluessel": 0, "eingangstuer_euro_schluessel": 0, "eingangstuer_wendekreis": null, "eingangstuer_breite": null, "rampe": null, "rampe_steigung": null, "treppe_vorhanden": 0, "treppe_antirutsch": 0, "treppe_blindenschrift": 0, "treppe_gelaender": 0, "treppe_kontrast_visuell": 0, "treppe_kontrast_taktil": 0, "treppe_stufenanzahl": null, "treppe_stufenhoehe": null, "rollstuhllift": 0, "eingangsbereich_beschreibung": null, "gebaeudeinneres_gangbreite": null, "gebaeudeinneres_induktionsschleifen": 0, "gebaeudeinneres_fuehrungsrillen": 0, "gebaeudeinneres_ruhig": 0, "gebaeudeinneres_beleuchtet": 0, "aufzug_vorhanden": 0, "aufzug_tuerbreite": null, "aufzug_tiefe": null, "aufzug_breite": null, "wctuer_typ": null, "wctuer_glasmarkierung": 0, "wctuer_klingel_taster": 0, "wctuer_leichte_fuehrung": 0, "wctuer_radar_schluessel": 0, "wctuer_euro_schluessel": 0, "wctuer_wendekreis": null, "wctuer_breite": null, "wctuer_bemerkung": null, "wc_badewanne": 0, "wc_dusche": 0, "wc_spiegel": 0, "wc_gelaender": 0, "wc_deckenlifter": 0, "wc_standlifter": 0, "wc_liege": 0, "wc_spiegelhoehe": null, "wc_handtuchspenderhoehe": null, "wc_seifenspender_hoehe": null, "wc_waschbecken_oberkante": null, "wc_waschbecken_hoehe_unterfahrbar": null, "wc_waschbecken_tiefe_unterfahrbar": null, "wc_buegel_rechts": 0, "wc_buegel_links": 0, "wc_buegel_distanz": null, "wc_buegelhoehe": null, "wc_sitzhoehe": null, "wc_platz_davor": null, "wc_platz_rechts": null, "wc_platz_links": null, "wc_spuelknopf_hinten": 0, "wc_spuelknopf_rechts": 0, "wc_spuelknopf_links": 0, "wc_spuelknopf_hoehe": null, "wc_position_notruf": null, "wc_hoehe_notruf": null, "wc_bermerkung": null, "foto": null }, "geometry": { "type": "Point", "coordinates": [ 11.561103915350394, 48.109063985474172 ] } },
{ "type": "Feature", "id": "wc_finder_opendata.63", "geometry_name": "shape", "properties": { "name": "Mobile Toilettenkabine \"südl. Flauchersteg\"", "stadt": "München", "plz": 81543, "strasse": null, "hausnr": null, "etage": null, "raumnummer": null, "oeffnungszeiten": "nicht bei Hochwasser", "kategorie": "divers\/unisex", "preis": null, "wickeln": 0, "standort_beschreibung": "Bild: http:\/\/geoi.bau.muenchen.de\/einrichtungen\/wc\/bild\/pt_76_20220817.jpg", "zustand": "voll funktionsfähig", "einschraenkungen": null, "mail": "wasserbau-bauwerksunterhalt.bau@muenchen.de", "website": null, "telefon": null, "zustaendiges_referat": "BAU-J3", "erzeugt_bearbeitet": "28.03.2023 \/ 02.11.2023", "din_18040_1": null, "toilette_fuer_alle": null, "eignung_blindenhunde": null, "eingangstuer_typ": null, "eingangstuer_glasmarkierung": null, "eingangstuer_klingel_taster": null, "eingangstuer_leichte_fuehrung": null, "eingangstuer_radar_schluessel": null, "eingangstuer_euro_schluessel": null, "eingangstuer_wendekreis": null, "eingangstuer_breite": null, "rampe": null, "rampe_steigung": null, "treppe_vorhanden": null, "treppe_antirutsch": null, "treppe_blindenschrift": null, "treppe_gelaender": null, "treppe_kontrast_visuell": null, "treppe_kontrast_taktil": null, "treppe_stufenanzahl": null, "treppe_stufenhoehe": null, "rollstuhllift": null, "eingangsbereich_beschreibung": null, "gebaeudeinneres_gangbreite": null, "gebaeudeinneres_induktionsschleifen": null, "gebaeudeinneres_fuehrungsrillen": null, "gebaeudeinneres_ruhig": null, "gebaeudeinneres_beleuchtet": null, "aufzug_vorhanden": null, "aufzug_tuerbreite": null, "aufzug_tiefe": null, "aufzug_breite": null, "wctuer_typ": null, "wctuer_glasmarkierung": null, "wctuer_klingel_taster": null, "wctuer_leichte_fuehrung": null, "wctuer_radar_schluessel": null, "wctuer_euro_schluessel": null, "wctuer_wendekreis": null, "wctuer_breite": null, "wctuer_bemerkung": null, "wc_badewanne": null, "wc_dusche": null, "wc_spiegel": null, "wc_gelaender": null, "wc_deckenlifter": null, "wc_standlifter": null, "wc_liege": null, "wc_spiegelhoehe": null, "wc_handtuchspenderhoehe": null, "wc_seifenspender_hoehe": null, "wc_waschbecken_oberkante": null, "wc_waschbecken_hoehe_unterfahrbar": null, "wc_waschbecken_tiefe_unterfahrbar": null, "wc_buegel_rechts": null, "wc_buegel_links": null, "wc_buegel_distanz": null, "wc_buegelhoehe": null, "wc_sitzhoehe": null, "wc_platz_davor": null, "wc_platz_rechts": null, "wc_platz_links": null, "wc_spuelknopf_hinten": null, "wc_spuelknopf_rechts": null, "wc_spuelknopf_links": null, "wc_spuelknopf_hoehe": null, "wc_position_notruf": null, "wc_hoehe_notruf": null, "wc_bermerkung": null, "foto": null }, "geometry": { "type": "Point", "coordinates": [ 11.552216533282744, 48.102480291376018 ] } },
{ "type": "Feature", "id": "wc_finder_opendata.64", "geometry_name": "shape", "properties": { "name": "Mobile Toilettenkabine \"südl. Reichenbachbrücke\/ Boosstraße\"", "stadt": "München", "plz": 80469, "strasse": null, "hausnr": null, "etage": null, "raumnummer": null, "oeffnungszeiten": "nicht bei Hochwasser", "kategorie": "divers\/unisex", "preis": null, "wickeln": 0, "standort_beschreibung": null, "zustand": "voll funktionsfähig", "einschraenkungen": null, "mail": "wasserbau-bauwerksunterhalt.bau@muenchen.de", "website": null, "telefon": null, "zustaendiges_referat": "BAU-J3", "erzeugt_bearbeitet": "02.11.2023 \/ 02.11.2023", "din_18040_1": null, "toilette_fuer_alle": null, "eignung_blindenhunde": null, "eingangstuer_typ": null, "eingangstuer_glasmarkierung": null, "eingangstuer_klingel_taster": null, "eingangstuer_leichte_fuehrung": null, "eingangstuer_radar_schluessel": null, "eingangstuer_euro_schluessel": null, "eingangstuer_wendekreis": null, "eingangstuer_breite": null, "rampe": null, "rampe_steigung": null, "treppe_vorhanden": null, "treppe_antirutsch": null, "treppe_blindenschrift": null, "treppe_gelaender": null, "treppe_kontrast_visuell": null, "treppe_kontrast_taktil": null, "treppe_stufenanzahl": null, "treppe_stufenhoehe": null, "rollstuhllift": null, "eingangsbereich_beschreibung": null, "gebaeudeinneres_gangbreite": null, "gebaeudeinneres_induktionsschleifen": null, "gebaeudeinneres_fuehrungsrillen": null, "gebaeudeinneres_ruhig": null, "gebaeudeinneres_beleuchtet": null, "aufzug_vorhanden": null, "aufzug_tuerbreite": null, "aufzug_tiefe": null, "aufzug_breite": null, "wctuer_typ": null, "wctuer_glasmarkierung": null, "wctuer_klingel_taster": null, "wctuer_leichte_fuehrung": null, "wctuer_radar_schluessel": null, "wctuer_euro_schluessel": null, "wctuer_wendekreis": null, "wctuer_breite": null, "wctuer_bemerkung": null, "wc_badewanne": null, "wc_dusche": null, "wc_spiegel": null, "wc_gelaender": null, "wc_deckenlifter": null, "wc_standlifter": null, "wc_liege": null, "wc_spiegelhoehe": null, "wc_handtuchspenderhoehe": null, "wc_seifenspender_hoehe": null, "wc_waschbecken_oberkante": null, "wc_waschbecken_hoehe_unterfahrbar": null, "wc_waschbecken_tiefe_unterfahrbar": null, "wc_buegel_rechts": null, "wc_buegel_links": null, "wc_buegel_distanz": null, "wc_buegelhoehe": null, "wc_sitzhoehe": null, "wc_platz_davor": null, "wc_platz_rechts": null, "wc_platz_links": null, "wc_spuelknopf_hinten": null, "wc_spuelknopf_rechts": null, "wc_spuelknopf_links": null, "wc_spuelknopf_hoehe": null, "wc_position_notruf": null, "wc_hoehe_notruf": null, "wc_bermerkung": null, "foto": null }, "geometry": { "type": "Point", "coordinates": [ 11.576064290081206, 48.125997999577095 ] } },
{ "type": "Feature", "id": "wc_finder_opendata.65", "geometry_name": "shape", "properties": { "name": "Mobile Toilettenkabine \"südl. Reichenbachbrücke\/ Boosstraße\"", "stadt": "München", "plz": 80469, "strasse": null, "hausnr": null, "etage": null, "raumnummer": null, "oeffnungszeiten": "nicht bei Hochwasser", "kategorie": "divers\/unisex", "preis": null, "wickeln": 0, "standort_beschreibung": null, "zustand": "voll funktionsfähig", "einschraenkungen": null, "mail": "wasserbau-bauwerksunterhalt.bau@muenchen.de", "website": null, "telefon": null, "zustaendiges_referat": "BAU-J3", "erzeugt_bearbeitet": "02.11.2023 \/ 02.11.2023", "din_18040_1": null, "toilette_fuer_alle": null, "eignung_blindenhunde": null, "eingangstuer_typ": null, "eingangstuer_glasmarkierung": null, "eingangstuer_klingel_taster": null, "eingangstuer_leichte_fuehrung": null, "eingangstuer_radar_schluessel": null, "eingangstuer_euro_schluessel": null, "eingangstuer_wendekreis": null, "eingangstuer_breite": null, "rampe": null, "rampe_steigung": null, "treppe_vorhanden": null, "treppe_antirutsch": null, "treppe_blindenschrift": null, "treppe_gelaender": null, "treppe_kontrast_visuell": null, "treppe_kontrast_taktil": null, "treppe_stufenanzahl": null, "treppe_stufenhoehe": null, "rollstuhllift": null, "eingangsbereich_beschreibung": null, "gebaeudeinneres_gangbreite": null, "gebaeudeinneres_induktionsschleifen": null, "gebaeudeinneres_fuehrungsrillen": null, "gebaeudeinneres_ruhig": null, "gebaeudeinneres_beleuchtet": null, "aufzug_vorhanden": null, "aufzug_tuerbreite": null, "aufzug_tiefe": null, "aufzug_breite": null, "wctuer_typ": null, "wctuer_glasmarkierung": null, "wctuer_klingel_taster": null, "wctuer_leichte_fuehrung": null, "wctuer_radar_schluessel": null, "wctuer_euro_schluessel": null, "wctuer_wendekreis": null, "wctuer_breite": null, "wctuer_bemerkung": null, "wc_badewanne": null, "wc_dusche": null, "wc_spiegel": null, "wc_gelaender": null, "wc_deckenlifter": null, "wc_standlifter": null, "wc_liege": null, "wc_spiegelhoehe": null, "wc_handtuchspenderhoehe": null, "wc_seifenspender_hoehe": null, "wc_waschbecken_oberkante": null, "wc_waschbecken_hoehe_unterfahrbar": null, "wc_waschbecken_tiefe_unterfahrbar": null, "wc_buegel_rechts": null, "wc_buegel_links": null, "wc_buegel_distanz": null, "wc_buegelhoehe": null, "wc_sitzhoehe": null, "wc_platz_davor": null, "wc_platz_rechts": null, "wc_platz_links": null, "wc_spuelknopf_hinten": null, "wc_spuelknopf_rechts": null, "wc_spuelknopf_links": null, "wc_spuelknopf_hoehe": null, "wc_position_notruf": null, "wc_hoehe_notruf": null, "wc_bermerkung": null, "foto": null }, "geometry": { "type": "Point", "coordinates": [ 11.576110253982126, 48.125974947007329 ] } },
{ "type": "Feature", "id": "wc_finder_opendata.66", "geometry_name": "shape", "properties": { "name": "Mobile Toilettenkabine \"süd. Braunauer Eisenbahnbrücke\"", "stadt": "München", "plz": 81543, "strasse": "Teutoburger Str.", "hausnr": "11", "etage": null, "raumnummer": null, "oeffnungszeiten": "nicht bei Hochwasser", "kategorie": "divers\/unisex", "preis": null, "wickeln": 0, "standort_beschreibung": "Bild: http:\/\/geoi.bau.muenchen.de\/einrichtungen\/wc\/bild\/pt_128_20220817.jpg", "zustand": "voll funktionsfähig", "einschraenkungen": null, "mail": "wasserbau-bauwerksunterhalt.bau@muenchen.de", "website": null, "telefon": null, "zustaendiges_referat": "BAU-J3", "erzeugt_bearbeitet": "28.03.2023 \/ 02.11.2023", "din_18040_1": null, "toilette_fuer_alle": null, "eignung_blindenhunde": null, "eingangstuer_typ": null, "eingangstuer_glasmarkierung": null, "eingangstuer_klingel_taster": null, "eingangstuer_leichte_fuehrung": null, "eingangstuer_radar_schluessel": null, "eingangstuer_euro_schluessel": null, "eingangstuer_wendekreis": null, "eingangstuer_breite": null, "rampe": null, "rampe_steigung": null, "treppe_vorhanden": null, "treppe_antirutsch": null, "treppe_blindenschrift": null, "treppe_gelaender": null, "treppe_kontrast_visuell": null, "treppe_kontrast_taktil": null, "treppe_stufenanzahl": null, "treppe_stufenhoehe": null, "rollstuhllift": null, "eingangsbereich_beschreibung": null, "gebaeudeinneres_gangbreite": null, "gebaeudeinneres_induktionsschleifen": null, "gebaeudeinneres_fuehrungsrillen": null, "gebaeudeinneres_ruhig": null, "gebaeudeinneres_beleuchtet": null, "aufzug_vorhanden": null, "aufzug_tuerbreite": null, "aufzug_tiefe": null, "aufzug_breite": null, "wctuer_typ": null, "wctuer_glasmarkierung": null, "wctuer_klingel_taster": null, "wctuer_leichte_fuehrung": null, "wctuer_radar_schluessel": null, "wctuer_euro_schluessel": null, "wctuer_wendekreis": null, "wctuer_breite": null, "wctuer_bemerkung": null, "wc_badewanne": null, "wc_dusche": null, "wc_spiegel": null, "wc_gelaender": null, "wc_deckenlifter": null, "wc_standlifter": null, "wc_liege": null, "wc_spiegelhoehe": null, "wc_handtuchspenderhoehe": null, "wc_seifenspender_hoehe": null, "wc_waschbecken_oberkante": null, "wc_waschbecken_hoehe_unterfahrbar": null, "wc_waschbecken_tiefe_unterfahrbar": null, "wc_buegel_rechts": null, "wc_buegel_links": null, "wc_buegel_distanz": null, "wc_buegelhoehe": null, "wc_sitzhoehe": null, "wc_platz_davor": null, "wc_platz_rechts": null, "wc_platz_links": null, "wc_spuelknopf_hinten": null, "wc_spuelknopf_rechts": null, "wc_spuelknopf_links": null, "wc_spuelknopf_hoehe": null, "wc_position_notruf": null, "wc_hoehe_notruf": null, "wc_bermerkung": null, "foto": null }, "geometry": { "type": "Point", "coordinates": [ 11.562468487383983, 48.117796286343797 ] } },
{ "type": "Feature", "id": "wc_finder_opendata.67", "geometry_name": "shape", "properties": { "name": "Mobile Toilettenkabine \"südl. Reichenbachbrücke\/ Boosstraße\"", "stadt": "München", "plz": 80469, "strasse": null, "hausnr": null, "etage": null, "raumnummer": null, "oeffnungszeiten": "nicht bei Hochwasser", "kategorie": "divers\/unisex", "preis": null, "wickeln": 0, "standort_beschreibung": null, "zustand": "voll funktionsfähig", "einschraenkungen": null, "mail": "wasserbau-bauwerksunterhalt.bau@muenchen.de", "website": null, "telefon": null, "zustaendiges_referat": "BAU-J3", "erzeugt_bearbeitet": "02.11.2023 \/ 02.11.2023", "din_18040_1": null, "toilette_fuer_alle": null, "eignung_blindenhunde": null, "eingangstuer_typ": null, "eingangstuer_glasmarkierung": null, "eingangstuer_klingel_taster": null, "eingangstuer_leichte_fuehrung": null, "eingangstuer_radar_schluessel": null, "eingangstuer_euro_schluessel": null, "eingangstuer_wendekreis": null, "eingangstuer_breite": null, "rampe": null, "rampe_steigung": null, "treppe_vorhanden": null, "treppe_antirutsch": null, "treppe_blindenschrift": null, "treppe_gelaender": null, "treppe_kontrast_visuell": null, "treppe_kontrast_taktil": null, "treppe_stufenanzahl": null, "treppe_stufenhoehe": null, "rollstuhllift": null, "eingangsbereich_beschreibung": null, "gebaeudeinneres_gangbreite": null, "gebaeudeinneres_induktionsschleifen": null, "gebaeudeinneres_fuehrungsrillen": null, "gebaeudeinneres_ruhig": null, "gebaeudeinneres_beleuchtet": null, "aufzug_vorhanden": null, "aufzug_tuerbreite": null, "aufzug_tiefe": null, "aufzug_breite": null, "wctuer_typ": null, "wctuer_glasmarkierung": null, "wctuer_klingel_taster": null, "wctuer_leichte_fuehrung": null, "wctuer_radar_schluessel": null, "wctuer_euro_schluessel": null, "wctuer_wendekreis": null, "wctuer_breite": null, "wctuer_bemerkung": null, "wc_badewanne": null, "wc_dusche": null, "wc_spiegel": null, "wc_gelaender": null, "wc_deckenlifter": null, "wc_standlifter": null, "wc_liege": null, "wc_spiegelhoehe": null, "wc_handtuchspenderhoehe": null, "wc_seifenspender_hoehe": null, "wc_waschbecken_oberkante": null, "wc_waschbecken_hoehe_unterfahrbar": null, "wc_waschbecken_tiefe_unterfahrbar": null, "wc_buegel_rechts": null, "wc_buegel_links": null, "wc_buegel_distanz": null, "wc_buegelhoehe": null, "wc_sitzhoehe": null, "wc_platz_davor": null, "wc_platz_rechts": null, "wc_platz_links": null, "wc_spuelknopf_hinten": null, "wc_spuelknopf_rechts": null, "wc_spuelknopf_links": null, "wc_spuelknopf_hoehe": null, "wc_position_notruf": null, "wc_hoehe_notruf": null, "wc_bermerkung": null, "foto": null }, "geometry": { "type": "Point", "coordinates": [ 11.576082054838899, 48.12601545670632 ] } },
{ "type": "Feature", "id": "wc_finder_opendata.68", "geometry_name": "shape", "properties": { "name": "Mobile Toilettenkabine \"südl. Reichenbachbrücke\/ Boosstraße\"", "stadt": "München", "plz": 80469, "strasse": null, "hausnr": null, "etage": null, "raumnummer": null, "oeffnungszeiten": "nicht bei Hochwasser", "kategorie": "divers\/unisex", "preis": null, "wickeln": 0, "standort_beschreibung": null, "zustand": "voll funktionsfähig", "einschraenkungen": null, "mail": "wasserbau-bauwerksunterhalt.bau@muenchen.de", "website": null, "telefon": null, "zustaendiges_referat": "BAU-J3", "erzeugt_bearbeitet": "02.11.2023 \/ 02.11.2023", "din_18040_1": null, "toilette_fuer_alle": null, "eignung_blindenhunde": null, "eingangstuer_typ": null, "eingangstuer_glasmarkierung": null, "eingangstuer_klingel_taster": null, "eingangstuer_leichte_fuehrung": null, "eingangstuer_radar_schluessel": null, "eingangstuer_euro_schluessel": null, "eingangstuer_wendekreis": null, "eingangstuer_breite": null, "rampe": null, "rampe_steigung": null, "treppe_vorhanden": null, "treppe_antirutsch": null, "treppe_blindenschrift": null, "treppe_gelaender": null, "treppe_kontrast_visuell": null, "treppe_kontrast_taktil": null, "treppe_stufenanzahl": null, "treppe_stufenhoehe": null, "rollstuhllift": null, "eingangsbereich_beschreibung": null, "gebaeudeinneres_gangbreite": null, "gebaeudeinneres_induktionsschleifen": null, "gebaeudeinneres_fuehrungsrillen": null, "gebaeudeinneres_ruhig": null, "gebaeudeinneres_beleuchtet": null, "aufzug_vorhanden": null, "aufzug_tuerbreite": null, "aufzug_tiefe": null, "aufzug_breite": null, "wctuer_typ": null, "wctuer_glasmarkierung": null, "wctuer_klingel_taster": null, "wctuer_leichte_fuehrung": null, "wctuer_radar_schluessel": null, "wctuer_euro_schluessel": null, "wctuer_wendekreis": null, "wctuer_breite": null, "wctuer_bemerkung": null, "wc_badewanne": null, "wc_dusche": null, "wc_spiegel": null, "wc_gelaender": null, "wc_deckenlifter": null, "wc_standlifter": null, "wc_liege": null, "wc_spiegelhoehe": null, "wc_handtuchspenderhoehe": null, "wc_seifenspender_hoehe": null, "wc_waschbecken_oberkante": null, "wc_waschbecken_hoehe_unterfahrbar": null, "wc_waschbecken_tiefe_unterfahrbar": null, "wc_buegel_rechts": null, "wc_buegel_links": null, "wc_buegel_distanz": null, "wc_buegelhoehe": null, "wc_sitzhoehe": null, "wc_platz_davor": null, "wc_platz_rechts": null, "wc_platz_links": null, "wc_spuelknopf_hinten": null, "wc_spuelknopf_rechts": null, "wc_spuelknopf_links": null, "wc_spuelknopf_hoehe": null, "wc_position_notruf": null, "wc_hoehe_notruf": null, "wc_bermerkung": null, "foto": null }, "geometry": { "type": "Point", "coordinates": [ 11.576128812213106, 48.125994052756738 ] } },
{ "type": "Feature", "id": "wc_finder_opendata.69", "geometry_name": "shape", "properties": { "name": "Mobile Toilettenkabine \"Zellstraße, Muffatwerk\"", "stadt": "München", "plz": 81667, "strasse": null, "hausnr": null, "etage": null, "raumnummer": null, "oeffnungszeiten": null, "kategorie": "divers\/unisex", "preis": null, "wickeln": 0, "standort_beschreibung": "Bild: http:\/\/geoi.bau.muenchen.de\/einrichtungen\/wc\/bild\/POS120.JPG", "zustand": "voll funktionsfähig", "einschraenkungen": null, "mail": "wasserbau-bauwerksunterhalt.bau@muenchen.de", "website": null, "telefon": null, "zustaendiges_referat": "BAU-J3", "erzeugt_bearbeitet": "28.03.2023 \/ 02.11.2023", "din_18040_1": null, "toilette_fuer_alle": null, "eignung_blindenhunde": null, "eingangstuer_typ": null, "eingangstuer_glasmarkierung": null, "eingangstuer_klingel_taster": null, "eingangstuer_leichte_fuehrung": null, "eingangstuer_radar_schluessel": null, "eingangstuer_euro_schluessel": null, "eingangstuer_wendekreis": null, "eingangstuer_breite": null, "rampe": null, "rampe_steigung": null, "treppe_vorhanden": null, "treppe_antirutsch": null, "treppe_blindenschrift": null, "treppe_gelaender": null, "treppe_kontrast_visuell": null, "treppe_kontrast_taktil": null, "treppe_stufenanzahl": null, "treppe_stufenhoehe": null, "rollstuhllift": null, "eingangsbereich_beschreibung": null, "gebaeudeinneres_gangbreite": null, "gebaeudeinneres_induktionsschleifen": null, "gebaeudeinneres_fuehrungsrillen": null, "gebaeudeinneres_ruhig": null, "gebaeudeinneres_beleuchtet": null, "aufzug_vorhanden": null, "aufzug_tuerbreite": null, "aufzug_tiefe": null, "aufzug_breite": null, "wctuer_typ": null, "wctuer_glasmarkierung": null, "wctuer_klingel_taster": null, "wctuer_leichte_fuehrung": null, "wctuer_radar_schluessel": null, "wctuer_euro_schluessel": null, "wctuer_wendekreis": null, "wctuer_breite": null, "wctuer_bemerkung": null, "wc_badewanne": null, "wc_dusche": null, "wc_spiegel": null, "wc_gelaender": null, "wc_deckenlifter": null, "wc_standlifter": null, "wc_liege": null, "wc_spiegelhoehe": null, "wc_handtuchspenderhoehe": null, "wc_seifenspender_hoehe": null, "wc_waschbecken_oberkante": null, "wc_waschbecken_hoehe_unterfahrbar": null, "wc_waschbecken_tiefe_unterfahrbar": null, "wc_buegel_rechts": null, "wc_buegel_links": null, "wc_buegel_distanz": null, "wc_buegelhoehe": null, "wc_sitzhoehe": null, "wc_platz_davor": null, "wc_platz_rechts": null, "wc_platz_links": null, "wc_spuelknopf_hinten": null, "wc_spuelknopf_rechts": null, "wc_spuelknopf_links": null, "wc_spuelknopf_hoehe": null, "wc_position_notruf": null, "wc_hoehe_notruf": null, "wc_bermerkung": null, "foto": null }, "geometry": { "type": "Point", "coordinates": [ 11.588917937641815, 48.133172463807632 ] } },
{ "type": "Feature", "id": "wc_finder_opendata.70", "geometry_name": "shape", "properties": { "name": "Mobile Toilettenkabine \"nördl. Flaucher\"", "stadt": "München", "plz": 81379, "strasse": null, "hausnr": null, "etage": null, "raumnummer": null, "oeffnungszeiten": null, "kategorie": "divers\/unisex", "preis": null, "wickeln": 0, "standort_beschreibung": "Bild: http:\/\/geoi.bau.muenchen.de\/einrichtungen\/wc\/bild\/POS117.JPG", "zustand": "voll funktionsfähig", "einschraenkungen": null, "mail": "wasserbau-bauwerksunterhalt.bau@muenchen.de", "website": null, "telefon": null, "zustaendiges_referat": "BAU-J3", "erzeugt_bearbeitet": "28.03.2023 \/ 02.11.2023", "din_18040_1": null, "toilette_fuer_alle": null, "eignung_blindenhunde": null, "eingangstuer_typ": null, "eingangstuer_glasmarkierung": null, "eingangstuer_klingel_taster": null, "eingangstuer_leichte_fuehrung": null, "eingangstuer_radar_schluessel": null, "eingangstuer_euro_schluessel": null, "eingangstuer_wendekreis": null, "eingangstuer_breite": null, "rampe": null, "rampe_steigung": null, "treppe_vorhanden": null, "treppe_antirutsch": null, "treppe_blindenschrift": null, "treppe_gelaender": null, "treppe_kontrast_visuell": null, "treppe_kontrast_taktil": null, "treppe_stufenanzahl": null, "treppe_stufenhoehe": null, "rollstuhllift": null, "eingangsbereich_beschreibung": null, "gebaeudeinneres_gangbreite": null, "gebaeudeinneres_induktionsschleifen": null, "gebaeudeinneres_fuehrungsrillen": null, "gebaeudeinneres_ruhig": null, "gebaeudeinneres_beleuchtet": null, "aufzug_vorhanden": null, "aufzug_tuerbreite": null, "aufzug_tiefe": null, "aufzug_breite": null, "wctuer_typ": null, "wctuer_glasmarkierung": null, "wctuer_klingel_taster": null, "wctuer_leichte_fuehrung": null, "wctuer_radar_schluessel": null, "wctuer_euro_schluessel": null, "wctuer_wendekreis": null, "wctuer_breite": null, "wctuer_bemerkung": null, "wc_badewanne": null, "wc_dusche": null, "wc_spiegel": null, "wc_gelaender": null, "wc_deckenlifter": null, "wc_standlifter": null, "wc_liege": null, "wc_spiegelhoehe": null, "wc_handtuchspenderhoehe": null, "wc_seifenspender_hoehe": null, "wc_waschbecken_oberkante": null, "wc_waschbecken_hoehe_unterfahrbar": null, "wc_waschbecken_tiefe_unterfahrbar": null, "wc_buegel_rechts": null, "wc_buegel_links": null, "wc_buegel_distanz": null, "wc_buegelhoehe": null, "wc_sitzhoehe": null, "wc_platz_davor": null, "wc_platz_rechts": null, "wc_platz_links": null, "wc_spuelknopf_hinten": null, "wc_spuelknopf_rechts": null, "wc_spuelknopf_links": null, "wc_spuelknopf_hoehe": null, "wc_position_notruf": null, "wc_hoehe_notruf": null, "wc_bermerkung": null, "foto": null }, "geometry": { "type": "Point", "coordinates": [ 11.558904772895955, 48.109631275487075 ] } },
{ "type": "Feature", "id": "wc_finder_opendata.71", "geometry_name": "shape", "properties": { "name": "Mobile Toilettenkabine \"südl. Reichenbachbrücke\"", "stadt": "München", "plz": 80469, "strasse": null, "hausnr": null, "etage": null, "raumnummer": null, "oeffnungszeiten": "nicht bei Hochwasser", "kategorie": "divers\/unisex", "preis": null, "wickeln": 0, "standort_beschreibung": "Bild: http:\/\/geoi.bau.muenchen.de\/einrichtungen\/wc\/bild\/POS114.JPG", "zustand": "voll funktionsfähig", "einschraenkungen": null, "mail": "wasserbau-bauwerksunterhalt.bau@muenchen.de", "website": null, "telefon": null, "zustaendiges_referat": "BAU-J3", "erzeugt_bearbeitet": "28.03.2023 \/ 02.11.2023", "din_18040_1": null, "toilette_fuer_alle": null, "eignung_blindenhunde": null, "eingangstuer_typ": null, "eingangstuer_glasmarkierung": null, "eingangstuer_klingel_taster": null, "eingangstuer_leichte_fuehrung": null, "eingangstuer_radar_schluessel": null, "eingangstuer_euro_schluessel": null, "eingangstuer_wendekreis": null, "eingangstuer_breite": null, "rampe": null, "rampe_steigung": null, "treppe_vorhanden": null, "treppe_antirutsch": null, "treppe_blindenschrift": null, "treppe_gelaender": null, "treppe_kontrast_visuell": null, "treppe_kontrast_taktil": null, "treppe_stufenanzahl": null, "treppe_stufenhoehe": null, "rollstuhllift": null, "eingangsbereich_beschreibung": null, "gebaeudeinneres_gangbreite": null, "gebaeudeinneres_induktionsschleifen": null, "gebaeudeinneres_fuehrungsrillen": null, "gebaeudeinneres_ruhig": null, "gebaeudeinneres_beleuchtet": null, "aufzug_vorhanden": null, "aufzug_tuerbreite": null, "aufzug_tiefe": null, "aufzug_breite": null, "wctuer_typ": null, "wctuer_glasmarkierung": null, "wctuer_klingel_taster": null, "wctuer_leichte_fuehrung": null, "wctuer_radar_schluessel": null, "wctuer_euro_schluessel": null, "wctuer_wendekreis": null, "wctuer_breite": null, "wctuer_bemerkung": null, "wc_badewanne": null, "wc_dusche": null, "wc_spiegel": null, "wc_gelaender": null, "wc_deckenlifter": null, "wc_standlifter": null, "wc_liege": null, "wc_spiegelhoehe": null, "wc_handtuchspenderhoehe": null, "wc_seifenspender_hoehe": null, "wc_waschbecken_oberkante": null, "wc_waschbecken_hoehe_unterfahrbar": null, "wc_waschbecken_tiefe_unterfahrbar": null, "wc_buegel_rechts": null, "wc_buegel_links": null, "wc_buegel_distanz": null, "wc_buegelhoehe": null, "wc_sitzhoehe": null, "wc_platz_davor": null, "wc_platz_rechts": null, "wc_platz_links": null, "wc_spuelknopf_hinten": null, "wc_spuelknopf_rechts": null, "wc_spuelknopf_links": null, "wc_spuelknopf_hoehe": null, "wc_position_notruf": null, "wc_hoehe_notruf": null, "wc_bermerkung": null, "foto": null }, "geometry": { "type": "Point", "coordinates": [ 11.577372012884599, 48.126613670115852 ] } },
{ "type": "Feature", "id": "wc_finder_opendata.72", "geometry_name": "shape", "properties": { "name": "Mobile Toilettenkabine \"westl. Eduard-Schmid-Str. 36\"", "stadt": "München", "plz": 80469, "strasse": "westl. Eduard-Schmid-Str.", "hausnr": "36", "etage": null, "raumnummer": null, "oeffnungszeiten": null, "kategorie": "divers\/unisex und barrierefrei", "preis": null, "wickeln": 0, "standort_beschreibung": "Bild: http:\/\/geoi.bau.muenchen.de\/einrichtungen\/wc\/bild\/POS113.JPG", "zustand": "voll funktionsfähig", "einschraenkungen": null, "mail": "wasserbau-bauwerksunterhalt.bau@muenchen.de", "website": null, "telefon": null, "zustaendiges_referat": "BAU-J3", "erzeugt_bearbeitet": "28.03.2023 \/ 02.11.2023", "din_18040_1": 0, "toilette_fuer_alle": 0, "eignung_blindenhunde": 0, "eingangstuer_typ": null, "eingangstuer_glasmarkierung": 0, "eingangstuer_klingel_taster": 0, "eingangstuer_leichte_fuehrung": 0, "eingangstuer_radar_schluessel": 0, "eingangstuer_euro_schluessel": 0, "eingangstuer_wendekreis": null, "eingangstuer_breite": null, "rampe": null, "rampe_steigung": null, "treppe_vorhanden": 0, "treppe_antirutsch": 0, "treppe_blindenschrift": 0, "treppe_gelaender": 0, "treppe_kontrast_visuell": 0, "treppe_kontrast_taktil": 0, "treppe_stufenanzahl": null, "treppe_stufenhoehe": null, "rollstuhllift": 0, "eingangsbereich_beschreibung": null, "gebaeudeinneres_gangbreite": null, "gebaeudeinneres_induktionsschleifen": 0, "gebaeudeinneres_fuehrungsrillen": 0, "gebaeudeinneres_ruhig": 0, "gebaeudeinneres_beleuchtet": 0, "aufzug_vorhanden": 0, "aufzug_tuerbreite": null, "aufzug_tiefe": null, "aufzug_breite": null, "wctuer_typ": null, "wctuer_glasmarkierung": 0, "wctuer_klingel_taster": 0, "wctuer_leichte_fuehrung": 0, "wctuer_radar_schluessel": 0, "wctuer_euro_schluessel": 0, "wctuer_wendekreis": null, "wctuer_breite": null, "wctuer_bemerkung": null, "wc_badewanne": 0, "wc_dusche": 0, "wc_spiegel": 0, "wc_gelaender": 0, "wc_deckenlifter": 0, "wc_standlifter": 0, "wc_liege": 0, "wc_spiegelhoehe": null, "wc_handtuchspenderhoehe": null, "wc_seifenspender_hoehe": null, "wc_waschbecken_oberkante": null, "wc_waschbecken_hoehe_unterfahrbar": null, "wc_waschbecken_tiefe_unterfahrbar": null, "wc_buegel_rechts": 0, "wc_buegel_links": 0, "wc_buegel_distanz": null, "wc_buegelhoehe": null, "wc_sitzhoehe": null, "wc_platz_davor": null, "wc_platz_rechts": null, "wc_platz_links": null, "wc_spuelknopf_hinten": 0, "wc_spuelknopf_rechts": 0, "wc_spuelknopf_links": 0, "wc_spuelknopf_hoehe": null, "wc_position_notruf": null, "wc_hoehe_notruf": null, "wc_bermerkung": null, "foto": null }, "geometry": { "type": "Point", "coordinates": [ 11.571701909883098, 48.123653844382808 ] } },
{ "type": "Feature", "id": "wc_finder_opendata.73", "geometry_name": "shape", "properties": { "name": "Mobile Toilettenkabine \"nördl. Flauchersteg\"", "stadt": "München", "plz": 81379, "strasse": null, "hausnr": null, "etage": null, "raumnummer": null, "oeffnungszeiten": null, "kategorie": "divers\/unisex", "preis": null, "wickeln": 0, "standort_beschreibung": "Bild: http:\/\/geoi.bau.muenchen.de\/einrichtungen\/wc\/bild\/POS122.JPG", "zustand": "voll funktionsfähig", "einschraenkungen": null, "mail": "wasserbau-bauwerksunterhalt.bau@muenchen.de", "website": null, "telefon": null, "zustaendiges_referat": "BAU-J3", "erzeugt_bearbeitet": "28.03.2023 \/ 02.11.2023", "din_18040_1": null, "toilette_fuer_alle": null, "eignung_blindenhunde": null, "eingangstuer_typ": null, "eingangstuer_glasmarkierung": null, "eingangstuer_klingel_taster": null, "eingangstuer_leichte_fuehrung": null, "eingangstuer_radar_schluessel": null, "eingangstuer_euro_schluessel": null, "eingangstuer_wendekreis": null, "eingangstuer_breite": null, "rampe": null, "rampe_steigung": null, "treppe_vorhanden": null, "treppe_antirutsch": null, "treppe_blindenschrift": null, "treppe_gelaender": null, "treppe_kontrast_visuell": null, "treppe_kontrast_taktil": null, "treppe_stufenanzahl": null, "treppe_stufenhoehe": null, "rollstuhllift": null, "eingangsbereich_beschreibung": null, "gebaeudeinneres_gangbreite": null, "gebaeudeinneres_induktionsschleifen": null, "gebaeudeinneres_fuehrungsrillen": null, "gebaeudeinneres_ruhig": null, "gebaeudeinneres_beleuchtet": null, "aufzug_vorhanden": null, "aufzug_tuerbreite": null, "aufzug_tiefe": null, "aufzug_breite": null, "wctuer_typ": null, "wctuer_glasmarkierung": null, "wctuer_klingel_taster": null, "wctuer_leichte_fuehrung": null, "wctuer_radar_schluessel": null, "wctuer_euro_schluessel": null, "wctuer_wendekreis": null, "wctuer_breite": null, "wctuer_bemerkung": null, "wc_badewanne": null, "wc_dusche": null, "wc_spiegel": null, "wc_gelaender": null, "wc_deckenlifter": null, "wc_standlifter": null, "wc_liege": null, "wc_spiegelhoehe": null, "wc_handtuchspenderhoehe": null, "wc_seifenspender_hoehe": null, "wc_waschbecken_oberkante": null, "wc_waschbecken_hoehe_unterfahrbar": null, "wc_waschbecken_tiefe_unterfahrbar": null, "wc_buegel_rechts": null, "wc_buegel_links": null, "wc_buegel_distanz": null, "wc_buegelhoehe": null, "wc_sitzhoehe": null, "wc_platz_davor": null, "wc_platz_rechts": null, "wc_platz_links": null, "wc_spuelknopf_hinten": null, "wc_spuelknopf_rechts": null, "wc_spuelknopf_links": null, "wc_spuelknopf_hoehe": null, "wc_position_notruf": null, "wc_hoehe_notruf": null, "wc_bermerkung": null, "foto": null }, "geometry": { "type": "Point", "coordinates": [ 11.55257991472809, 48.106894246170235 ] } },
{ "type": "Feature", "id": "wc_finder_opendata.74", "geometry_name": "shape", "properties": { "name": "Mobile Toilettenkabine \"südl. Wittelsbacherbrücke, bei Bolzplatz\"", "stadt": "München", "plz": 80469, "strasse": null, "hausnr": null, "etage": null, "raumnummer": null, "oeffnungszeiten": "nicht bei Hochwasser", "kategorie": "divers\/unisex", "preis": null, "wickeln": 0, "standort_beschreibung": "Bild: http:\/\/geoi.bau.muenchen.de\/einrichtungen\/wc\/bild\/pt_145_20220817.jpg", "zustand": "voll funktionsfähig", "einschraenkungen": null, "mail": "wasserbau-bauwerksunterhalt.bau@muenchen.de", "website": null, "telefon": null, "zustaendiges_referat": "BAU-J3", "erzeugt_bearbeitet": "28.03.2023 \/ 02.11.2023", "din_18040_1": null, "toilette_fuer_alle": null, "eignung_blindenhunde": null, "eingangstuer_typ": null, "eingangstuer_glasmarkierung": null, "eingangstuer_klingel_taster": null, "eingangstuer_leichte_fuehrung": null, "eingangstuer_radar_schluessel": null, "eingangstuer_euro_schluessel": null, "eingangstuer_wendekreis": null, "eingangstuer_breite": null, "rampe": null, "rampe_steigung": null, "treppe_vorhanden": null, "treppe_antirutsch": null, "treppe_blindenschrift": null, "treppe_gelaender": null, "treppe_kontrast_visuell": null, "treppe_kontrast_taktil": null, "treppe_stufenanzahl": null, "treppe_stufenhoehe": null, "rollstuhllift": null, "eingangsbereich_beschreibung": null, "gebaeudeinneres_gangbreite": null, "gebaeudeinneres_induktionsschleifen": null, "gebaeudeinneres_fuehrungsrillen": null, "gebaeudeinneres_ruhig": null, "gebaeudeinneres_beleuchtet": null, "aufzug_vorhanden": null, "aufzug_tuerbreite": null, "aufzug_tiefe": null, "aufzug_breite": null, "wctuer_typ": null, "wctuer_glasmarkierung": null, "wctuer_klingel_taster": null, "wctuer_leichte_fuehrung": null, "wctuer_radar_schluessel": null, "wctuer_euro_schluessel": null, "wctuer_wendekreis": null, "wctuer_breite": null, "wctuer_bemerkung": null, "wc_badewanne": null, "wc_dusche": null, "wc_spiegel": null, "wc_gelaender": null, "wc_deckenlifter": null, "wc_standlifter": null, "wc_liege": null, "wc_spiegelhoehe": null, "wc_handtuchspenderhoehe": null, "wc_seifenspender_hoehe": null, "wc_waschbecken_oberkante": null, "wc_waschbecken_hoehe_unterfahrbar": null, "wc_waschbecken_tiefe_unterfahrbar": null, "wc_buegel_rechts": null, "wc_buegel_links": null, "wc_buegel_distanz": null, "wc_buegelhoehe": null, "wc_sitzhoehe": null, "wc_platz_davor": null, "wc_platz_rechts": null, "wc_platz_links": null, "wc_spuelknopf_hinten": null, "wc_spuelknopf_rechts": null, "wc_spuelknopf_links": null, "wc_spuelknopf_hoehe": null, "wc_position_notruf": null, "wc_hoehe_notruf": null, "wc_bermerkung": null, "foto": null }, "geometry": { "type": "Point", "coordinates": [ 11.568257058004495, 48.122047325656858 ] } },
{ "type": "Feature", "id": "wc_finder_opendata.75", "geometry_name": "shape", "properties": { "name": "Mobile Toilettenkabine \"südl. Reichenbachbrücke\/ Boosstraße\"", "stadt": "München", "plz": 80469, "strasse": null, "hausnr": null, "etage": null, "raumnummer": null, "oeffnungszeiten": "nicht bei Hochwasser", "kategorie": "divers\/unisex", "preis": null, "wickeln": 0, "standort_beschreibung": null, "zustand": "voll funktionsfähig", "einschraenkungen": null, "mail": "wasserbau-bauwerksunterhalt.bau@muenchen.de", "website": null, "telefon": null, "zustaendiges_referat": "BAU-J3", "erzeugt_bearbeitet": "02.11.2023 \/ 02.11.2023", "din_18040_1": null, "toilette_fuer_alle": null, "eignung_blindenhunde": null, "eingangstuer_typ": null, "eingangstuer_glasmarkierung": null, "eingangstuer_klingel_taster": null, "eingangstuer_leichte_fuehrung": null, "eingangstuer_radar_schluessel": null, "eingangstuer_euro_schluessel": null, "eingangstuer_wendekreis": null, "eingangstuer_breite": null, "rampe": null, "rampe_steigung": null, "treppe_vorhanden": null, "treppe_antirutsch": null, "treppe_blindenschrift": null, "treppe_gelaender": null, "treppe_kontrast_visuell": null, "treppe_kontrast_taktil": null, "treppe_stufenanzahl": null, "treppe_stufenhoehe": null, "rollstuhllift": null, "eingangsbereich_beschreibung": null, "gebaeudeinneres_gangbreite": null, "gebaeudeinneres_induktionsschleifen": null, "gebaeudeinneres_fuehrungsrillen": null, "gebaeudeinneres_ruhig": null, "gebaeudeinneres_beleuchtet": null, "aufzug_vorhanden": null, "aufzug_tuerbreite": null, "aufzug_tiefe": null, "aufzug_breite": null, "wctuer_typ": null, "wctuer_glasmarkierung": null, "wctuer_klingel_taster": null, "wctuer_leichte_fuehrung": null, "wctuer_radar_schluessel": null, "wctuer_euro_schluessel": null, "wctuer_wendekreis": null, "wctuer_breite": null, "wctuer_bemerkung": null, "wc_badewanne": null, "wc_dusche": null, "wc_spiegel": null, "wc_gelaender": null, "wc_deckenlifter": null, "wc_standlifter": null, "wc_liege": null, "wc_spiegelhoehe": null, "wc_handtuchspenderhoehe": null, "wc_seifenspender_hoehe": null, "wc_waschbecken_oberkante": null, "wc_waschbecken_hoehe_unterfahrbar": null, "wc_waschbecken_tiefe_unterfahrbar": null, "wc_buegel_rechts": null, "wc_buegel_links": null, "wc_buegel_distanz": null, "wc_buegelhoehe": null, "wc_sitzhoehe": null, "wc_platz_davor": null, "wc_platz_rechts": null, "wc_platz_links": null, "wc_spuelknopf_hinten": null, "wc_spuelknopf_rechts": null, "wc_spuelknopf_links": null, "wc_spuelknopf_hoehe": null, "wc_position_notruf": null, "wc_hoehe_notruf": null, "wc_bermerkung": null, "foto": null }, "geometry": { "type": "Point", "coordinates": [ 11.57603999126213, 48.126009853223614 ] } },
{ "type": "Feature", "id": "wc_finder_opendata.76", "geometry_name": "shape", "properties": { "name": "Mobile Toilettenkabine Isarauen \"südlich Brudermühlbrücke\"", "stadt": "München", "plz": 81379, "strasse": "südlich Brudermühlbrücke", "hausnr": null, "etage": null, "raumnummer": null, "oeffnungszeiten": null, "kategorie": "divers\/unisex", "preis": null, "wickeln": 0, "standort_beschreibung": "nicht bei Hochwasser. ", "zustand": "voll funktionsfähig", "einschraenkungen": null, "mail": "wasserbau-bauwerksunterhalt.bau@muenchen.de", "website": null, "telefon": null, "zustaendiges_referat": "BAU-J3", "erzeugt_bearbeitet": "28.03.2023 \/ 02.11.2023", "din_18040_1": null, "toilette_fuer_alle": null, "eignung_blindenhunde": null, "eingangstuer_typ": null, "eingangstuer_glasmarkierung": null, "eingangstuer_klingel_taster": null, "eingangstuer_leichte_fuehrung": null, "eingangstuer_radar_schluessel": null, "eingangstuer_euro_schluessel": null, "eingangstuer_wendekreis": null, "eingangstuer_breite": null, "rampe": null, "rampe_steigung": null, "treppe_vorhanden": null, "treppe_antirutsch": null, "treppe_blindenschrift": null, "treppe_gelaender": null, "treppe_kontrast_visuell": null, "treppe_kontrast_taktil": null, "treppe_stufenanzahl": null, "treppe_stufenhoehe": null, "rollstuhllift": null, "eingangsbereich_beschreibung": null, "gebaeudeinneres_gangbreite": null, "gebaeudeinneres_induktionsschleifen": null, "gebaeudeinneres_fuehrungsrillen": null, "gebaeudeinneres_ruhig": null, "gebaeudeinneres_beleuchtet": null, "aufzug_vorhanden": null, "aufzug_tuerbreite": null, "aufzug_tiefe": null, "aufzug_breite": null, "wctuer_typ": null, "wctuer_glasmarkierung": null, "wctuer_klingel_taster": null, "wctuer_leichte_fuehrung": null, "wctuer_radar_schluessel": null, "wctuer_euro_schluessel": null, "wctuer_wendekreis": null, "wctuer_breite": null, "wctuer_bemerkung": null, "wc_badewanne": null, "wc_dusche": null, "wc_spiegel": null, "wc_gelaender": null, "wc_deckenlifter": null, "wc_standlifter": null, "wc_liege": null, "wc_spiegelhoehe": null, "wc_handtuchspenderhoehe": null, "wc_seifenspender_hoehe": null, "wc_waschbecken_oberkante": null, "wc_waschbecken_hoehe_unterfahrbar": null, "wc_waschbecken_tiefe_unterfahrbar": null, "wc_buegel_rechts": null, "wc_buegel_links": null, "wc_buegel_distanz": null, "wc_buegelhoehe": null, "wc_sitzhoehe": null, "wc_platz_davor": null, "wc_platz_rechts": null, "wc_platz_links": null, "wc_spuelknopf_hinten": null, "wc_spuelknopf_rechts": null, "wc_spuelknopf_links": null, "wc_spuelknopf_hoehe": null, "wc_position_notruf": null, "wc_hoehe_notruf": null, "wc_bermerkung": null, "foto": null }, "geometry": { "type": "Point", "coordinates": [ 11.559172800526904, 48.111639799549096 ] } },
{ "type": "Feature", "id": "wc_finder_opendata.77", "geometry_name": "shape", "properties": { "name": "Öffentliche Toilettenkabine Isarauen \"südlich Reichenbachbrücke\"", "stadt": "München", "plz": 80469, "strasse": "südlich Reichenbachbrücke", "hausnr": null, "etage": null, "raumnummer": null, "oeffnungszeiten": "nicht bei Hochwasser", "kategorie": "divers\/unisex", "preis": null, "wickeln": 0, "standort_beschreibung": "nicht bei Hochwasser. ", "zustand": "voll funktionsfähig", "einschraenkungen": null, "mail": "wasserbau-bauwerksunterhalt.bau@muenchen.de", "website": null, "telefon": null, "zustaendiges_referat": "BAU-J3", "erzeugt_bearbeitet": "28.03.2023 \/ 02.11.2023", "din_18040_1": null, "toilette_fuer_alle": null, "eignung_blindenhunde": null, "eingangstuer_typ": null, "eingangstuer_glasmarkierung": null, "eingangstuer_klingel_taster": null, "eingangstuer_leichte_fuehrung": null, "eingangstuer_radar_schluessel": null, "eingangstuer_euro_schluessel": null, "eingangstuer_wendekreis": null, "eingangstuer_breite": null, "rampe": null, "rampe_steigung": null, "treppe_vorhanden": null, "treppe_antirutsch": null, "treppe_blindenschrift": null, "treppe_gelaender": null, "treppe_kontrast_visuell": null, "treppe_kontrast_taktil": null, "treppe_stufenanzahl": null, "treppe_stufenhoehe": null, "rollstuhllift": null, "eingangsbereich_beschreibung": null, "gebaeudeinneres_gangbreite": null, "gebaeudeinneres_induktionsschleifen": null, "gebaeudeinneres_fuehrungsrillen": null, "gebaeudeinneres_ruhig": null, "gebaeudeinneres_beleuchtet": null, "aufzug_vorhanden": null, "aufzug_tuerbreite": null, "aufzug_tiefe": null, "aufzug_breite": null, "wctuer_typ": null, "wctuer_glasmarkierung": null, "wctuer_klingel_taster": null, "wctuer_leichte_fuehrung": null, "wctuer_radar_schluessel": null, "wctuer_euro_schluessel": null, "wctuer_wendekreis": null, "wctuer_breite": null, "wctuer_bemerkung": null, "wc_badewanne": null, "wc_dusche": null, "wc_spiegel": null, "wc_gelaender": null, "wc_deckenlifter": null, "wc_standlifter": null, "wc_liege": null, "wc_spiegelhoehe": null, "wc_handtuchspenderhoehe": null, "wc_seifenspender_hoehe": null, "wc_waschbecken_oberkante": null, "wc_waschbecken_hoehe_unterfahrbar": null, "wc_waschbecken_tiefe_unterfahrbar": null, "wc_buegel_rechts": null, "wc_buegel_links": null, "wc_buegel_distanz": null, "wc_buegelhoehe": null, "wc_sitzhoehe": null, "wc_platz_davor": null, "wc_platz_rechts": null, "wc_platz_links": null, "wc_spuelknopf_hinten": null, "wc_spuelknopf_rechts": null, "wc_spuelknopf_links": null, "wc_spuelknopf_hoehe": null, "wc_position_notruf": null, "wc_hoehe_notruf": null, "wc_bermerkung": null, "foto": null }, "geometry": { "type": "Point", "coordinates": [ 11.577423199741846, 48.126629599606325 ] } },
{ "type": "Feature", "id": "wc_finder_opendata.78", "geometry_name": "shape", "properties": { "name": "Mobile Toilettenkabine \"nördl. Wittelsbacherbrücke\"", "stadt": "München", "plz": 80469, "strasse": null, "hausnr": null, "etage": null, "raumnummer": null, "oeffnungszeiten": "nicht bei Hochwasser", "kategorie": "divers\/unisex", "preis": null, "wickeln": 0, "standort_beschreibung": "Bild: http:\/\/geoi.bau.muenchen.de\/einrichtungen\/wc\/bild\/pt_148_20220817.jpg", "zustand": "voll funktionsfähig", "einschraenkungen": null, "mail": "wasserbau-bauwerksunterhalt.bau@muenchen.de", "website": null, "telefon": null, "zustaendiges_referat": "BAU-J3", "erzeugt_bearbeitet": "02.11.2023 \/ 02.11.2023", "din_18040_1": null, "toilette_fuer_alle": null, "eignung_blindenhunde": null, "eingangstuer_typ": null, "eingangstuer_glasmarkierung": null, "eingangstuer_klingel_taster": null, "eingangstuer_leichte_fuehrung": null, "eingangstuer_radar_schluessel": null, "eingangstuer_euro_schluessel": null, "eingangstuer_wendekreis": null, "eingangstuer_breite": null, "rampe": null, "rampe_steigung": null, "treppe_vorhanden": null, "treppe_antirutsch": null, "treppe_blindenschrift": null, "treppe_gelaender": null, "treppe_kontrast_visuell": null, "treppe_kontrast_taktil": null, "treppe_stufenanzahl": null, "treppe_stufenhoehe": null, "rollstuhllift": null, "eingangsbereich_beschreibung": null, "gebaeudeinneres_gangbreite": null, "gebaeudeinneres_induktionsschleifen": null, "gebaeudeinneres_fuehrungsrillen": null, "gebaeudeinneres_ruhig": null, "gebaeudeinneres_beleuchtet": null, "aufzug_vorhanden": null, "aufzug_tuerbreite": null, "aufzug_tiefe": null, "aufzug_breite": null, "wctuer_typ": null, "wctuer_glasmarkierung": null, "wctuer_klingel_taster": null, "wctuer_leichte_fuehrung": null, "wctuer_radar_schluessel": null, "wctuer_euro_schluessel": null, "wctuer_wendekreis": null, "wctuer_breite": null, "wctuer_bemerkung": null, "wc_badewanne": null, "wc_dusche": null, "wc_spiegel": null, "wc_gelaender": null, "wc_deckenlifter": null, "wc_standlifter": null, "wc_liege": null, "wc_spiegelhoehe": null, "wc_handtuchspenderhoehe": null, "wc_seifenspender_hoehe": null, "wc_waschbecken_oberkante": null, "wc_waschbecken_hoehe_unterfahrbar": null, "wc_waschbecken_tiefe_unterfahrbar": null, "wc_buegel_rechts": null, "wc_buegel_links": null, "wc_buegel_distanz": null, "wc_buegelhoehe": null, "wc_sitzhoehe": null, "wc_platz_davor": null, "wc_platz_rechts": null, "wc_platz_links": null, "wc_spuelknopf_hinten": null, "wc_spuelknopf_rechts": null, "wc_spuelknopf_links": null, "wc_spuelknopf_hoehe": null, "wc_position_notruf": null, "wc_hoehe_notruf": null, "wc_bermerkung": null, "foto": null }, "geometry": { "type": "Point", "coordinates": [ 11.568766820328404, 48.12222254532324 ] } },
{ "type": "Feature", "id": "wc_finder_opendata.79", "geometry_name": "shape", "properties": { "name": "Mobile Toilettenkabine \"nördl. Wittelsbacherbrücke\"", "stadt": "München", "plz": 80469, "strasse": null, "hausnr": null, "etage": null, "raumnummer": null, "oeffnungszeiten": "nicht bei Hochwasser", "kategorie": "divers\/unisex", "preis": null, "wickeln": 0, "standort_beschreibung": "Bild: http:\/\/geoi.bau.muenchen.de\/einrichtungen\/wc\/bild\/pt_148_20220817.jpg", "zustand": "voll funktionsfähig", "einschraenkungen": null, "mail": "wasserbau-bauwerksunterhalt.bau@muenchen.de", "website": null, "telefon": null, "zustaendiges_referat": "BAU-J3", "erzeugt_bearbeitet": "02.11.2023 \/ 02.11.2023", "din_18040_1": null, "toilette_fuer_alle": null, "eignung_blindenhunde": null, "eingangstuer_typ": null, "eingangstuer_glasmarkierung": null, "eingangstuer_klingel_taster": null, "eingangstuer_leichte_fuehrung": null, "eingangstuer_radar_schluessel": null, "eingangstuer_euro_schluessel": null, "eingangstuer_wendekreis": null, "eingangstuer_breite": null, "rampe": null, "rampe_steigung": null, "treppe_vorhanden": null, "treppe_antirutsch": null, "treppe_blindenschrift": null, "treppe_gelaender": null, "treppe_kontrast_visuell": null, "treppe_kontrast_taktil": null, "treppe_stufenanzahl": null, "treppe_stufenhoehe": null, "rollstuhllift": null, "eingangsbereich_beschreibung": null, "gebaeudeinneres_gangbreite": null, "gebaeudeinneres_induktionsschleifen": null, "gebaeudeinneres_fuehrungsrillen": null, "gebaeudeinneres_ruhig": null, "gebaeudeinneres_beleuchtet": null, "aufzug_vorhanden": null, "aufzug_tuerbreite": null, "aufzug_tiefe": null, "aufzug_breite": null, "wctuer_typ": null, "wctuer_glasmarkierung": null, "wctuer_klingel_taster": null, "wctuer_leichte_fuehrung": null, "wctuer_radar_schluessel": null, "wctuer_euro_schluessel": null, "wctuer_wendekreis": null, "wctuer_breite": null, "wctuer_bemerkung": null, "wc_badewanne": null, "wc_dusche": null, "wc_spiegel": null, "wc_gelaender": null, "wc_deckenlifter": null, "wc_standlifter": null, "wc_liege": null, "wc_spiegelhoehe": null, "wc_handtuchspenderhoehe": null, "wc_seifenspender_hoehe": null, "wc_waschbecken_oberkante": null, "wc_waschbecken_hoehe_unterfahrbar": null, "wc_waschbecken_tiefe_unterfahrbar": null, "wc_buegel_rechts": null, "wc_buegel_links": null, "wc_buegel_distanz": null, "wc_buegelhoehe": null, "wc_sitzhoehe": null, "wc_platz_davor": null, "wc_platz_rechts": null, "wc_platz_links": null, "wc_spuelknopf_hinten": null, "wc_spuelknopf_rechts": null, "wc_spuelknopf_links": null, "wc_spuelknopf_hoehe": null, "wc_position_notruf": null, "wc_hoehe_notruf": null, "wc_bermerkung": null, "foto": null }, "geometry": { "type": "Point", "coordinates": [ 11.568753430938283, 48.122232129791982 ] } },
{ "type": "Feature", "id": "wc_finder_opendata.80", "geometry_name": "shape", "properties": { "name": "Mobile Toilettenkabine \"südl. Braunauer Eisenbahnbrücke\"", "stadt": "München", "plz": 81371, "strasse": "Teutoburger Str.", "hausnr": "11", "etage": null, "raumnummer": null, "oeffnungszeiten": null, "kategorie": "divers\/unisex", "preis": null, "wickeln": 0, "standort_beschreibung": "Bild: http:\/\/geoi.bau.muenchen.de\/einrichtungen\/wc\/bild\/pt_127_20220817.jpg", "zustand": "voll funktionsfähig", "einschraenkungen": null, "mail": "wasserbau-bauwerksunterhalt.bau@muenchen.de", "website": null, "telefon": null, "zustaendiges_referat": "BAU-J3", "erzeugt_bearbeitet": "28.03.2023 \/ 02.11.2023", "din_18040_1": null, "toilette_fuer_alle": null, "eignung_blindenhunde": null, "eingangstuer_typ": null, "eingangstuer_glasmarkierung": null, "eingangstuer_klingel_taster": null, "eingangstuer_leichte_fuehrung": null, "eingangstuer_radar_schluessel": null, "eingangstuer_euro_schluessel": null, "eingangstuer_wendekreis": null, "eingangstuer_breite": null, "rampe": null, "rampe_steigung": null, "treppe_vorhanden": null, "treppe_antirutsch": null, "treppe_blindenschrift": null, "treppe_gelaender": null, "treppe_kontrast_visuell": null, "treppe_kontrast_taktil": null, "treppe_stufenanzahl": null, "treppe_stufenhoehe": null, "rollstuhllift": null, "eingangsbereich_beschreibung": null, "gebaeudeinneres_gangbreite": null, "gebaeudeinneres_induktionsschleifen": null, "gebaeudeinneres_fuehrungsrillen": null, "gebaeudeinneres_ruhig": null, "gebaeudeinneres_beleuchtet": null, "aufzug_vorhanden": null, "aufzug_tuerbreite": null, "aufzug_tiefe": null, "aufzug_breite": null, "wctuer_typ": null, "wctuer_glasmarkierung": null, "wctuer_klingel_taster": null, "wctuer_leichte_fuehrung": null, "wctuer_radar_schluessel": null, "wctuer_euro_schluessel": null, "wctuer_wendekreis": null, "wctuer_breite": null, "wctuer_bemerkung": null, "wc_badewanne": null, "wc_dusche": null, "wc_spiegel": null, "wc_gelaender": null, "wc_deckenlifter": null, "wc_standlifter": null, "wc_liege": null, "wc_spiegelhoehe": null, "wc_handtuchspenderhoehe": null, "wc_seifenspender_hoehe": null, "wc_waschbecken_oberkante": null, "wc_waschbecken_hoehe_unterfahrbar": null, "wc_waschbecken_tiefe_unterfahrbar": null, "wc_buegel_rechts": null, "wc_buegel_links": null, "wc_buegel_distanz": null, "wc_buegelhoehe": null, "wc_sitzhoehe": null, "wc_platz_davor": null, "wc_platz_rechts": null, "wc_platz_links": null, "wc_spuelknopf_hinten": null, "wc_spuelknopf_rechts": null, "wc_spuelknopf_links": null, "wc_spuelknopf_hoehe": null, "wc_position_notruf": null, "wc_hoehe_notruf": null, "wc_bermerkung": null, "foto": null }, "geometry": { "type": "Point", "coordinates": [ 11.562158129075462, 48.117800582971654 ] } },
{ "type": "Feature", "id": "wc_finder_opendata.81", "geometry_name": "shape", "properties": { "name": "Mobile Toilettenkabine \"südl. Braunauer Eisenbahnbrücke\"", "stadt": "München", "plz": 81371, "strasse": "Teutoburger Str.", "hausnr": "11", "etage": null, "raumnummer": null, "oeffnungszeiten": null, "kategorie": "divers\/unisex", "preis": null, "wickeln": 0, "standort_beschreibung": "Bild: http:\/\/geoi.bau.muenchen.de\/einrichtungen\/wc\/bild\/pt_127_20220817.jpg", "zustand": "voll funktionsfähig", "einschraenkungen": null, "mail": "wasserbau-bauwerksunterhalt.bau@muenchen.de", "website": null, "telefon": null, "zustaendiges_referat": "BAU-J3", "erzeugt_bearbeitet": "02.11.2023 \/ 02.11.2023", "din_18040_1": null, "toilette_fuer_alle": null, "eignung_blindenhunde": null, "eingangstuer_typ": null, "eingangstuer_glasmarkierung": null, "eingangstuer_klingel_taster": null, "eingangstuer_leichte_fuehrung": null, "eingangstuer_radar_schluessel": null, "eingangstuer_euro_schluessel": null, "eingangstuer_wendekreis": null, "eingangstuer_breite": null, "rampe": null, "rampe_steigung": null, "treppe_vorhanden": null, "treppe_antirutsch": null, "treppe_blindenschrift": null, "treppe_gelaender": null, "treppe_kontrast_visuell": null, "treppe_kontrast_taktil": null, "treppe_stufenanzahl": null, "treppe_stufenhoehe": null, "rollstuhllift": null, "eingangsbereich_beschreibung": null, "gebaeudeinneres_gangbreite": null, "gebaeudeinneres_induktionsschleifen": null, "gebaeudeinneres_fuehrungsrillen": null, "gebaeudeinneres_ruhig": null, "gebaeudeinneres_beleuchtet": null, "aufzug_vorhanden": null, "aufzug_tuerbreite": null, "aufzug_tiefe": null, "aufzug_breite": null, "wctuer_typ": null, "wctuer_glasmarkierung": null, "wctuer_klingel_taster": null, "wctuer_leichte_fuehrung": null, "wctuer_radar_schluessel": null, "wctuer_euro_schluessel": null, "wctuer_wendekreis": null, "wctuer_breite": null, "wctuer_bemerkung": null, "wc_badewanne": null, "wc_dusche": null, "wc_spiegel": null, "wc_gelaender": null, "wc_deckenlifter": null, "wc_standlifter": null, "wc_liege": null, "wc_spiegelhoehe": null, "wc_handtuchspenderhoehe": null, "wc_seifenspender_hoehe": null, "wc_waschbecken_oberkante": null, "wc_waschbecken_hoehe_unterfahrbar": null, "wc_waschbecken_tiefe_unterfahrbar": null, "wc_buegel_rechts": null, "wc_buegel_links": null, "wc_buegel_distanz": null, "wc_buegelhoehe": null, "wc_sitzhoehe": null, "wc_platz_davor": null, "wc_platz_rechts": null, "wc_platz_links": null, "wc_spuelknopf_hinten": null, "wc_spuelknopf_rechts": null, "wc_spuelknopf_links": null, "wc_spuelknopf_hoehe": null, "wc_position_notruf": null, "wc_hoehe_notruf": null, "wc_bermerkung": null, "foto": null }, "geometry": { "type": "Point", "coordinates": [ 11.562146225944959, 48.117791237777801 ] } },
{ "type": "Feature", "id": "wc_finder_opendata.82", "geometry_name": "shape", "properties": { "name": "Mobile Toilettenkabine \"südl. Braunauer Eisenbahnbrücke\"", "stadt": "München", "plz": 81371, "strasse": "Teutoburger Str.", "hausnr": "11", "etage": null, "raumnummer": null, "oeffnungszeiten": null, "kategorie": "divers\/unisex", "preis": null, "wickeln": 0, "standort_beschreibung": "Bild: http:\/\/geoi.bau.muenchen.de\/einrichtungen\/wc\/bild\/pt_127_20220817.jpg", "zustand": "voll funktionsfähig", "einschraenkungen": null, "mail": "wasserbau-bauwerksunterhalt.bau@muenchen.de", "website": null, "telefon": null, "zustaendiges_referat": "BAU-J3", "erzeugt_bearbeitet": "02.11.2023 \/ 02.11.2023", "din_18040_1": null, "toilette_fuer_alle": null, "eignung_blindenhunde": null, "eingangstuer_typ": null, "eingangstuer_glasmarkierung": null, "eingangstuer_klingel_taster": null, "eingangstuer_leichte_fuehrung": null, "eingangstuer_radar_schluessel": null, "eingangstuer_euro_schluessel": null, "eingangstuer_wendekreis": null, "eingangstuer_breite": null, "rampe": null, "rampe_steigung": null, "treppe_vorhanden": null, "treppe_antirutsch": null, "treppe_blindenschrift": null, "treppe_gelaender": null, "treppe_kontrast_visuell": null, "treppe_kontrast_taktil": null, "treppe_stufenanzahl": null, "treppe_stufenhoehe": null, "rollstuhllift": null, "eingangsbereich_beschreibung": null, "gebaeudeinneres_gangbreite": null, "gebaeudeinneres_induktionsschleifen": null, "gebaeudeinneres_fuehrungsrillen": null, "gebaeudeinneres_ruhig": null, "gebaeudeinneres_beleuchtet": null, "aufzug_vorhanden": null, "aufzug_tuerbreite": null, "aufzug_tiefe": null, "aufzug_breite": null, "wctuer_typ": null, "wctuer_glasmarkierung": null, "wctuer_klingel_taster": null, "wctuer_leichte_fuehrung": null, "wctuer_radar_schluessel": null, "wctuer_euro_schluessel": null, "wctuer_wendekreis": null, "wctuer_breite": null, "wctuer_bemerkung": null, "wc_badewanne": null, "wc_dusche": null, "wc_spiegel": null, "wc_gelaender": null, "wc_deckenlifter": null, "wc_standlifter": null, "wc_liege": null, "wc_spiegelhoehe": null, "wc_handtuchspenderhoehe": null, "wc_seifenspender_hoehe": null, "wc_waschbecken_oberkante": null, "wc_waschbecken_hoehe_unterfahrbar": null, "wc_waschbecken_tiefe_unterfahrbar": null, "wc_buegel_rechts": null, "wc_buegel_links": null, "wc_buegel_distanz": null, "wc_buegelhoehe": null, "wc_sitzhoehe": null, "wc_platz_davor": null, "wc_platz_rechts": null, "wc_platz_links": null, "wc_spuelknopf_hinten": null, "wc_spuelknopf_rechts": null, "wc_spuelknopf_links": null, "wc_spuelknopf_hoehe": null, "wc_position_notruf": null, "wc_hoehe_notruf": null, "wc_bermerkung": null, "foto": null }, "geometry": { "type": "Point", "coordinates": [ 11.562132920114941, 48.11778105916941 ] } },
{ "type": "Feature", "id": "wc_finder_opendata.83", "geometry_name": "shape", "properties": { "name": "Mobile Toilettenkabine \"südl. Braunauer Eisenbahnbrücke\"", "stadt": "München", "plz": 81371, "strasse": "Teutoburger Str.", "hausnr": "11", "etage": null, "raumnummer": null, "oeffnungszeiten": null, "kategorie": "divers\/unisex", "preis": null, "wickeln": 0, "standort_beschreibung": "Bild: http:\/\/geoi.bau.muenchen.de\/einrichtungen\/wc\/bild\/pt_127_20220817.jpg", "zustand": "voll funktionsfähig", "einschraenkungen": null, "mail": "wasserbau-bauwerksunterhalt.bau@muenchen.de", "website": null, "telefon": null, "zustaendiges_referat": "BAU-J3", "erzeugt_bearbeitet": "02.11.2023 \/ 02.11.2023", "din_18040_1": null, "toilette_fuer_alle": null, "eignung_blindenhunde": null, "eingangstuer_typ": null, "eingangstuer_glasmarkierung": null, "eingangstuer_klingel_taster": null, "eingangstuer_leichte_fuehrung": null, "eingangstuer_radar_schluessel": null, "eingangstuer_euro_schluessel": null, "eingangstuer_wendekreis": null, "eingangstuer_breite": null, "rampe": null, "rampe_steigung": null, "treppe_vorhanden": null, "treppe_antirutsch": null, "treppe_blindenschrift": null, "treppe_gelaender": null, "treppe_kontrast_visuell": null, "treppe_kontrast_taktil": null, "treppe_stufenanzahl": null, "treppe_stufenhoehe": null, "rollstuhllift": null, "eingangsbereich_beschreibung": null, "gebaeudeinneres_gangbreite": null, "gebaeudeinneres_induktionsschleifen": null, "gebaeudeinneres_fuehrungsrillen": null, "gebaeudeinneres_ruhig": null, "gebaeudeinneres_beleuchtet": null, "aufzug_vorhanden": null, "aufzug_tuerbreite": null, "aufzug_tiefe": null, "aufzug_breite": null, "wctuer_typ": null, "wctuer_glasmarkierung": null, "wctuer_klingel_taster": null, "wctuer_leichte_fuehrung": null, "wctuer_radar_schluessel": null, "wctuer_euro_schluessel": null, "wctuer_wendekreis": null, "wctuer_breite": null, "wctuer_bemerkung": null, "wc_badewanne": null, "wc_dusche": null, "wc_spiegel": null, "wc_gelaender": null, "wc_deckenlifter": null, "wc_standlifter": null, "wc_liege": null, "wc_spiegelhoehe": null, "wc_handtuchspenderhoehe": null, "wc_seifenspender_hoehe": null, "wc_waschbecken_oberkante": null, "wc_waschbecken_hoehe_unterfahrbar": null, "wc_waschbecken_tiefe_unterfahrbar": null, "wc_buegel_rechts": null, "wc_buegel_links": null, "wc_buegel_distanz": null, "wc_buegelhoehe": null, "wc_sitzhoehe": null, "wc_platz_davor": null, "wc_platz_rechts": null, "wc_platz_links": null, "wc_spuelknopf_hinten": null, "wc_spuelknopf_rechts": null, "wc_spuelknopf_links": null, "wc_spuelknopf_hoehe": null, "wc_position_notruf": null, "wc_hoehe_notruf": null, "wc_bermerkung": null, "foto": null }, "geometry": { "type": "Point", "coordinates": [ 11.562119981844601, 48.117771110806146 ] } },
{ "type": "Feature", "id": "wc_finder_opendata.84", "geometry_name": "shape", "properties": { "name": "Mobile Toilettenkabine \"südl. Flauchersteg\"", "stadt": "München", "plz": 81543, "strasse": null, "hausnr": null, "etage": null, "raumnummer": null, "oeffnungszeiten": "nicht bei Hochwasser", "kategorie": "divers\/unisex", "preis": null, "wickeln": 0, "standort_beschreibung": "Bild: http:\/\/geoi.bau.muenchen.de\/einrichtungen\/wc\/bild\/pt_76_20220817.jpg", "zustand": "voll funktionsfähig", "einschraenkungen": null, "mail": "wasserbau-bauwerksunterhalt.bau@muenchen.de", "website": null, "telefon": null, "zustaendiges_referat": "BAU-J3", "erzeugt_bearbeitet": "02.11.2023 \/ 02.11.2023", "din_18040_1": null, "toilette_fuer_alle": null, "eignung_blindenhunde": null, "eingangstuer_typ": null, "eingangstuer_glasmarkierung": null, "eingangstuer_klingel_taster": null, "eingangstuer_leichte_fuehrung": null, "eingangstuer_radar_schluessel": null, "eingangstuer_euro_schluessel": null, "eingangstuer_wendekreis": null, "eingangstuer_breite": null, "rampe": null, "rampe_steigung": null, "treppe_vorhanden": null, "treppe_antirutsch": null, "treppe_blindenschrift": null, "treppe_gelaender": null, "treppe_kontrast_visuell": null, "treppe_kontrast_taktil": null, "treppe_stufenanzahl": null, "treppe_stufenhoehe": null, "rollstuhllift": null, "eingangsbereich_beschreibung": null, "gebaeudeinneres_gangbreite": null, "gebaeudeinneres_induktionsschleifen": null, "gebaeudeinneres_fuehrungsrillen": null, "gebaeudeinneres_ruhig": null, "gebaeudeinneres_beleuchtet": null, "aufzug_vorhanden": null, "aufzug_tuerbreite": null, "aufzug_tiefe": null, "aufzug_breite": null, "wctuer_typ": null, "wctuer_glasmarkierung": null, "wctuer_klingel_taster": null, "wctuer_leichte_fuehrung": null, "wctuer_radar_schluessel": null, "wctuer_euro_schluessel": null, "wctuer_wendekreis": null, "wctuer_breite": null, "wctuer_bemerkung": null, "wc_badewanne": null, "wc_dusche": null, "wc_spiegel": null, "wc_gelaender": null, "wc_deckenlifter": null, "wc_standlifter": null, "wc_liege": null, "wc_spiegelhoehe": null, "wc_handtuchspenderhoehe": null, "wc_seifenspender_hoehe": null, "wc_waschbecken_oberkante": null, "wc_waschbecken_hoehe_unterfahrbar": null, "wc_waschbecken_tiefe_unterfahrbar": null, "wc_buegel_rechts": null, "wc_buegel_links": null, "wc_buegel_distanz": null, "wc_buegelhoehe": null, "wc_sitzhoehe": null, "wc_platz_davor": null, "wc_platz_rechts": null, "wc_platz_links": null, "wc_spuelknopf_hinten": null, "wc_spuelknopf_rechts": null, "wc_spuelknopf_links": null, "wc_spuelknopf_hoehe": null, "wc_position_notruf": null, "wc_hoehe_notruf": null, "wc_bermerkung": null, "foto": null }, "geometry": { "type": "Point", "coordinates": [ 11.552246801859862, 48.102470795287047 ] } },
{ "type": "Feature", "id": "wc_finder_opendata.85", "geometry_name": "shape", "properties": { "name": "Mobile Toilettenkabine \"südl. Thalkirchner Brücke\"", "stadt": "München", "plz": 81543, "strasse": null, "hausnr": null, "etage": null, "raumnummer": null, "oeffnungszeiten": "nicht bei Hochwasser", "kategorie": "divers\/unisex", "preis": null, "wickeln": 0, "standort_beschreibung": "", "zustand": "voll funktionsfähig", "einschraenkungen": null, "mail": "wasserbau-bauwerksunterhalt.bau@muenchen.de", "website": null, "telefon": null, "zustaendiges_referat": "BAU-J3", "erzeugt_bearbeitet": "02.11.2023 \/ 02.11.2023", "din_18040_1": null, "toilette_fuer_alle": null, "eignung_blindenhunde": null, "eingangstuer_typ": null, "eingangstuer_glasmarkierung": null, "eingangstuer_klingel_taster": null, "eingangstuer_leichte_fuehrung": null, "eingangstuer_radar_schluessel": null, "eingangstuer_euro_schluessel": null, "eingangstuer_wendekreis": null, "eingangstuer_breite": null, "rampe": null, "rampe_steigung": null, "treppe_vorhanden": null, "treppe_antirutsch": null, "treppe_blindenschrift": null, "treppe_gelaender": null, "treppe_kontrast_visuell": null, "treppe_kontrast_taktil": null, "treppe_stufenanzahl": null, "treppe_stufenhoehe": null, "rollstuhllift": null, "eingangsbereich_beschreibung": null, "gebaeudeinneres_gangbreite": null, "gebaeudeinneres_induktionsschleifen": null, "gebaeudeinneres_fuehrungsrillen": null, "gebaeudeinneres_ruhig": null, "gebaeudeinneres_beleuchtet": null, "aufzug_vorhanden": null, "aufzug_tuerbreite": null, "aufzug_tiefe": null, "aufzug_breite": null, "wctuer_typ": null, "wctuer_glasmarkierung": null, "wctuer_klingel_taster": null, "wctuer_leichte_fuehrung": null, "wctuer_radar_schluessel": null, "wctuer_euro_schluessel": null, "wctuer_wendekreis": null, "wctuer_breite": null, "wctuer_bemerkung": null, "wc_badewanne": null, "wc_dusche": null, "wc_spiegel": null, "wc_gelaender": null, "wc_deckenlifter": null, "wc_standlifter": null, "wc_liege": null, "wc_spiegelhoehe": null, "wc_handtuchspenderhoehe": null, "wc_seifenspender_hoehe": null, "wc_waschbecken_oberkante": null, "wc_waschbecken_hoehe_unterfahrbar": null, "wc_waschbecken_tiefe_unterfahrbar": null, "wc_buegel_rechts": null, "wc_buegel_links": null, "wc_buegel_distanz": null, "wc_buegelhoehe": null, "wc_sitzhoehe": null, "wc_platz_davor": null, "wc_platz_rechts": null, "wc_platz_links": null, "wc_spuelknopf_hinten": null, "wc_spuelknopf_rechts": null, "wc_spuelknopf_links": null, "wc_spuelknopf_hoehe": null, "wc_position_notruf": null, "wc_hoehe_notruf": null, "wc_bermerkung": null, "foto": null }, "geometry": { "type": "Point", "coordinates": [ 11.550623993367545, 48.100300871795071 ] } },
{ "type": "Feature", "id": "wc_finder_opendata.86", "geometry_name": "shape", "properties": { "name": "Mobile Toilettenkabine \"nördl. Wasserwachtstation\"", "stadt": "München", "plz": 81379, "strasse": "Marienklausenbrücke", "hausnr": "3", "etage": null, "raumnummer": null, "oeffnungszeiten": "nicht bei Hochwasser", "kategorie": "divers\/unisex", "preis": null, "wickeln": 0, "standort_beschreibung": "Bild: http:\/\/geoi.bau.muenchen.de\/einrichtungen\/wc\/bild\/pt_64_20220817.jpg", "zustand": "voll funktionsfähig", "einschraenkungen": null, "mail": "wasserbau-bauwerksunterhalt.bau@muenchen.de", "website": null, "telefon": null, "zustaendiges_referat": "BAU-J3", "erzeugt_bearbeitet": "02.11.2023 \/ 02.11.2023", "din_18040_1": null, "toilette_fuer_alle": null, "eignung_blindenhunde": null, "eingangstuer_typ": null, "eingangstuer_glasmarkierung": null, "eingangstuer_klingel_taster": null, "eingangstuer_leichte_fuehrung": null, "eingangstuer_radar_schluessel": null, "eingangstuer_euro_schluessel": null, "eingangstuer_wendekreis": null, "eingangstuer_breite": null, "rampe": null, "rampe_steigung": null, "treppe_vorhanden": null, "treppe_antirutsch": null, "treppe_blindenschrift": null, "treppe_gelaender": null, "treppe_kontrast_visuell": null, "treppe_kontrast_taktil": null, "treppe_stufenanzahl": null, "treppe_stufenhoehe": null, "rollstuhllift": null, "eingangsbereich_beschreibung": null, "gebaeudeinneres_gangbreite": null, "gebaeudeinneres_induktionsschleifen": null, "gebaeudeinneres_fuehrungsrillen": null, "gebaeudeinneres_ruhig": null, "gebaeudeinneres_beleuchtet": null, "aufzug_vorhanden": null, "aufzug_tuerbreite": null, "aufzug_tiefe": null, "aufzug_breite": null, "wctuer_typ": null, "wctuer_glasmarkierung": null, "wctuer_klingel_taster": null, "wctuer_leichte_fuehrung": null, "wctuer_radar_schluessel": null, "wctuer_euro_schluessel": null, "wctuer_wendekreis": null, "wctuer_breite": null, "wctuer_bemerkung": null, "wc_badewanne": null, "wc_dusche": null, "wc_spiegel": null, "wc_gelaender": null, "wc_deckenlifter": null, "wc_standlifter": null, "wc_liege": null, "wc_spiegelhoehe": null, "wc_handtuchspenderhoehe": null, "wc_seifenspender_hoehe": null, "wc_waschbecken_oberkante": null, "wc_waschbecken_hoehe_unterfahrbar": null, "wc_waschbecken_tiefe_unterfahrbar": null, "wc_buegel_rechts": null, "wc_buegel_links": null, "wc_buegel_distanz": null, "wc_buegelhoehe": null, "wc_sitzhoehe": null, "wc_platz_davor": null, "wc_platz_rechts": null, "wc_platz_links": null, "wc_spuelknopf_hinten": null, "wc_spuelknopf_rechts": null, "wc_spuelknopf_links": null, "wc_spuelknopf_hoehe": null, "wc_position_notruf": null, "wc_hoehe_notruf": null, "wc_bermerkung": null, "foto": null }, "geometry": { "type": "Point", "coordinates": [ 11.549121848996288, 48.093328589658618 ] } },
{ "type": "Feature", "id": "wc_finder_opendata.87", "geometry_name": "shape", "properties": { "name": "Mobile Toilettenkabine \"Schlichtweg\"", "stadt": "München", "plz": 81545, "strasse": "Schlichtweg auf Höhe Meichelbeckstraße", "hausnr": null, "etage": null, "raumnummer": null, "oeffnungszeiten": "nicht bei Hochwasser", "kategorie": "divers\/unisex", "preis": null, "wickeln": 0, "standort_beschreibung": "", "zustand": "voll funktionsfähig", "einschraenkungen": null, "mail": "wasserbau-bauwerksunterhalt.bau@muenchen.de", "website": null, "telefon": null, "zustaendiges_referat": "BAU-J3", "erzeugt_bearbeitet": "02.11.2023 \/ 02.11.2023", "din_18040_1": null, "toilette_fuer_alle": null, "eignung_blindenhunde": null, "eingangstuer_typ": null, "eingangstuer_glasmarkierung": null, "eingangstuer_klingel_taster": null, "eingangstuer_leichte_fuehrung": null, "eingangstuer_radar_schluessel": null, "eingangstuer_euro_schluessel": null, "eingangstuer_wendekreis": null, "eingangstuer_breite": null, "rampe": null, "rampe_steigung": null, "treppe_vorhanden": null, "treppe_antirutsch": null, "treppe_blindenschrift": null, "treppe_gelaender": null, "treppe_kontrast_visuell": null, "treppe_kontrast_taktil": null, "treppe_stufenanzahl": null, "treppe_stufenhoehe": null, "rollstuhllift": null, "eingangsbereich_beschreibung": null, "gebaeudeinneres_gangbreite": null, "gebaeudeinneres_induktionsschleifen": null, "gebaeudeinneres_fuehrungsrillen": null, "gebaeudeinneres_ruhig": null, "gebaeudeinneres_beleuchtet": null, "aufzug_vorhanden": null, "aufzug_tuerbreite": null, "aufzug_tiefe": null, "aufzug_breite": null, "wctuer_typ": null, "wctuer_glasmarkierung": null, "wctuer_klingel_taster": null, "wctuer_leichte_fuehrung": null, "wctuer_radar_schluessel": null, "wctuer_euro_schluessel": null, "wctuer_wendekreis": null, "wctuer_breite": null, "wctuer_bemerkung": null, "wc_badewanne": null, "wc_dusche": null, "wc_spiegel": null, "wc_gelaender": null, "wc_deckenlifter": null, "wc_standlifter": null, "wc_liege": null, "wc_spiegelhoehe": null, "wc_handtuchspenderhoehe": null, "wc_seifenspender_hoehe": null, "wc_waschbecken_oberkante": null, "wc_waschbecken_hoehe_unterfahrbar": null, "wc_waschbecken_tiefe_unterfahrbar": null, "wc_buegel_rechts": null, "wc_buegel_links": null, "wc_buegel_distanz": null, "wc_buegelhoehe": null, "wc_sitzhoehe": null, "wc_platz_davor": null, "wc_platz_rechts": null, "wc_platz_links": null, "wc_spuelknopf_hinten": null, "wc_spuelknopf_rechts": null, "wc_spuelknopf_links": null, "wc_spuelknopf_hoehe": null, "wc_position_notruf": null, "wc_hoehe_notruf": null, "wc_bermerkung": null, "foto": null }, "geometry": { "type": "Point", "coordinates": [ 11.542596898838251, 48.080519120861275 ] } },
{ "type": "Feature", "id": "wc_finder_opendata.88", "geometry_name": "shape", "properties": { "name": "Öffentliche Toilette \"Lerchenauer See\" Süd", "stadt": "München", "plz": 80995, "strasse": "Lassallenstraße", "hausnr": null, "etage": null, "raumnummer": null, "oeffnungszeiten": "ganztägig, Mai bis Oktober", "kategorie": "divers\/unisex", "preis": 0.0, "wickeln": 0, "standort_beschreibung": null, "zustand": "voll funktionsfähig", "einschraenkungen": null, "mail": "gartenbau@muenchen.de", "website": null, "telefon": null, "zustaendiges_referat": "BAU G23", "erzeugt_bearbeitet": "29.09.2023 \/ 29.09.2023", "din_18040_1": null, "toilette_fuer_alle": null, "eignung_blindenhunde": null, "eingangstuer_typ": null, "eingangstuer_glasmarkierung": null, "eingangstuer_klingel_taster": null, "eingangstuer_leichte_fuehrung": null, "eingangstuer_radar_schluessel": null, "eingangstuer_euro_schluessel": null, "eingangstuer_wendekreis": null, "eingangstuer_breite": null, "rampe": null, "rampe_steigung": null, "treppe_vorhanden": null, "treppe_antirutsch": null, "treppe_blindenschrift": null, "treppe_gelaender": null, "treppe_kontrast_visuell": null, "treppe_kontrast_taktil": null, "treppe_stufenanzahl": null, "treppe_stufenhoehe": null, "rollstuhllift": null, "eingangsbereich_beschreibung": null, "gebaeudeinneres_gangbreite": null, "gebaeudeinneres_induktionsschleifen": null, "gebaeudeinneres_fuehrungsrillen": null, "gebaeudeinneres_ruhig": null, "gebaeudeinneres_beleuchtet": null, "aufzug_vorhanden": null, "aufzug_tuerbreite": null, "aufzug_tiefe": null, "aufzug_breite": null, "wctuer_typ": null, "wctuer_glasmarkierung": null, "wctuer_klingel_taster": null, "wctuer_leichte_fuehrung": null, "wctuer_radar_schluessel": null, "wctuer_euro_schluessel": null, "wctuer_wendekreis": null, "wctuer_breite": null, "wctuer_bemerkung": null, "wc_badewanne": null, "wc_dusche": null, "wc_spiegel": null, "wc_gelaender": null, "wc_deckenlifter": null, "wc_standlifter": null, "wc_liege": null, "wc_spiegelhoehe": null, "wc_handtuchspenderhoehe": null, "wc_seifenspender_hoehe": null, "wc_waschbecken_oberkante": null, "wc_waschbecken_hoehe_unterfahrbar": null, "wc_waschbecken_tiefe_unterfahrbar": null, "wc_buegel_rechts": null, "wc_buegel_links": null, "wc_buegel_distanz": null, "wc_buegelhoehe": null, "wc_sitzhoehe": null, "wc_platz_davor": null, "wc_platz_rechts": null, "wc_platz_links": null, "wc_spuelknopf_hinten": null, "wc_spuelknopf_rechts": null, "wc_spuelknopf_links": null, "wc_spuelknopf_hoehe": null, "wc_position_notruf": null, "wc_hoehe_notruf": null, "wc_bermerkung": null, "foto": null }, "geometry": { "type": "Point", "coordinates": [ 11.535487682120078, 48.194626703206772 ] } },
{ "type": "Feature", "id": "wc_finder_opendata.89", "geometry_name": "shape", "properties": { "name": "Öffentliche Toilette \"Westpark Wasserspielplatz\"", "stadt": "München", "plz": 81373, "strasse": "Heiterwanger Str.", "hausnr": "34", "etage": null, "raumnummer": null, "oeffnungszeiten": "Mai bis Oktober", "kategorie": "divers\/unisex", "preis": 0.0, "wickeln": 0, "standort_beschreibung": null, "zustand": "voll funktionsfähig", "einschraenkungen": null, "mail": "gartenbau@muenchen.de", "website": null, "telefon": null, "zustaendiges_referat": "BAU-G33", "erzeugt_bearbeitet": "28.03.2023 \/ 29.09.2023", "din_18040_1": null, "toilette_fuer_alle": null, "eignung_blindenhunde": null, "eingangstuer_typ": null, "eingangstuer_glasmarkierung": null, "eingangstuer_klingel_taster": null, "eingangstuer_leichte_fuehrung": null, "eingangstuer_radar_schluessel": null, "eingangstuer_euro_schluessel": null, "eingangstuer_wendekreis": null, "eingangstuer_breite": null, "rampe": null, "rampe_steigung": null, "treppe_vorhanden": null, "treppe_antirutsch": null, "treppe_blindenschrift": null, "treppe_gelaender": null, "treppe_kontrast_visuell": null, "treppe_kontrast_taktil": null, "treppe_stufenanzahl": null, "treppe_stufenhoehe": null, "rollstuhllift": null, "eingangsbereich_beschreibung": null, "gebaeudeinneres_gangbreite": null, "gebaeudeinneres_induktionsschleifen": null, "gebaeudeinneres_fuehrungsrillen": null, "gebaeudeinneres_ruhig": null, "gebaeudeinneres_beleuchtet": null, "aufzug_vorhanden": null, "aufzug_tuerbreite": null, "aufzug_tiefe": null, "aufzug_breite": null, "wctuer_typ": null, "wctuer_glasmarkierung": null, "wctuer_klingel_taster": null, "wctuer_leichte_fuehrung": null, "wctuer_radar_schluessel": null, "wctuer_euro_schluessel": null, "wctuer_wendekreis": null, "wctuer_breite": null, "wctuer_bemerkung": null, "wc_badewanne": null, "wc_dusche": null, "wc_spiegel": null, "wc_gelaender": null, "wc_deckenlifter": null, "wc_standlifter": null, "wc_liege": null, "wc_spiegelhoehe": null, "wc_handtuchspenderhoehe": null, "wc_seifenspender_hoehe": null, "wc_waschbecken_oberkante": null, "wc_waschbecken_hoehe_unterfahrbar": null, "wc_waschbecken_tiefe_unterfahrbar": null, "wc_buegel_rechts": null, "wc_buegel_links": null, "wc_buegel_distanz": null, "wc_buegelhoehe": null, "wc_sitzhoehe": null, "wc_platz_davor": null, "wc_platz_rechts": null, "wc_platz_links": null, "wc_spuelknopf_hinten": null, "wc_spuelknopf_rechts": null, "wc_spuelknopf_links": null, "wc_spuelknopf_hoehe": null, "wc_position_notruf": null, "wc_hoehe_notruf": null, "wc_bermerkung": null, "foto": null }, "geometry": { "type": "Point", "coordinates": [ 11.52771269982342, 48.123226999536044 ] } },
{ "type": "Feature", "id": "wc_finder_opendata.90", "geometry_name": "shape", "properties": { "name": "Öffentliche Toilette \"Gollierplatz\"", "stadt": "München", "plz": 80339, "strasse": "Gollierplatz", "hausnr": null, "etage": null, "raumnummer": null, "oeffnungszeiten": null, "kategorie": "divers\/unisex", "preis": 1.0, "wickeln": 0, "standort_beschreibung": "Münz-WC. ", "zustand": "voll funktionsfähig", "einschraenkungen": null, "mail": "gartenbau@muenchen.de", "website": null, "telefon": null, "zustaendiges_referat": "BAU-G", "erzeugt_bearbeitet": "28.03.2023 \/ 29.09.2023", "din_18040_1": null, "toilette_fuer_alle": null, "eignung_blindenhunde": null, "eingangstuer_typ": null, "eingangstuer_glasmarkierung": null, "eingangstuer_klingel_taster": null, "eingangstuer_leichte_fuehrung": null, "eingangstuer_radar_schluessel": null, "eingangstuer_euro_schluessel": null, "eingangstuer_wendekreis": null, "eingangstuer_breite": null, "rampe": null, "rampe_steigung": null, "treppe_vorhanden": null, "treppe_antirutsch": null, "treppe_blindenschrift": null, "treppe_gelaender": null, "treppe_kontrast_visuell": null, "treppe_kontrast_taktil": null, "treppe_stufenanzahl": null, "treppe_stufenhoehe": null, "rollstuhllift": null, "eingangsbereich_beschreibung": null, "gebaeudeinneres_gangbreite": null, "gebaeudeinneres_induktionsschleifen": null, "gebaeudeinneres_fuehrungsrillen": null, "gebaeudeinneres_ruhig": null, "gebaeudeinneres_beleuchtet": null, "aufzug_vorhanden": null, "aufzug_tuerbreite": null, "aufzug_tiefe": null, "aufzug_breite": null, "wctuer_typ": null, "wctuer_glasmarkierung": null, "wctuer_klingel_taster": null, "wctuer_leichte_fuehrung": null, "wctuer_radar_schluessel": null, "wctuer_euro_schluessel": null, "wctuer_wendekreis": null, "wctuer_breite": null, "wctuer_bemerkung": null, "wc_badewanne": null, "wc_dusche": null, "wc_spiegel": null, "wc_gelaender": null, "wc_deckenlifter": null, "wc_standlifter": null, "wc_liege": null, "wc_spiegelhoehe": null, "wc_handtuchspenderhoehe": null, "wc_seifenspender_hoehe": null, "wc_waschbecken_oberkante": null, "wc_waschbecken_hoehe_unterfahrbar": null, "wc_waschbecken_tiefe_unterfahrbar": null, "wc_buegel_rechts": null, "wc_buegel_links": null, "wc_buegel_distanz": null, "wc_buegelhoehe": null, "wc_sitzhoehe": null, "wc_platz_davor": null, "wc_platz_rechts": null, "wc_platz_links": null, "wc_spuelknopf_hinten": null, "wc_spuelknopf_rechts": null, "wc_spuelknopf_links": null, "wc_spuelknopf_hoehe": null, "wc_position_notruf": null, "wc_hoehe_notruf": null, "wc_bermerkung": null, "foto": null }, "geometry": { "type": "Point", "coordinates": [ 11.534615399791125, 48.136542500180987 ] } },
{ "type": "Feature", "id": "wc_finder_opendata.91", "geometry_name": "shape", "properties": { "name": "Öffentliche Toilette \"Feldmochinger See\"", "stadt": "München", "plz": 80995, "strasse": "Karlsfelder Str.", "hausnr": "80", "etage": null, "raumnummer": null, "oeffnungszeiten": "Ganzjährig, Täglich, 00.00-24.00 Uhr", "kategorie": "divers\/unisex", "preis": 0.0, "wickeln": 0, "standort_beschreibung": null, "zustand": "voll funktionsfähig", "einschraenkungen": null, "mail": "gartenbau@muenchen.de", "website": null, "telefon": null, "zustaendiges_referat": "BAU G 23", "erzeugt_bearbeitet": "28.03.2023 \/ 29.09.2023", "din_18040_1": null, "toilette_fuer_alle": null, "eignung_blindenhunde": null, "eingangstuer_typ": null, "eingangstuer_glasmarkierung": null, "eingangstuer_klingel_taster": null, "eingangstuer_leichte_fuehrung": null, "eingangstuer_radar_schluessel": null, "eingangstuer_euro_schluessel": null, "eingangstuer_wendekreis": null, "eingangstuer_breite": null, "rampe": null, "rampe_steigung": null, "treppe_vorhanden": null, "treppe_antirutsch": null, "treppe_blindenschrift": null, "treppe_gelaender": null, "treppe_kontrast_visuell": null, "treppe_kontrast_taktil": null, "treppe_stufenanzahl": null, "treppe_stufenhoehe": null, "rollstuhllift": null, "eingangsbereich_beschreibung": null, "gebaeudeinneres_gangbreite": null, "gebaeudeinneres_induktionsschleifen": null, "gebaeudeinneres_fuehrungsrillen": null, "gebaeudeinneres_ruhig": null, "gebaeudeinneres_beleuchtet": null, "aufzug_vorhanden": null, "aufzug_tuerbreite": null, "aufzug_tiefe": null, "aufzug_breite": null, "wctuer_typ": null, "wctuer_glasmarkierung": null, "wctuer_klingel_taster": null, "wctuer_leichte_fuehrung": null, "wctuer_radar_schluessel": null, "wctuer_euro_schluessel": null, "wctuer_wendekreis": null, "wctuer_breite": null, "wctuer_bemerkung": null, "wc_badewanne": null, "wc_dusche": null, "wc_spiegel": null, "wc_gelaender": null, "wc_deckenlifter": null, "wc_standlifter": null, "wc_liege": null, "wc_spiegelhoehe": null, "wc_handtuchspenderhoehe": null, "wc_seifenspender_hoehe": null, "wc_waschbecken_oberkante": null, "wc_waschbecken_hoehe_unterfahrbar": null, "wc_waschbecken_tiefe_unterfahrbar": null, "wc_buegel_rechts": null, "wc_buegel_links": null, "wc_buegel_distanz": null, "wc_buegelhoehe": null, "wc_sitzhoehe": null, "wc_platz_davor": null, "wc_platz_rechts": null, "wc_platz_links": null, "wc_spuelknopf_hinten": null, "wc_spuelknopf_rechts": null, "wc_spuelknopf_links": null, "wc_spuelknopf_hoehe": null, "wc_position_notruf": null, "wc_hoehe_notruf": null, "wc_bermerkung": null, "foto": null }, "geometry": { "type": "Point", "coordinates": [ 11.514707200034653, 48.216872700292249 ] } },
{ "type": "Feature", "id": "wc_finder_opendata.92", "geometry_name": "shape", "properties": { "name": "Öffentliche Toilette \"Fasaneriesee \"Parkplatz\" Süd", "stadt": "München", "plz": 80995, "strasse": "Feldmochinger Str.", "hausnr": null, "etage": null, "raumnummer": null, "oeffnungszeiten": "Täglich, 00.00-24.00 Uhr", "kategorie": "divers\/unisex", "preis": 0.0, "wickeln": 0, "standort_beschreibung": null, "zustand": "voll funktionsfähig", "einschraenkungen": null, "mail": "gartenbau@muenchen.de", "website": null, "telefon": null, "zustaendiges_referat": "BAU G23", "erzeugt_bearbeitet": "28.03.2023 \/ 29.09.2023", "din_18040_1": null, "toilette_fuer_alle": null, "eignung_blindenhunde": null, "eingangstuer_typ": null, "eingangstuer_glasmarkierung": null, "eingangstuer_klingel_taster": null, "eingangstuer_leichte_fuehrung": null, "eingangstuer_radar_schluessel": null, "eingangstuer_euro_schluessel": null, "eingangstuer_wendekreis": null, "eingangstuer_breite": null, "rampe": null, "rampe_steigung": null, "treppe_vorhanden": null, "treppe_antirutsch": null, "treppe_blindenschrift": null, "treppe_gelaender": null, "treppe_kontrast_visuell": null, "treppe_kontrast_taktil": null, "treppe_stufenanzahl": null, "treppe_stufenhoehe": null, "rollstuhllift": null, "eingangsbereich_beschreibung": null, "gebaeudeinneres_gangbreite": null, "gebaeudeinneres_induktionsschleifen": null, "gebaeudeinneres_fuehrungsrillen": null, "gebaeudeinneres_ruhig": null, "gebaeudeinneres_beleuchtet": null, "aufzug_vorhanden": null, "aufzug_tuerbreite": null, "aufzug_tiefe": null, "aufzug_breite": null, "wctuer_typ": null, "wctuer_glasmarkierung": null, "wctuer_klingel_taster": null, "wctuer_leichte_fuehrung": null, "wctuer_radar_schluessel": null, "wctuer_euro_schluessel": null, "wctuer_wendekreis": null, "wctuer_breite": null, "wctuer_bemerkung": null, "wc_badewanne": null, "wc_dusche": null, "wc_spiegel": null, "wc_gelaender": null, "wc_deckenlifter": null, "wc_standlifter": null, "wc_liege": null, "wc_spiegelhoehe": null, "wc_handtuchspenderhoehe": null, "wc_seifenspender_hoehe": null, "wc_waschbecken_oberkante": null, "wc_waschbecken_hoehe_unterfahrbar": null, "wc_waschbecken_tiefe_unterfahrbar": null, "wc_buegel_rechts": null, "wc_buegel_links": null, "wc_buegel_distanz": null, "wc_buegelhoehe": null, "wc_sitzhoehe": null, "wc_platz_davor": null, "wc_platz_rechts": null, "wc_platz_links": null, "wc_spuelknopf_hinten": null, "wc_spuelknopf_rechts": null, "wc_spuelknopf_links": null, "wc_spuelknopf_hoehe": null, "wc_position_notruf": null, "wc_hoehe_notruf": null, "wc_bermerkung": null, "foto": null }, "geometry": { "type": "Point", "coordinates": [ 11.525864299876813, 48.202563000349876 ] } },
{ "type": "Feature", "id": "wc_finder_opendata.93", "geometry_name": "shape", "properties": { "name": "Öffentliche Toilettenanlage \"Hirschgarten\"", "stadt": "München", "plz": 80639, "strasse": "De-La-Paz-Straße", "hausnr": "68", "etage": null, "raumnummer": null, "oeffnungszeiten": "ganzjährig, ganztägig", "kategorie": "divers\/unisex", "preis": 0.0, "wickeln": 0, "standort_beschreibung": null, "zustand": "voll funktionsfähig", "einschraenkungen": null, "mail": "gartenbau@muenchen.de", "website": null, "telefon": null, "zustaendiges_referat": "BAU-G 21", "erzeugt_bearbeitet": "27.09.2023 \/ 29.09.2023", "din_18040_1": null, "toilette_fuer_alle": null, "eignung_blindenhunde": null, "eingangstuer_typ": null, "eingangstuer_glasmarkierung": null, "eingangstuer_klingel_taster": null, "eingangstuer_leichte_fuehrung": null, "eingangstuer_radar_schluessel": null, "eingangstuer_euro_schluessel": null, "eingangstuer_wendekreis": null, "eingangstuer_breite": null, "rampe": null, "rampe_steigung": null, "treppe_vorhanden": null, "treppe_antirutsch": null, "treppe_blindenschrift": null, "treppe_gelaender": null, "treppe_kontrast_visuell": null, "treppe_kontrast_taktil": null, "treppe_stufenanzahl": null, "treppe_stufenhoehe": null, "rollstuhllift": null, "eingangsbereich_beschreibung": null, "gebaeudeinneres_gangbreite": null, "gebaeudeinneres_induktionsschleifen": null, "gebaeudeinneres_fuehrungsrillen": null, "gebaeudeinneres_ruhig": null, "gebaeudeinneres_beleuchtet": null, "aufzug_vorhanden": null, "aufzug_tuerbreite": null, "aufzug_tiefe": null, "aufzug_breite": null, "wctuer_typ": null, "wctuer_glasmarkierung": null, "wctuer_klingel_taster": null, "wctuer_leichte_fuehrung": null, "wctuer_radar_schluessel": null, "wctuer_euro_schluessel": null, "wctuer_wendekreis": null, "wctuer_breite": null, "wctuer_bemerkung": null, "wc_badewanne": null, "wc_dusche": null, "wc_spiegel": null, "wc_gelaender": null, "wc_deckenlifter": null, "wc_standlifter": null, "wc_liege": null, "wc_spiegelhoehe": null, "wc_handtuchspenderhoehe": null, "wc_seifenspender_hoehe": null, "wc_waschbecken_oberkante": null, "wc_waschbecken_hoehe_unterfahrbar": null, "wc_waschbecken_tiefe_unterfahrbar": null, "wc_buegel_rechts": null, "wc_buegel_links": null, "wc_buegel_distanz": null, "wc_buegelhoehe": null, "wc_sitzhoehe": null, "wc_platz_davor": null, "wc_platz_rechts": null, "wc_platz_links": null, "wc_spuelknopf_hinten": null, "wc_spuelknopf_rechts": null, "wc_spuelknopf_links": null, "wc_spuelknopf_hoehe": null, "wc_position_notruf": null, "wc_hoehe_notruf": null, "wc_bermerkung": null, "foto": null }, "geometry": { "type": "Point", "coordinates": [ 11.508302331257987, 48.147832448008678 ] } },
{ "type": "Feature", "id": "wc_finder_opendata.94", "geometry_name": "shape", "properties": { "name": "Öffentliche Toilette \"Hirschgarten\"", "stadt": "München", "plz": 80639, "strasse": "Grünfläche Grillzone, Skateanlage", "hausnr": null, "etage": null, "raumnummer": null, "oeffnungszeiten": "ganzjährig, täglich, 06.00- 02.00 Uhr, ", "kategorie": "divers\/unisex und barrierefrei", "preis": 0.0, "wickeln": 0, "standort_beschreibung": null, "zustand": "voll funktionsfähig", "einschraenkungen": null, "mail": "service@hering-sanikonzept.de", "website": "https:\/\/www.wc-fresh.com", "telefon": "+49 2736 27216", "zustaendiges_referat": "BAU-G", "erzeugt_bearbeitet": "28.03.2023 \/ 29.09.2023", "din_18040_1": 1, "toilette_fuer_alle": 0, "eignung_blindenhunde": 0, "eingangstuer_typ": null, "eingangstuer_glasmarkierung": 0, "eingangstuer_klingel_taster": 0, "eingangstuer_leichte_fuehrung": 0, "eingangstuer_radar_schluessel": 0, "eingangstuer_euro_schluessel": 0, "eingangstuer_wendekreis": null, "eingangstuer_breite": null, "rampe": null, "rampe_steigung": null, "treppe_vorhanden": 0, "treppe_antirutsch": 0, "treppe_blindenschrift": 0, "treppe_gelaender": 0, "treppe_kontrast_visuell": 0, "treppe_kontrast_taktil": 0, "treppe_stufenanzahl": null, "treppe_stufenhoehe": null, "rollstuhllift": 0, "eingangsbereich_beschreibung": null, "gebaeudeinneres_gangbreite": null, "gebaeudeinneres_induktionsschleifen": 0, "gebaeudeinneres_fuehrungsrillen": 0, "gebaeudeinneres_ruhig": 0, "gebaeudeinneres_beleuchtet": 0, "aufzug_vorhanden": 0, "aufzug_tuerbreite": null, "aufzug_tiefe": null, "aufzug_breite": null, "wctuer_typ": null, "wctuer_glasmarkierung": 0, "wctuer_klingel_taster": 0, "wctuer_leichte_fuehrung": 0, "wctuer_radar_schluessel": 0, "wctuer_euro_schluessel": 0, "wctuer_wendekreis": null, "wctuer_breite": null, "wctuer_bemerkung": null, "wc_badewanne": 0, "wc_dusche": 0, "wc_spiegel": 0, "wc_gelaender": 0, "wc_deckenlifter": 0, "wc_standlifter": 0, "wc_liege": 0, "wc_spiegelhoehe": "mind. 100", "wc_handtuchspenderhoehe": null, "wc_seifenspender_hoehe": null, "wc_waschbecken_oberkante": null, "wc_waschbecken_hoehe_unterfahrbar": null, "wc_waschbecken_tiefe_unterfahrbar": null, "wc_buegel_rechts": 0, "wc_buegel_links": 0, "wc_buegel_distanz": null, "wc_buegelhoehe": null, "wc_sitzhoehe": null, "wc_platz_davor": null, "wc_platz_rechts": "mind. 90", "wc_platz_links": "mind. 90", "wc_spuelknopf_hinten": 0, "wc_spuelknopf_rechts": 0, "wc_spuelknopf_links": null, "wc_spuelknopf_hoehe": null, "wc_position_notruf": "in der Nähe des WC-Beckens angebracht", "wc_hoehe_notruf": null, "wc_bermerkung": null, "foto": null }, "geometry": { "type": "Point", "coordinates": [ 11.513992568302237, 48.147779473697433 ] } },
{ "type": "Feature", "id": "wc_finder_opendata.95", "geometry_name": "shape", "properties": { "name": "Öffentliche Toilette \"WC am Jackl (Westpark Westteil)\"", "stadt": "München", "plz": 81377, "strasse": "Gilmstraße", "hausnr": null, "etage": null, "raumnummer": null, "oeffnungszeiten": "ganzjährig", "kategorie": "divers\/unisex", "preis": 0.0, "wickeln": 0, "standort_beschreibung": null, "zustand": "voll funktionsfähig", "einschraenkungen": null, "mail": "gartenbau@muenchen.de", "website": null, "telefon": null, "zustaendiges_referat": "BAU G33", "erzeugt_bearbeitet": "28.03.2023 \/ 29.09.2023", "din_18040_1": null, "toilette_fuer_alle": null, "eignung_blindenhunde": null, "eingangstuer_typ": null, "eingangstuer_glasmarkierung": null, "eingangstuer_klingel_taster": null, "eingangstuer_leichte_fuehrung": null, "eingangstuer_radar_schluessel": null, "eingangstuer_euro_schluessel": null, "eingangstuer_wendekreis": null, "eingangstuer_breite": null, "rampe": null, "rampe_steigung": null, "treppe_vorhanden": null, "treppe_antirutsch": null, "treppe_blindenschrift": null, "treppe_gelaender": null, "treppe_kontrast_visuell": null, "treppe_kontrast_taktil": null, "treppe_stufenanzahl": null, "treppe_stufenhoehe": null, "rollstuhllift": null, "eingangsbereich_beschreibung": null, "gebaeudeinneres_gangbreite": null, "gebaeudeinneres_induktionsschleifen": null, "gebaeudeinneres_fuehrungsrillen": null, "gebaeudeinneres_ruhig": null, "gebaeudeinneres_beleuchtet": null, "aufzug_vorhanden": null, "aufzug_tuerbreite": null, "aufzug_tiefe": null, "aufzug_breite": null, "wctuer_typ": null, "wctuer_glasmarkierung": null, "wctuer_klingel_taster": null, "wctuer_leichte_fuehrung": null, "wctuer_radar_schluessel": null, "wctuer_euro_schluessel": null, "wctuer_wendekreis": null, "wctuer_breite": null, "wctuer_bemerkung": null, "wc_badewanne": null, "wc_dusche": null, "wc_spiegel": null, "wc_gelaender": null, "wc_deckenlifter": null, "wc_standlifter": null, "wc_liege": null, "wc_spiegelhoehe": null, "wc_handtuchspenderhoehe": null, "wc_seifenspender_hoehe": null, "wc_waschbecken_oberkante": null, "wc_waschbecken_hoehe_unterfahrbar": null, "wc_waschbecken_tiefe_unterfahrbar": null, "wc_buegel_rechts": null, "wc_buegel_links": null, "wc_buegel_distanz": null, "wc_buegelhoehe": null, "wc_sitzhoehe": null, "wc_platz_davor": null, "wc_platz_rechts": null, "wc_platz_links": null, "wc_spuelknopf_hinten": null, "wc_spuelknopf_rechts": null, "wc_spuelknopf_links": null, "wc_spuelknopf_hoehe": null, "wc_position_notruf": null, "wc_hoehe_notruf": null, "wc_bermerkung": null, "foto": null }, "geometry": { "type": "Point", "coordinates": [ 11.507841799426712, 48.122046199745434 ] } },
{ "type": "Feature", "id": "wc_finder_opendata.96", "geometry_name": "shape", "properties": { "name": "Öffentliche Toilette \"Langwieder See südwestlich\"", "stadt": "München", "plz": 81249, "strasse": null, "hausnr": null, "etage": null, "raumnummer": null, "oeffnungszeiten": "Mai bis Oktober", "kategorie": "barrierefrei", "preis": 0.0, "wickeln": 0, "standort_beschreibung": null, "zustand": "voll funktionsfähig", "einschraenkungen": null, "mail": "gartenbau@muenchen.de", "website": null, "telefon": null, "zustaendiges_referat": "BAU G 33", "erzeugt_bearbeitet": "28.03.2023 \/ 29.09.2023", "din_18040_1": 0, "toilette_fuer_alle": 0, "eignung_blindenhunde": 0, "eingangstuer_typ": null, "eingangstuer_glasmarkierung": 0, "eingangstuer_klingel_taster": 0, "eingangstuer_leichte_fuehrung": 0, "eingangstuer_radar_schluessel": 0, "eingangstuer_euro_schluessel": 0, "eingangstuer_wendekreis": null, "eingangstuer_breite": null, "rampe": null, "rampe_steigung": null, "treppe_vorhanden": 0, "treppe_antirutsch": 0, "treppe_blindenschrift": 0, "treppe_gelaender": 0, "treppe_kontrast_visuell": 0, "treppe_kontrast_taktil": 0, "treppe_stufenanzahl": null, "treppe_stufenhoehe": null, "rollstuhllift": 0, "eingangsbereich_beschreibung": null, "gebaeudeinneres_gangbreite": null, "gebaeudeinneres_induktionsschleifen": 0, "gebaeudeinneres_fuehrungsrillen": 0, "gebaeudeinneres_ruhig": 0, "gebaeudeinneres_beleuchtet": 0, "aufzug_vorhanden": 0, "aufzug_tuerbreite": null, "aufzug_tiefe": null, "aufzug_breite": null, "wctuer_typ": null, "wctuer_glasmarkierung": 0, "wctuer_klingel_taster": 0, "wctuer_leichte_fuehrung": 0, "wctuer_radar_schluessel": 0, "wctuer_euro_schluessel": 0, "wctuer_wendekreis": null, "wctuer_breite": null, "wctuer_bemerkung": null, "wc_badewanne": 0, "wc_dusche": 0, "wc_spiegel": 0, "wc_gelaender": 0, "wc_deckenlifter": 0, "wc_standlifter": 0, "wc_liege": 0, "wc_spiegelhoehe": null, "wc_handtuchspenderhoehe": null, "wc_seifenspender_hoehe": null, "wc_waschbecken_oberkante": null, "wc_waschbecken_hoehe_unterfahrbar": null, "wc_waschbecken_tiefe_unterfahrbar": null, "wc_buegel_rechts": 0, "wc_buegel_links": 0, "wc_buegel_distanz": null, "wc_buegelhoehe": null, "wc_sitzhoehe": null, "wc_platz_davor": null, "wc_platz_rechts": null, "wc_platz_links": null, "wc_spuelknopf_hinten": 0, "wc_spuelknopf_rechts": 0, "wc_spuelknopf_links": 0, "wc_spuelknopf_hoehe": null, "wc_position_notruf": null, "wc_hoehe_notruf": null, "wc_bermerkung": null, "foto": null }, "geometry": { "type": "Point", "coordinates": [ 11.416571199491091, 48.193102499581279 ] } },
{ "type": "Feature", "id": "wc_finder_opendata.97", "geometry_name": "shape", "properties": { "name": "Öffentliche Toilette \"Lerchenauer See\" Nord", "stadt": "München", "plz": 80995, "strasse": "Lasallestraße", "hausnr": "103", "etage": null, "raumnummer": null, "oeffnungszeiten": "Täglich, 06.00-24.00 Uhr", "kategorie": "divers\/unisex", "preis": 0.0, "wickeln": 0, "standort_beschreibung": null, "zustand": "voll funktionsfähig", "einschraenkungen": null, "mail": "gartenbau@muenchen.de", "website": null, "telefon": null, "zustaendiges_referat": "BAU G23", "erzeugt_bearbeitet": "28.03.2023 \/ 29.09.2023", "din_18040_1": null, "toilette_fuer_alle": null, "eignung_blindenhunde": null, "eingangstuer_typ": null, "eingangstuer_glasmarkierung": null, "eingangstuer_klingel_taster": null, "eingangstuer_leichte_fuehrung": null, "eingangstuer_radar_schluessel": null, "eingangstuer_euro_schluessel": null, "eingangstuer_wendekreis": null, "eingangstuer_breite": null, "rampe": null, "rampe_steigung": null, "treppe_vorhanden": null, "treppe_antirutsch": null, "treppe_blindenschrift": null, "treppe_gelaender": null, "treppe_kontrast_visuell": null, "treppe_kontrast_taktil": null, "treppe_stufenanzahl": null, "treppe_stufenhoehe": null, "rollstuhllift": null, "eingangsbereich_beschreibung": null, "gebaeudeinneres_gangbreite": null, "gebaeudeinneres_induktionsschleifen": null, "gebaeudeinneres_fuehrungsrillen": null, "gebaeudeinneres_ruhig": null, "gebaeudeinneres_beleuchtet": null, "aufzug_vorhanden": null, "aufzug_tuerbreite": null, "aufzug_tiefe": null, "aufzug_breite": null, "wctuer_typ": null, "wctuer_glasmarkierung": null, "wctuer_klingel_taster": null, "wctuer_leichte_fuehrung": null, "wctuer_radar_schluessel": null, "wctuer_euro_schluessel": null, "wctuer_wendekreis": null, "wctuer_breite": null, "wctuer_bemerkung": null, "wc_badewanne": null, "wc_dusche": null, "wc_spiegel": null, "wc_gelaender": null, "wc_deckenlifter": null, "wc_standlifter": null, "wc_liege": null, "wc_spiegelhoehe": null, "wc_handtuchspenderhoehe": null, "wc_seifenspender_hoehe": null, "wc_waschbecken_oberkante": null, "wc_waschbecken_hoehe_unterfahrbar": null, "wc_waschbecken_tiefe_unterfahrbar": null, "wc_buegel_rechts": null, "wc_buegel_links": null, "wc_buegel_distanz": null, "wc_buegelhoehe": null, "wc_sitzhoehe": null, "wc_platz_davor": null, "wc_platz_rechts": null, "wc_platz_links": null, "wc_spuelknopf_hinten": null, "wc_spuelknopf_rechts": null, "wc_spuelknopf_links": null, "wc_spuelknopf_hoehe": null, "wc_position_notruf": null, "wc_hoehe_notruf": null, "wc_bermerkung": null, "foto": null }, "geometry": { "type": "Point", "coordinates": [ 11.536155599819203, 48.199393500322984 ] } },
{ "type": "Feature", "id": "wc_finder_opendata.98", "geometry_name": "shape", "properties": { "name": "Öffentliche Toilette \"Olympiaberg\"", "stadt": "München", "plz": 80809, "strasse": "Martin-Luther-King-Weg", "hausnr": null, "etage": null, "raumnummer": null, "oeffnungszeiten": "ganzjährig, während der Öffnungszeiten des Kiosk", "kategorie": "divers\/unisex", "preis": 0.0, "wickeln": 0, "standort_beschreibung": null, "zustand": "voll funktionsfähig", "einschraenkungen": null, "mail": "gartenbau@muenchen.de", "website": null, "telefon": null, "zustaendiges_referat": "BAU G21", "erzeugt_bearbeitet": "28.03.2023 \/ 29.09.2023", "din_18040_1": null, "toilette_fuer_alle": null, "eignung_blindenhunde": null, "eingangstuer_typ": null, "eingangstuer_glasmarkierung": null, "eingangstuer_klingel_taster": null, "eingangstuer_leichte_fuehrung": null, "eingangstuer_radar_schluessel": null, "eingangstuer_euro_schluessel": null, "eingangstuer_wendekreis": null, "eingangstuer_breite": null, "rampe": null, "rampe_steigung": null, "treppe_vorhanden": null, "treppe_antirutsch": null, "treppe_blindenschrift": null, "treppe_gelaender": null, "treppe_kontrast_visuell": null, "treppe_kontrast_taktil": null, "treppe_stufenanzahl": null, "treppe_stufenhoehe": null, "rollstuhllift": null, "eingangsbereich_beschreibung": null, "gebaeudeinneres_gangbreite": null, "gebaeudeinneres_induktionsschleifen": null, "gebaeudeinneres_fuehrungsrillen": null, "gebaeudeinneres_ruhig": null, "gebaeudeinneres_beleuchtet": null, "aufzug_vorhanden": null, "aufzug_tuerbreite": null, "aufzug_tiefe": null, "aufzug_breite": null, "wctuer_typ": null, "wctuer_glasmarkierung": null, "wctuer_klingel_taster": null, "wctuer_leichte_fuehrung": null, "wctuer_radar_schluessel": null, "wctuer_euro_schluessel": null, "wctuer_wendekreis": null, "wctuer_breite": null, "wctuer_bemerkung": null, "wc_badewanne": null, "wc_dusche": null, "wc_spiegel": null, "wc_gelaender": null, "wc_deckenlifter": null, "wc_standlifter": null, "wc_liege": null, "wc_spiegelhoehe": null, "wc_handtuchspenderhoehe": null, "wc_seifenspender_hoehe": null, "wc_waschbecken_oberkante": null, "wc_waschbecken_hoehe_unterfahrbar": null, "wc_waschbecken_tiefe_unterfahrbar": null, "wc_buegel_rechts": null, "wc_buegel_links": null, "wc_buegel_distanz": null, "wc_buegelhoehe": null, "wc_sitzhoehe": null, "wc_platz_davor": null, "wc_platz_rechts": null, "wc_platz_links": null, "wc_spuelknopf_hinten": null, "wc_spuelknopf_rechts": null, "wc_spuelknopf_links": null, "wc_spuelknopf_hoehe": null, "wc_position_notruf": null, "wc_hoehe_notruf": null, "wc_bermerkung": null, "foto": null }, "geometry": { "type": "Point", "coordinates": [ 11.554659899994709, 48.17095399968462 ] } },
{ "type": "Feature", "id": "wc_finder_opendata.99", "geometry_name": "shape", "properties": { "name": "Öffentliche Toilette \"Orleansplatz\"", "stadt": "München", "plz": 81667, "strasse": "Orleansplatz", "hausnr": null, "etage": null, "raumnummer": null, "oeffnungszeiten": "Täglich, 00.00-24.00 Uhr", "kategorie": "divers\/unisex", "preis": 1.0, "wickeln": 0, "standort_beschreibung": null, "zustand": "voll funktionsfähig", "einschraenkungen": null, "mail": "gartenbau@muenchen.de", "website": null, "telefon": null, "zustaendiges_referat": "BAU-G21", "erzeugt_bearbeitet": "28.03.2023 \/ 29.09.2023", "din_18040_1": null, "toilette_fuer_alle": null, "eignung_blindenhunde": null, "eingangstuer_typ": null, "eingangstuer_glasmarkierung": null, "eingangstuer_klingel_taster": null, "eingangstuer_leichte_fuehrung": null, "eingangstuer_radar_schluessel": null, "eingangstuer_euro_schluessel": null, "eingangstuer_wendekreis": null, "eingangstuer_breite": null, "rampe": null, "rampe_steigung": null, "treppe_vorhanden": null, "treppe_antirutsch": null, "treppe_blindenschrift": null, "treppe_gelaender": null, "treppe_kontrast_visuell": null, "treppe_kontrast_taktil": null, "treppe_stufenanzahl": null, "treppe_stufenhoehe": null, "rollstuhllift": null, "eingangsbereich_beschreibung": null, "gebaeudeinneres_gangbreite": null, "gebaeudeinneres_induktionsschleifen": null, "gebaeudeinneres_fuehrungsrillen": null, "gebaeudeinneres_ruhig": null, "gebaeudeinneres_beleuchtet": null, "aufzug_vorhanden": null, "aufzug_tuerbreite": null, "aufzug_tiefe": null, "aufzug_breite": null, "wctuer_typ": null, "wctuer_glasmarkierung": null, "wctuer_klingel_taster": null, "wctuer_leichte_fuehrung": null, "wctuer_radar_schluessel": null, "wctuer_euro_schluessel": null, "wctuer_wendekreis": null, "wctuer_breite": null, "wctuer_bemerkung": null, "wc_badewanne": null, "wc_dusche": null, "wc_spiegel": null, "wc_gelaender": null, "wc_deckenlifter": null, "wc_standlifter": null, "wc_liege": null, "wc_spiegelhoehe": null, "wc_handtuchspenderhoehe": null, "wc_seifenspender_hoehe": null, "wc_waschbecken_oberkante": null, "wc_waschbecken_hoehe_unterfahrbar": null, "wc_waschbecken_tiefe_unterfahrbar": null, "wc_buegel_rechts": null, "wc_buegel_links": null, "wc_buegel_distanz": null, "wc_buegelhoehe": null, "wc_sitzhoehe": null, "wc_platz_davor": null, "wc_platz_rechts": null, "wc_platz_links": null, "wc_spuelknopf_hinten": null, "wc_spuelknopf_rechts": null, "wc_spuelknopf_links": null, "wc_spuelknopf_hoehe": null, "wc_position_notruf": null, "wc_hoehe_notruf": null, "wc_bermerkung": null, "foto": null }, "geometry": { "type": "Point", "coordinates": [ 11.602912099499086, 48.12799329994585 ] } },
{ "type": "Feature", "id": "wc_finder_opendata.100", "geometry_name": "shape", "properties": { "name": "Öffentliche Toilette \"Luitpoldpark ost\"", "stadt": "München", "plz": 80804, "strasse": null, "hausnr": null, "etage": null, "raumnummer": null, "oeffnungszeiten": "Mai – Oktober", "kategorie": "divers\/unisex", "preis": null, "wickeln": 0, "standort_beschreibung": null, "zustand": "voll funktionsfähig", "einschraenkungen": null, "mail": "gartenbau@muenchen.de", "website": null, "telefon": null, "zustaendiges_referat": "BAU-G23", "erzeugt_bearbeitet": "28.03.2023 \/ 29.09.2023", "din_18040_1": null, "toilette_fuer_alle": null, "eignung_blindenhunde": null, "eingangstuer_typ": null, "eingangstuer_glasmarkierung": null, "eingangstuer_klingel_taster": null, "eingangstuer_leichte_fuehrung": null, "eingangstuer_radar_schluessel": null, "eingangstuer_euro_schluessel": null, "eingangstuer_wendekreis": null, "eingangstuer_breite": null, "rampe": null, "rampe_steigung": null, "treppe_vorhanden": null, "treppe_antirutsch": null, "treppe_blindenschrift": null, "treppe_gelaender": null, "treppe_kontrast_visuell": null, "treppe_kontrast_taktil": null, "treppe_stufenanzahl": null, "treppe_stufenhoehe": null, "rollstuhllift": null, "eingangsbereich_beschreibung": null, "gebaeudeinneres_gangbreite": null, "gebaeudeinneres_induktionsschleifen": null, "gebaeudeinneres_fuehrungsrillen": null, "gebaeudeinneres_ruhig": null, "gebaeudeinneres_beleuchtet": null, "aufzug_vorhanden": null, "aufzug_tuerbreite": null, "aufzug_tiefe": null, "aufzug_breite": null, "wctuer_typ": null, "wctuer_glasmarkierung": null, "wctuer_klingel_taster": null, "wctuer_leichte_fuehrung": null, "wctuer_radar_schluessel": null, "wctuer_euro_schluessel": null, "wctuer_wendekreis": null, "wctuer_breite": null, "wctuer_bemerkung": null, "wc_badewanne": null, "wc_dusche": null, "wc_spiegel": null, "wc_gelaender": null, "wc_deckenlifter": null, "wc_standlifter": null, "wc_liege": null, "wc_spiegelhoehe": null, "wc_handtuchspenderhoehe": null, "wc_seifenspender_hoehe": null, "wc_waschbecken_oberkante": null, "wc_waschbecken_hoehe_unterfahrbar": null, "wc_waschbecken_tiefe_unterfahrbar": null, "wc_buegel_rechts": null, "wc_buegel_links": null, "wc_buegel_distanz": null, "wc_buegelhoehe": null, "wc_sitzhoehe": null, "wc_platz_davor": null, "wc_platz_rechts": null, "wc_platz_links": null, "wc_spuelknopf_hinten": null, "wc_spuelknopf_rechts": null, "wc_spuelknopf_links": null, "wc_spuelknopf_hoehe": null, "wc_position_notruf": null, "wc_hoehe_notruf": null, "wc_bermerkung": null, "foto": null }, "geometry": { "type": "Point", "coordinates": [ 11.572279532012427, 48.170718469022837 ] } },
{ "type": "Feature", "id": "wc_finder_opendata.101", "geometry_name": "shape", "properties": { "name": "Öffentliche Toilette \"Fasaneriesee\" Nord", "stadt": "München", "plz": 80995, "strasse": "Feldmochinger Str.", "hausnr": "255", "etage": null, "raumnummer": null, "oeffnungszeiten": "Täglich, 00.00-24.00 Uhr", "kategorie": "divers\/unisex", "preis": 0.0, "wickeln": 0, "standort_beschreibung": null, "zustand": "voll funktionsfähig", "einschraenkungen": null, "mail": "gartenbau@muenchen.de", "website": null, "telefon": null, "zustaendiges_referat": "BAU G23", "erzeugt_bearbeitet": "28.03.2023 \/ 29.09.2023", "din_18040_1": null, "toilette_fuer_alle": null, "eignung_blindenhunde": null, "eingangstuer_typ": null, "eingangstuer_glasmarkierung": null, "eingangstuer_klingel_taster": null, "eingangstuer_leichte_fuehrung": null, "eingangstuer_radar_schluessel": null, "eingangstuer_euro_schluessel": null, "eingangstuer_wendekreis": null, "eingangstuer_breite": null, "rampe": null, "rampe_steigung": null, "treppe_vorhanden": null, "treppe_antirutsch": null, "treppe_blindenschrift": null, "treppe_gelaender": null, "treppe_kontrast_visuell": null, "treppe_kontrast_taktil": null, "treppe_stufenanzahl": null, "treppe_stufenhoehe": null, "rollstuhllift": null, "eingangsbereich_beschreibung": null, "gebaeudeinneres_gangbreite": null, "gebaeudeinneres_induktionsschleifen": null, "gebaeudeinneres_fuehrungsrillen": null, "gebaeudeinneres_ruhig": null, "gebaeudeinneres_beleuchtet": null, "aufzug_vorhanden": null, "aufzug_tuerbreite": null, "aufzug_tiefe": null, "aufzug_breite": null, "wctuer_typ": null, "wctuer_glasmarkierung": null, "wctuer_klingel_taster": null, "wctuer_leichte_fuehrung": null, "wctuer_radar_schluessel": null, "wctuer_euro_schluessel": null, "wctuer_wendekreis": null, "wctuer_breite": null, "wctuer_bemerkung": null, "wc_badewanne": null, "wc_dusche": null, "wc_spiegel": null, "wc_gelaender": null, "wc_deckenlifter": null, "wc_standlifter": null, "wc_liege": null, "wc_spiegelhoehe": null, "wc_handtuchspenderhoehe": null, "wc_seifenspender_hoehe": null, "wc_waschbecken_oberkante": null, "wc_waschbecken_hoehe_unterfahrbar": null, "wc_waschbecken_tiefe_unterfahrbar": null, "wc_buegel_rechts": null, "wc_buegel_links": null, "wc_buegel_distanz": null, "wc_buegelhoehe": null, "wc_sitzhoehe": null, "wc_platz_davor": null, "wc_platz_rechts": null, "wc_platz_links": null, "wc_spuelknopf_hinten": null, "wc_spuelknopf_rechts": null, "wc_spuelknopf_links": null, "wc_spuelknopf_hoehe": null, "wc_position_notruf": null, "wc_hoehe_notruf": null, "wc_bermerkung": null, "foto": null }, "geometry": { "type": "Point", "coordinates": [ 11.528117399405417, 48.206343700322051 ] } },
{ "type": "Feature", "id": "wc_finder_opendata.102", "geometry_name": "shape", "properties": { "name": "WC-Anlage \"Regattaanlage\"", "stadt": "München", "plz": 85764, "strasse": null, "hausnr": null, "etage": null, "raumnummer": null, "oeffnungszeiten": null, "kategorie": "divers\/unisex", "preis": 0.0, "wickeln": 0, "standort_beschreibung": null, "zustand": "voll funktionsfähig", "einschraenkungen": null, "mail": "info@olympiapark.de", "website": null, "telefon": null, "zustaendiges_referat": "MOG", "erzeugt_bearbeitet": "29.09.2023 \/ 29.09.2023", "din_18040_1": null, "toilette_fuer_alle": null, "eignung_blindenhunde": null, "eingangstuer_typ": null, "eingangstuer_glasmarkierung": null, "eingangstuer_klingel_taster": null, "eingangstuer_leichte_fuehrung": null, "eingangstuer_radar_schluessel": null, "eingangstuer_euro_schluessel": null, "eingangstuer_wendekreis": null, "eingangstuer_breite": null, "rampe": null, "rampe_steigung": null, "treppe_vorhanden": null, "treppe_antirutsch": null, "treppe_blindenschrift": null, "treppe_gelaender": null, "treppe_kontrast_visuell": null, "treppe_kontrast_taktil": null, "treppe_stufenanzahl": null, "treppe_stufenhoehe": null, "rollstuhllift": null, "eingangsbereich_beschreibung": null, "gebaeudeinneres_gangbreite": null, "gebaeudeinneres_induktionsschleifen": null, "gebaeudeinneres_fuehrungsrillen": null, "gebaeudeinneres_ruhig": null, "gebaeudeinneres_beleuchtet": null, "aufzug_vorhanden": null, "aufzug_tuerbreite": null, "aufzug_tiefe": null, "aufzug_breite": null, "wctuer_typ": null, "wctuer_glasmarkierung": null, "wctuer_klingel_taster": null, "wctuer_leichte_fuehrung": null, "wctuer_radar_schluessel": null, "wctuer_euro_schluessel": null, "wctuer_wendekreis": null, "wctuer_breite": null, "wctuer_bemerkung": null, "wc_badewanne": null, "wc_dusche": null, "wc_spiegel": null, "wc_gelaender": null, "wc_deckenlifter": null, "wc_standlifter": null, "wc_liege": null, "wc_spiegelhoehe": null, "wc_handtuchspenderhoehe": null, "wc_seifenspender_hoehe": null, "wc_waschbecken_oberkante": null, "wc_waschbecken_hoehe_unterfahrbar": null, "wc_waschbecken_tiefe_unterfahrbar": null, "wc_buegel_rechts": null, "wc_buegel_links": null, "wc_buegel_distanz": null, "wc_buegelhoehe": null, "wc_sitzhoehe": null, "wc_platz_davor": null, "wc_platz_rechts": null, "wc_platz_links": null, "wc_spuelknopf_hinten": null, "wc_spuelknopf_rechts": null, "wc_spuelknopf_links": null, "wc_spuelknopf_hoehe": null, "wc_position_notruf": null, "wc_hoehe_notruf": null, "wc_bermerkung": null, "foto": null }, "geometry": { "type": "Point", "coordinates": [ 11.523378499259746, 48.247147095718553 ] } },
{ "type": "Feature", "id": "wc_finder_opendata.103", "geometry_name": "shape", "properties": { "name": "Öffentliche Toilette \"Riemer Park“   ", "stadt": "München", "plz": 81829, "strasse": "Astrid-Lindgren-Str. ", "hausnr": "63", "etage": null, "raumnummer": null, "oeffnungszeiten": "ganzjährig", "kategorie": "barrierefrei", "preis": 0.0, "wickeln": 0, "standort_beschreibung": null, "zustand": "voll funktionsfähig", "einschraenkungen": null, "mail": "gartenbau@muenchen.de", "website": null, "telefon": null, "zustaendiges_referat": "BAU-G22", "erzeugt_bearbeitet": "28.03.2023 \/ 29.09.2023", "din_18040_1": 0, "toilette_fuer_alle": 0, "eignung_blindenhunde": 0, "eingangstuer_typ": null, "eingangstuer_glasmarkierung": 0, "eingangstuer_klingel_taster": 0, "eingangstuer_leichte_fuehrung": 0, "eingangstuer_radar_schluessel": 0, "eingangstuer_euro_schluessel": 0, "eingangstuer_wendekreis": null, "eingangstuer_breite": null, "rampe": null, "rampe_steigung": null, "treppe_vorhanden": 0, "treppe_antirutsch": 0, "treppe_blindenschrift": 0, "treppe_gelaender": 0, "treppe_kontrast_visuell": 0, "treppe_kontrast_taktil": 0, "treppe_stufenanzahl": null, "treppe_stufenhoehe": null, "rollstuhllift": 0, "eingangsbereich_beschreibung": null, "gebaeudeinneres_gangbreite": null, "gebaeudeinneres_induktionsschleifen": 0, "gebaeudeinneres_fuehrungsrillen": 0, "gebaeudeinneres_ruhig": 0, "gebaeudeinneres_beleuchtet": 0, "aufzug_vorhanden": 0, "aufzug_tuerbreite": null, "aufzug_tiefe": null, "aufzug_breite": null, "wctuer_typ": null, "wctuer_glasmarkierung": 0, "wctuer_klingel_taster": 0, "wctuer_leichte_fuehrung": 0, "wctuer_radar_schluessel": 0, "wctuer_euro_schluessel": 0, "wctuer_wendekreis": null, "wctuer_breite": null, "wctuer_bemerkung": null, "wc_badewanne": 0, "wc_dusche": 0, "wc_spiegel": 0, "wc_gelaender": 0, "wc_deckenlifter": 0, "wc_standlifter": 0, "wc_liege": 0, "wc_spiegelhoehe": null, "wc_handtuchspenderhoehe": null, "wc_seifenspender_hoehe": null, "wc_waschbecken_oberkante": null, "wc_waschbecken_hoehe_unterfahrbar": null, "wc_waschbecken_tiefe_unterfahrbar": null, "wc_buegel_rechts": 0, "wc_buegel_links": 0, "wc_buegel_distanz": null, "wc_buegelhoehe": null, "wc_sitzhoehe": null, "wc_platz_davor": null, "wc_platz_rechts": null, "wc_platz_links": null, "wc_spuelknopf_hinten": 0, "wc_spuelknopf_rechts": 0, "wc_spuelknopf_links": 0, "wc_spuelknopf_hoehe": null, "wc_position_notruf": null, "wc_hoehe_notruf": null, "wc_bermerkung": null, "foto": null }, "geometry": { "type": "Point", "coordinates": [ 11.709648799618117, 48.128827300193095 ] } },
{ "type": "Feature", "id": "wc_finder_opendata.104", "geometry_name": "shape", "properties": { "name": "WC-Anlage Westpark, Grillzone West", "stadt": "München", "plz": 81377, "strasse": null, "hausnr": null, "etage": null, "raumnummer": null, "oeffnungszeiten": "Mai - Oktober", "kategorie": "divers\/unisex", "preis": 0.0, "wickeln": 0, "standort_beschreibung": null, "zustand": "voll funktionsfähig", "einschraenkungen": null, "mail": "gartenbau@muenchen.de", "website": null, "telefon": null, "zustaendiges_referat": "BAU-G33", "erzeugt_bearbeitet": "29.09.2023 \/ 29.09.2023", "din_18040_1": null, "toilette_fuer_alle": null, "eignung_blindenhunde": null, "eingangstuer_typ": null, "eingangstuer_glasmarkierung": null, "eingangstuer_klingel_taster": null, "eingangstuer_leichte_fuehrung": null, "eingangstuer_radar_schluessel": null, "eingangstuer_euro_schluessel": null, "eingangstuer_wendekreis": null, "eingangstuer_breite": null, "rampe": null, "rampe_steigung": null, "treppe_vorhanden": null, "treppe_antirutsch": null, "treppe_blindenschrift": null, "treppe_gelaender": null, "treppe_kontrast_visuell": null, "treppe_kontrast_taktil": null, "treppe_stufenanzahl": null, "treppe_stufenhoehe": null, "rollstuhllift": null, "eingangsbereich_beschreibung": null, "gebaeudeinneres_gangbreite": null, "gebaeudeinneres_induktionsschleifen": null, "gebaeudeinneres_fuehrungsrillen": null, "gebaeudeinneres_ruhig": null, "gebaeudeinneres_beleuchtet": null, "aufzug_vorhanden": null, "aufzug_tuerbreite": null, "aufzug_tiefe": null, "aufzug_breite": null, "wctuer_typ": null, "wctuer_glasmarkierung": null, "wctuer_klingel_taster": null, "wctuer_leichte_fuehrung": null, "wctuer_radar_schluessel": null, "wctuer_euro_schluessel": null, "wctuer_wendekreis": null, "wctuer_breite": null, "wctuer_bemerkung": null, "wc_badewanne": null, "wc_dusche": null, "wc_spiegel": null, "wc_gelaender": null, "wc_deckenlifter": null, "wc_standlifter": null, "wc_liege": null, "wc_spiegelhoehe": null, "wc_handtuchspenderhoehe": null, "wc_seifenspender_hoehe": null, "wc_waschbecken_oberkante": null, "wc_waschbecken_hoehe_unterfahrbar": null, "wc_waschbecken_tiefe_unterfahrbar": null, "wc_buegel_rechts": null, "wc_buegel_links": null, "wc_buegel_distanz": null, "wc_buegelhoehe": null, "wc_sitzhoehe": null, "wc_platz_davor": null, "wc_platz_rechts": null, "wc_platz_links": null, "wc_spuelknopf_hinten": null, "wc_spuelknopf_rechts": null, "wc_spuelknopf_links": null, "wc_spuelknopf_hoehe": null, "wc_position_notruf": null, "wc_hoehe_notruf": null, "wc_bermerkung": null, "foto": null }, "geometry": { "type": "Point", "coordinates": [ 11.510157022642211, 48.122356313616223 ] } },
{ "type": "Feature", "id": "wc_finder_opendata.105", "geometry_name": "shape", "properties": { "name": "Öffentliche Toilette \"Petuelpark\"", "stadt": "München", "plz": 80804, "strasse": "Klopstockstr.", "hausnr": "10", "etage": null, "raumnummer": null, "oeffnungszeiten": "während der Öffnungszeiten des Cafe`s", "kategorie": "barrierefrei", "preis": 0.0, "wickeln": 0, "standort_beschreibung": "", "zustand": "voll funktionsfähig", "einschraenkungen": null, "mail": "gartenbau@muenchen.de", "website": null, "telefon": null, "zustaendiges_referat": "BAU-G23", "erzeugt_bearbeitet": "28.03.2023 \/ 29.09.2023", "din_18040_1": 0, "toilette_fuer_alle": 0, "eignung_blindenhunde": 0, "eingangstuer_typ": null, "eingangstuer_glasmarkierung": 0, "eingangstuer_klingel_taster": 0, "eingangstuer_leichte_fuehrung": 0, "eingangstuer_radar_schluessel": 0, "eingangstuer_euro_schluessel": 0, "eingangstuer_wendekreis": null, "eingangstuer_breite": null, "rampe": null, "rampe_steigung": null, "treppe_vorhanden": 0, "treppe_antirutsch": 0, "treppe_blindenschrift": 0, "treppe_gelaender": 0, "treppe_kontrast_visuell": 0, "treppe_kontrast_taktil": 0, "treppe_stufenanzahl": null, "treppe_stufenhoehe": null, "rollstuhllift": 0, "eingangsbereich_beschreibung": null, "gebaeudeinneres_gangbreite": null, "gebaeudeinneres_induktionsschleifen": 0, "gebaeudeinneres_fuehrungsrillen": 0, "gebaeudeinneres_ruhig": 0, "gebaeudeinneres_beleuchtet": 0, "aufzug_vorhanden": 0, "aufzug_tuerbreite": null, "aufzug_tiefe": null, "aufzug_breite": null, "wctuer_typ": null, "wctuer_glasmarkierung": 0, "wctuer_klingel_taster": 0, "wctuer_leichte_fuehrung": 0, "wctuer_radar_schluessel": 0, "wctuer_euro_schluessel": 0, "wctuer_wendekreis": null, "wctuer_breite": null, "wctuer_bemerkung": null, "wc_badewanne": 0, "wc_dusche": 0, "wc_spiegel": 0, "wc_gelaender": 0, "wc_deckenlifter": 0, "wc_standlifter": 0, "wc_liege": 0, "wc_spiegelhoehe": null, "wc_handtuchspenderhoehe": null, "wc_seifenspender_hoehe": null, "wc_waschbecken_oberkante": null, "wc_waschbecken_hoehe_unterfahrbar": null, "wc_waschbecken_tiefe_unterfahrbar": null, "wc_buegel_rechts": 0, "wc_buegel_links": 0, "wc_buegel_distanz": null, "wc_buegelhoehe": null, "wc_sitzhoehe": null, "wc_platz_davor": null, "wc_platz_rechts": null, "wc_platz_links": null, "wc_spuelknopf_hinten": 0, "wc_spuelknopf_rechts": 0, "wc_spuelknopf_links": 0, "wc_spuelknopf_hoehe": null, "wc_position_notruf": null, "wc_hoehe_notruf": null, "wc_bermerkung": null, "foto": null }, "geometry": { "type": "Point", "coordinates": [ 11.579451400059179, 48.177470100299459 ] } },
{ "type": "Feature", "id": "wc_finder_opendata.106", "geometry_name": "shape", "properties": { "name": "WC-Anlage \"Westpark, Seebühne\"", "stadt": "München", "plz": 81377, "strasse": null, "hausnr": null, "etage": null, "raumnummer": null, "oeffnungszeiten": "nur bei Veranstaltungen", "kategorie": "divers\/unisex", "preis": 0.0, "wickeln": 0, "standort_beschreibung": null, "zustand": "voll funktionsfähig", "einschraenkungen": null, "mail": "gartenbau@muenchen.de", "website": null, "telefon": null, "zustaendiges_referat": "BAU-G33", "erzeugt_bearbeitet": "29.09.2023 \/ 29.09.2023", "din_18040_1": null, "toilette_fuer_alle": null, "eignung_blindenhunde": null, "eingangstuer_typ": null, "eingangstuer_glasmarkierung": null, "eingangstuer_klingel_taster": null, "eingangstuer_leichte_fuehrung": null, "eingangstuer_radar_schluessel": null, "eingangstuer_euro_schluessel": null, "eingangstuer_wendekreis": null, "eingangstuer_breite": null, "rampe": null, "rampe_steigung": null, "treppe_vorhanden": null, "treppe_antirutsch": null, "treppe_blindenschrift": null, "treppe_gelaender": null, "treppe_kontrast_visuell": null, "treppe_kontrast_taktil": null, "treppe_stufenanzahl": null, "treppe_stufenhoehe": null, "rollstuhllift": null, "eingangsbereich_beschreibung": null, "gebaeudeinneres_gangbreite": null, "gebaeudeinneres_induktionsschleifen": null, "gebaeudeinneres_fuehrungsrillen": null, "gebaeudeinneres_ruhig": null, "gebaeudeinneres_beleuchtet": null, "aufzug_vorhanden": null, "aufzug_tuerbreite": null, "aufzug_tiefe": null, "aufzug_breite": null, "wctuer_typ": null, "wctuer_glasmarkierung": null, "wctuer_klingel_taster": null, "wctuer_leichte_fuehrung": null, "wctuer_radar_schluessel": null, "wctuer_euro_schluessel": null, "wctuer_wendekreis": null, "wctuer_breite": null, "wctuer_bemerkung": null, "wc_badewanne": null, "wc_dusche": null, "wc_spiegel": null, "wc_gelaender": null, "wc_deckenlifter": null, "wc_standlifter": null, "wc_liege": null, "wc_spiegelhoehe": null, "wc_handtuchspenderhoehe": null, "wc_seifenspender_hoehe": null, "wc_waschbecken_oberkante": null, "wc_waschbecken_hoehe_unterfahrbar": null, "wc_waschbecken_tiefe_unterfahrbar": null, "wc_buegel_rechts": null, "wc_buegel_links": null, "wc_buegel_distanz": null, "wc_buegelhoehe": null, "wc_sitzhoehe": null, "wc_platz_davor": null, "wc_platz_rechts": null, "wc_platz_links": null, "wc_spuelknopf_hinten": null, "wc_spuelknopf_rechts": null, "wc_spuelknopf_links": null, "wc_spuelknopf_hoehe": null, "wc_position_notruf": null, "wc_hoehe_notruf": null, "wc_bermerkung": null, "foto": null }, "geometry": { "type": "Point", "coordinates": [ 11.512302963317039, 48.12326881938862 ] } },
{ "type": "Feature", "id": "wc_finder_opendata.107", "geometry_name": "shape", "properties": { "name": "Öffentliche Toilette \"Ostpark“", "stadt": "München", "plz": 81735, "strasse": "Feichtstraße ", "hausnr": "10", "etage": null, "raumnummer": null, "oeffnungszeiten": "Ganzjährig, während der Öffnungszeiten der Gastronomie", "kategorie": "divers\/unisex", "preis": 0.0, "wickeln": 0, "standort_beschreibung": null, "zustand": "voll funktionsfähig", "einschraenkungen": null, "mail": "gartenbau@muenchen.de", "website": null, "telefon": null, "zustaendiges_referat": "BAU G 22", "erzeugt_bearbeitet": "28.03.2023 \/ 29.09.2023", "din_18040_1": null, "toilette_fuer_alle": null, "eignung_blindenhunde": null, "eingangstuer_typ": null, "eingangstuer_glasmarkierung": null, "eingangstuer_klingel_taster": null, "eingangstuer_leichte_fuehrung": null, "eingangstuer_radar_schluessel": null, "eingangstuer_euro_schluessel": null, "eingangstuer_wendekreis": null, "eingangstuer_breite": null, "rampe": null, "rampe_steigung": null, "treppe_vorhanden": null, "treppe_antirutsch": null, "treppe_blindenschrift": null, "treppe_gelaender": null, "treppe_kontrast_visuell": null, "treppe_kontrast_taktil": null, "treppe_stufenanzahl": null, "treppe_stufenhoehe": null, "rollstuhllift": null, "eingangsbereich_beschreibung": null, "gebaeudeinneres_gangbreite": null, "gebaeudeinneres_induktionsschleifen": null, "gebaeudeinneres_fuehrungsrillen": null, "gebaeudeinneres_ruhig": null, "gebaeudeinneres_beleuchtet": null, "aufzug_vorhanden": null, "aufzug_tuerbreite": null, "aufzug_tiefe": null, "aufzug_breite": null, "wctuer_typ": null, "wctuer_glasmarkierung": null, "wctuer_klingel_taster": null, "wctuer_leichte_fuehrung": null, "wctuer_radar_schluessel": null, "wctuer_euro_schluessel": null, "wctuer_wendekreis": null, "wctuer_breite": null, "wctuer_bemerkung": null, "wc_badewanne": null, "wc_dusche": null, "wc_spiegel": null, "wc_gelaender": null, "wc_deckenlifter": null, "wc_standlifter": null, "wc_liege": null, "wc_spiegelhoehe": null, "wc_handtuchspenderhoehe": null, "wc_seifenspender_hoehe": null, "wc_waschbecken_oberkante": null, "wc_waschbecken_hoehe_unterfahrbar": null, "wc_waschbecken_tiefe_unterfahrbar": null, "wc_buegel_rechts": null, "wc_buegel_links": null, "wc_buegel_distanz": null, "wc_buegelhoehe": null, "wc_sitzhoehe": null, "wc_platz_davor": null, "wc_platz_rechts": null, "wc_platz_links": null, "wc_spuelknopf_hinten": null, "wc_spuelknopf_rechts": null, "wc_spuelknopf_links": null, "wc_spuelknopf_hoehe": null, "wc_position_notruf": null, "wc_hoehe_notruf": null, "wc_bermerkung": null, "foto": null }, "geometry": { "type": "Point", "coordinates": [ 11.638434799971941, 48.115504399707952 ] } },
{ "type": "Feature", "id": "wc_finder_opendata.108", "geometry_name": "shape", "properties": { "name": "Öffentliche Toilette \"Georg-Freundorfer-Platz\"", "stadt": "München", "plz": 80339, "strasse": null, "hausnr": null, "etage": null, "raumnummer": null, "oeffnungszeiten": "ganzjährig täglich 06:00 -02:00 Uhr", "kategorie": "divers\/unisex und barrierefrei", "preis": 0.0, "wickeln": 1, "standort_beschreibung": null, "zustand": "voll funktionsfähig", "einschraenkungen": null, "mail": "service@hering-sanikonzept.de", "website": "https:\/\/www.wc-fresh.com", "telefon": "+49 2736 27-216", "zustaendiges_referat": "BAU-G", "erzeugt_bearbeitet": "12.09.2023 \/ 27.09.2023", "din_18040_1": 1, "toilette_fuer_alle": 0, "eignung_blindenhunde": 0, "eingangstuer_typ": null, "eingangstuer_glasmarkierung": 0, "eingangstuer_klingel_taster": 0, "eingangstuer_leichte_fuehrung": 0, "eingangstuer_radar_schluessel": 0, "eingangstuer_euro_schluessel": 0, "eingangstuer_wendekreis": null, "eingangstuer_breite": null, "rampe": null, "rampe_steigung": null, "treppe_vorhanden": 0, "treppe_antirutsch": 0, "treppe_blindenschrift": 0, "treppe_gelaender": 0, "treppe_kontrast_visuell": 0, "treppe_kontrast_taktil": 0, "treppe_stufenanzahl": null, "treppe_stufenhoehe": null, "rollstuhllift": 0, "eingangsbereich_beschreibung": null, "gebaeudeinneres_gangbreite": null, "gebaeudeinneres_induktionsschleifen": 0, "gebaeudeinneres_fuehrungsrillen": 0, "gebaeudeinneres_ruhig": 0, "gebaeudeinneres_beleuchtet": 0, "aufzug_vorhanden": 0, "aufzug_tuerbreite": null, "aufzug_tiefe": null, "aufzug_breite": null, "wctuer_typ": null, "wctuer_glasmarkierung": 0, "wctuer_klingel_taster": 0, "wctuer_leichte_fuehrung": 0, "wctuer_radar_schluessel": 0, "wctuer_euro_schluessel": 0, "wctuer_wendekreis": null, "wctuer_breite": null, "wctuer_bemerkung": null, "wc_badewanne": 0, "wc_dusche": 0, "wc_spiegel": 0, "wc_gelaender": 0, "wc_deckenlifter": 0, "wc_standlifter": 0, "wc_liege": 0, "wc_spiegelhoehe": "mind. 100", "wc_handtuchspenderhoehe": null, "wc_seifenspender_hoehe": null, "wc_waschbecken_oberkante": null, "wc_waschbecken_hoehe_unterfahrbar": null, "wc_waschbecken_tiefe_unterfahrbar": null, "wc_buegel_rechts": 0, "wc_buegel_links": 0, "wc_buegel_distanz": null, "wc_buegelhoehe": null, "wc_sitzhoehe": null, "wc_platz_davor": null, "wc_platz_rechts": "mind. 90", "wc_platz_links": "mind. 90", "wc_spuelknopf_hinten": 0, "wc_spuelknopf_rechts": 0, "wc_spuelknopf_links": null, "wc_spuelknopf_hoehe": null, "wc_position_notruf": "in der Nähe des WC-Beckens angebracht", "wc_hoehe_notruf": null, "wc_bermerkung": null, "foto": null }, "geometry": { "type": "Point", "coordinates": [ 11.538351882725124, 48.134033423430978 ] } },
{ "type": "Feature", "id": "wc_finder_opendata.109", "geometry_name": "shape", "properties": { "name": "Öffentliche Toilette \"Michaeli Anger\"", "stadt": "München", "plz": 81671, "strasse": null, "hausnr": null, "etage": null, "raumnummer": null, "oeffnungszeiten": "ganzjährig täglich 06:00 -02:00 Uhr", "kategorie": "divers\/unisex und barrierefrei", "preis": 0.0, "wickeln": 1, "standort_beschreibung": null, "zustand": "voll funktionsfähig", "einschraenkungen": null, "mail": "service@hering-sanikonzept.de", "website": "https:\/\/www.wc-fresh.com", "telefon": "+49 2736 27-216", "zustaendiges_referat": "BAU-G", "erzeugt_bearbeitet": "12.09.2023 \/ 27.09.2023", "din_18040_1": 1, "toilette_fuer_alle": 0, "eignung_blindenhunde": 0, "eingangstuer_typ": null, "eingangstuer_glasmarkierung": 0, "eingangstuer_klingel_taster": 0, "eingangstuer_leichte_fuehrung": 0, "eingangstuer_radar_schluessel": 0, "eingangstuer_euro_schluessel": 0, "eingangstuer_wendekreis": null, "eingangstuer_breite": null, "rampe": null, "rampe_steigung": null, "treppe_vorhanden": 0, "treppe_antirutsch": 0, "treppe_blindenschrift": 0, "treppe_gelaender": 0, "treppe_kontrast_visuell": 0, "treppe_kontrast_taktil": 0, "treppe_stufenanzahl": null, "treppe_stufenhoehe": null, "rollstuhllift": 0, "eingangsbereich_beschreibung": null, "gebaeudeinneres_gangbreite": null, "gebaeudeinneres_induktionsschleifen": 0, "gebaeudeinneres_fuehrungsrillen": 0, "gebaeudeinneres_ruhig": 0, "gebaeudeinneres_beleuchtet": 0, "aufzug_vorhanden": 0, "aufzug_tuerbreite": null, "aufzug_tiefe": null, "aufzug_breite": null, "wctuer_typ": null, "wctuer_glasmarkierung": 0, "wctuer_klingel_taster": 0, "wctuer_leichte_fuehrung": 0, "wctuer_radar_schluessel": 0, "wctuer_euro_schluessel": 0, "wctuer_wendekreis": null, "wctuer_breite": null, "wctuer_bemerkung": null, "wc_badewanne": 0, "wc_dusche": 0, "wc_spiegel": 0, "wc_gelaender": 0, "wc_deckenlifter": 0, "wc_standlifter": 0, "wc_liege": 0, "wc_spiegelhoehe": "mind. 100", "wc_handtuchspenderhoehe": null, "wc_seifenspender_hoehe": null, "wc_waschbecken_oberkante": null, "wc_waschbecken_hoehe_unterfahrbar": null, "wc_waschbecken_tiefe_unterfahrbar": null, "wc_buegel_rechts": 0, "wc_buegel_links": 0, "wc_buegel_distanz": null, "wc_buegelhoehe": null, "wc_sitzhoehe": null, "wc_platz_davor": null, "wc_platz_rechts": "mind. 90", "wc_platz_links": "mind. 90", "wc_spuelknopf_hinten": 0, "wc_spuelknopf_rechts": 0, "wc_spuelknopf_links": null, "wc_spuelknopf_hoehe": null, "wc_position_notruf": "in der Nähe des WC-Beckens angebracht", "wc_hoehe_notruf": null, "wc_bermerkung": null, "foto": null }, "geometry": { "type": "Point", "coordinates": [ 11.628746024632386, 48.122223076461523 ] } },
{ "type": "Feature", "id": "wc_finder_opendata.110", "geometry_name": "shape", "properties": { "name": "Toilettenanlage \"Floßlände\"", "stadt": "München", "plz": 81379, "strasse": null, "hausnr": null, "etage": null, "raumnummer": null, "oeffnungszeiten": "ganzjährig täglich 06:00 -02:00 Uhr", "kategorie": "divers\/unisex und barrierefrei", "preis": 0.0, "wickeln": 0, "standort_beschreibung": null, "zustand": "voll funktionsfähig", "einschraenkungen": null, "mail": " service@hering-sanikonzept.de", "website": "https:\/\/www.wc-fresh.com", "telefon": "+49 2736 27-216", "zustaendiges_referat": "BAU-J", "erzeugt_bearbeitet": "28.03.2023 \/ 27.09.2023", "din_18040_1": 0, "toilette_fuer_alle": 1, "eignung_blindenhunde": 0, "eingangstuer_typ": null, "eingangstuer_glasmarkierung": 0, "eingangstuer_klingel_taster": 0, "eingangstuer_leichte_fuehrung": 0, "eingangstuer_radar_schluessel": 0, "eingangstuer_euro_schluessel": 0, "eingangstuer_wendekreis": null, "eingangstuer_breite": null, "rampe": null, "rampe_steigung": null, "treppe_vorhanden": 0, "treppe_antirutsch": 0, "treppe_blindenschrift": 0, "treppe_gelaender": 0, "treppe_kontrast_visuell": 0, "treppe_kontrast_taktil": 0, "treppe_stufenanzahl": null, "treppe_stufenhoehe": null, "rollstuhllift": 0, "eingangsbereich_beschreibung": null, "gebaeudeinneres_gangbreite": null, "gebaeudeinneres_induktionsschleifen": 0, "gebaeudeinneres_fuehrungsrillen": 0, "gebaeudeinneres_ruhig": 0, "gebaeudeinneres_beleuchtet": 0, "aufzug_vorhanden": 0, "aufzug_tuerbreite": null, "aufzug_tiefe": null, "aufzug_breite": null, "wctuer_typ": null, "wctuer_glasmarkierung": 0, "wctuer_klingel_taster": 0, "wctuer_leichte_fuehrung": 0, "wctuer_radar_schluessel": 0, "wctuer_euro_schluessel": 0, "wctuer_wendekreis": null, "wctuer_breite": null, "wctuer_bemerkung": null, "wc_badewanne": 0, "wc_dusche": 0, "wc_spiegel": 0, "wc_gelaender": 0, "wc_deckenlifter": 0, "wc_standlifter": 0, "wc_liege": 0, "wc_spiegelhoehe": null, "wc_handtuchspenderhoehe": null, "wc_seifenspender_hoehe": null, "wc_waschbecken_oberkante": null, "wc_waschbecken_hoehe_unterfahrbar": null, "wc_waschbecken_tiefe_unterfahrbar": null, "wc_buegel_rechts": 0, "wc_buegel_links": 0, "wc_buegel_distanz": null, "wc_buegelhoehe": null, "wc_sitzhoehe": null, "wc_platz_davor": null, "wc_platz_rechts": null, "wc_platz_links": null, "wc_spuelknopf_hinten": 0, "wc_spuelknopf_rechts": 0, "wc_spuelknopf_links": 0, "wc_spuelknopf_hoehe": null, "wc_position_notruf": null, "wc_hoehe_notruf": null, "wc_bermerkung": null, "foto": null }, "geometry": { "type": "Point", "coordinates": [ 11.547453326163243, 48.092809630380913 ] } },
{ "type": "Feature", "id": "wc_finder_opendata.111", "geometry_name": "shape", "properties": { "name": "Öffentliche Toilette \"Eduard-Schmid-Straße\"", "stadt": "München", "plz": 81541, "strasse": "Eduard-Schmid-Straße", "hausnr": "36", "etage": null, "raumnummer": null, "oeffnungszeiten": "ganzjährig täglich 06:00 -02:00 Uhr", "kategorie": "barrierefrei", "preis": 0.0, "wickeln": 1, "standort_beschreibung": null, "zustand": "voll funktionsfähig", "einschraenkungen": null, "mail": "service@hering-sanikonzept.de", "website": "https:\/\/www.wc-fresh.com", "telefon": "+49 2736 27-216", "zustaendiges_referat": "BAU-G", "erzeugt_bearbeitet": "12.09.2023 \/ 27.09.2023", "din_18040_1": 1, "toilette_fuer_alle": 0, "eignung_blindenhunde": 0, "eingangstuer_typ": null, "eingangstuer_glasmarkierung": 0, "eingangstuer_klingel_taster": 0, "eingangstuer_leichte_fuehrung": 0, "eingangstuer_radar_schluessel": 0, "eingangstuer_euro_schluessel": 0, "eingangstuer_wendekreis": null, "eingangstuer_breite": null, "rampe": null, "rampe_steigung": null, "treppe_vorhanden": 0, "treppe_antirutsch": 0, "treppe_blindenschrift": 0, "treppe_gelaender": 0, "treppe_kontrast_visuell": 0, "treppe_kontrast_taktil": 0, "treppe_stufenanzahl": null, "treppe_stufenhoehe": null, "rollstuhllift": 0, "eingangsbereich_beschreibung": null, "gebaeudeinneres_gangbreite": null, "gebaeudeinneres_induktionsschleifen": 0, "gebaeudeinneres_fuehrungsrillen": 0, "gebaeudeinneres_ruhig": 0, "gebaeudeinneres_beleuchtet": 0, "aufzug_vorhanden": 0, "aufzug_tuerbreite": null, "aufzug_tiefe": null, "aufzug_breite": null, "wctuer_typ": null, "wctuer_glasmarkierung": 0, "wctuer_klingel_taster": 0, "wctuer_leichte_fuehrung": 0, "wctuer_radar_schluessel": 0, "wctuer_euro_schluessel": 0, "wctuer_wendekreis": null, "wctuer_breite": null, "wctuer_bemerkung": null, "wc_badewanne": 0, "wc_dusche": 0, "wc_spiegel": 0, "wc_gelaender": 0, "wc_deckenlifter": 0, "wc_standlifter": 0, "wc_liege": 0, "wc_spiegelhoehe": "mind. 100", "wc_handtuchspenderhoehe": null, "wc_seifenspender_hoehe": null, "wc_waschbecken_oberkante": null, "wc_waschbecken_hoehe_unterfahrbar": null, "wc_waschbecken_tiefe_unterfahrbar": null, "wc_buegel_rechts": 0, "wc_buegel_links": 0, "wc_buegel_distanz": null, "wc_buegelhoehe": null, "wc_sitzhoehe": null, "wc_platz_davor": null, "wc_platz_rechts": "mind. 90", "wc_platz_links": "mind. 90", "wc_spuelknopf_hinten": 0, "wc_spuelknopf_rechts": 0, "wc_spuelknopf_links": null, "wc_spuelknopf_hoehe": null, "wc_position_notruf": "in der Nähe des WC-Beckens angebracht", "wc_hoehe_notruf": null, "wc_bermerkung": null, "foto": null }, "geometry": { "type": "Point", "coordinates": [ 11.572861686417095, 48.123831735949246 ] } },
{ "type": "Feature", "id": "wc_finder_opendata.112", "geometry_name": "shape", "properties": { "name": "Öffentliche Toilette \"Valpichlerstraße\"", "stadt": "München", "plz": 80686, "strasse": null, "hausnr": null, "etage": null, "raumnummer": null, "oeffnungszeiten": "ganzjährig täglich 06:00 -02:00 Uhr", "kategorie": "divers\/unisex und barrierefrei", "preis": 0.0, "wickeln": 1, "standort_beschreibung": null, "zustand": "voll funktionsfähig", "einschraenkungen": null, "mail": "service@hering-sanikonzept.de", "website": "https:\/\/www.wc-fresh.com", "telefon": "+49 2736 27-216", "zustaendiges_referat": "BAU-G", "erzeugt_bearbeitet": "12.09.2023 \/ 27.09.2023", "din_18040_1": 1, "toilette_fuer_alle": 0, "eignung_blindenhunde": 0, "eingangstuer_typ": null, "eingangstuer_glasmarkierung": 0, "eingangstuer_klingel_taster": 0, "eingangstuer_leichte_fuehrung": 0, "eingangstuer_radar_schluessel": 0, "eingangstuer_euro_schluessel": 0, "eingangstuer_wendekreis": null, "eingangstuer_breite": null, "rampe": null, "rampe_steigung": null, "treppe_vorhanden": 0, "treppe_antirutsch": 0, "treppe_blindenschrift": 0, "treppe_gelaender": 0, "treppe_kontrast_visuell": 0, "treppe_kontrast_taktil": 0, "treppe_stufenanzahl": null, "treppe_stufenhoehe": null, "rollstuhllift": 0, "eingangsbereich_beschreibung": null, "gebaeudeinneres_gangbreite": null, "gebaeudeinneres_induktionsschleifen": 0, "gebaeudeinneres_fuehrungsrillen": 0, "gebaeudeinneres_ruhig": 0, "gebaeudeinneres_beleuchtet": 0, "aufzug_vorhanden": 0, "aufzug_tuerbreite": null, "aufzug_tiefe": null, "aufzug_breite": null, "wctuer_typ": null, "wctuer_glasmarkierung": 0, "wctuer_klingel_taster": 0, "wctuer_leichte_fuehrung": 0, "wctuer_radar_schluessel": 0, "wctuer_euro_schluessel": 0, "wctuer_wendekreis": null, "wctuer_breite": null, "wctuer_bemerkung": null, "wc_badewanne": 0, "wc_dusche": 0, "wc_spiegel": 0, "wc_gelaender": 0, "wc_deckenlifter": 0, "wc_standlifter": 0, "wc_liege": 0, "wc_spiegelhoehe": "mind. 100", "wc_handtuchspenderhoehe": null, "wc_seifenspender_hoehe": null, "wc_waschbecken_oberkante": null, "wc_waschbecken_hoehe_unterfahrbar": null, "wc_waschbecken_tiefe_unterfahrbar": null, "wc_buegel_rechts": 0, "wc_buegel_links": 0, "wc_buegel_distanz": null, "wc_buegelhoehe": null, "wc_sitzhoehe": null, "wc_platz_davor": null, "wc_platz_rechts": "mind. 90", "wc_platz_links": "mind. 90", "wc_spuelknopf_hinten": 0, "wc_spuelknopf_rechts": 0, "wc_spuelknopf_links": null, "wc_spuelknopf_hoehe": null, "wc_position_notruf": "in der Nähe des WC-Beckens angebracht", "wc_hoehe_notruf": null, "wc_bermerkung": null, "foto": null }, "geometry": { "type": "Point", "coordinates": [ 11.496775990524538, 48.137803658148911 ] } },
{ "type": "Feature", "id": "wc_finder_opendata.113", "geometry_name": "shape", "properties": { "name": "Öffentliche Toilette \"Sendlinger Wald\/ Südpark\"", "stadt": "München", "plz": 81379, "strasse": null, "hausnr": null, "etage": null, "raumnummer": null, "oeffnungszeiten": "ganzjährig täglich 06:00 -02:00 Uhr", "kategorie": "divers\/unisex und barrierefrei", "preis": 0.0, "wickeln": 0, "standort_beschreibung": null, "zustand": "voll funktionsfähig", "einschraenkungen": null, "mail": "service@hering-sanikonzept.de", "website": "https:\/\/www.wc-fresh.com", "telefon": "+49 2736 27-216", "zustaendiges_referat": "BAU-G", "erzeugt_bearbeitet": "12.09.2023 \/ 27.09.2023", "din_18040_1": 1, "toilette_fuer_alle": 0, "eignung_blindenhunde": 0, "eingangstuer_typ": null, "eingangstuer_glasmarkierung": 0, "eingangstuer_klingel_taster": 0, "eingangstuer_leichte_fuehrung": 0, "eingangstuer_radar_schluessel": 0, "eingangstuer_euro_schluessel": 0, "eingangstuer_wendekreis": null, "eingangstuer_breite": null, "rampe": null, "rampe_steigung": null, "treppe_vorhanden": 0, "treppe_antirutsch": 0, "treppe_blindenschrift": 0, "treppe_gelaender": 0, "treppe_kontrast_visuell": 0, "treppe_kontrast_taktil": 0, "treppe_stufenanzahl": null, "treppe_stufenhoehe": null, "rollstuhllift": 0, "eingangsbereich_beschreibung": null, "gebaeudeinneres_gangbreite": null, "gebaeudeinneres_induktionsschleifen": 0, "gebaeudeinneres_fuehrungsrillen": 0, "gebaeudeinneres_ruhig": 0, "gebaeudeinneres_beleuchtet": 0, "aufzug_vorhanden": 0, "aufzug_tuerbreite": null, "aufzug_tiefe": null, "aufzug_breite": null, "wctuer_typ": null, "wctuer_glasmarkierung": 0, "wctuer_klingel_taster": 0, "wctuer_leichte_fuehrung": 0, "wctuer_radar_schluessel": 0, "wctuer_euro_schluessel": 0, "wctuer_wendekreis": null, "wctuer_breite": null, "wctuer_bemerkung": null, "wc_badewanne": 0, "wc_dusche": 0, "wc_spiegel": 0, "wc_gelaender": 0, "wc_deckenlifter": 0, "wc_standlifter": 0, "wc_liege": 0, "wc_spiegelhoehe": "mind. 100", "wc_handtuchspenderhoehe": null, "wc_seifenspender_hoehe": null, "wc_waschbecken_oberkante": null, "wc_waschbecken_hoehe_unterfahrbar": null, "wc_waschbecken_tiefe_unterfahrbar": null, "wc_buegel_rechts": 0, "wc_buegel_links": 0, "wc_buegel_distanz": null, "wc_buegelhoehe": null, "wc_sitzhoehe": null, "wc_platz_davor": null, "wc_platz_rechts": "mind. 90", "wc_platz_links": "mind. 90", "wc_spuelknopf_hinten": 0, "wc_spuelknopf_rechts": 0, "wc_spuelknopf_links": null, "wc_spuelknopf_hoehe": null, "wc_position_notruf": "in der Nähe des WC-Beckens angebracht", "wc_hoehe_notruf": null, "wc_bermerkung": null, "foto": null }, "geometry": { "type": "Point", "coordinates": [ 11.512790731211561, 48.103815603658305 ] } },
{ "type": "Feature", "id": "wc_finder_opendata.114", "geometry_name": "shape", "properties": { "name": "Öffentliche Toilettenanlage \"Weißenseepark\"", "stadt": "München", "plz": 81539, "strasse": null, "hausnr": null, "etage": null, "raumnummer": null, "oeffnungszeiten": "ganzjährig täglich 06:00 -02:00 Uhr", "kategorie": "divers\/unisex und barrierefrei", "preis": 0.0, "wickeln": 1, "standort_beschreibung": null, "zustand": "voll funktionsfähig", "einschraenkungen": null, "mail": "service@hering-sanikonzept.de", "website": "https:\/\/www.wc-fresh.com", "telefon": "089 54369744", "zustaendiges_referat": "BAU-G", "erzeugt_bearbeitet": "12.09.2023 \/ 27.09.2023", "din_18040_1": 1, "toilette_fuer_alle": 0, "eignung_blindenhunde": 0, "eingangstuer_typ": null, "eingangstuer_glasmarkierung": 0, "eingangstuer_klingel_taster": 0, "eingangstuer_leichte_fuehrung": 0, "eingangstuer_radar_schluessel": 0, "eingangstuer_euro_schluessel": 0, "eingangstuer_wendekreis": null, "eingangstuer_breite": null, "rampe": null, "rampe_steigung": null, "treppe_vorhanden": 0, "treppe_antirutsch": 0, "treppe_blindenschrift": 0, "treppe_gelaender": 0, "treppe_kontrast_visuell": 0, "treppe_kontrast_taktil": 0, "treppe_stufenanzahl": null, "treppe_stufenhoehe": null, "rollstuhllift": 0, "eingangsbereich_beschreibung": null, "gebaeudeinneres_gangbreite": null, "gebaeudeinneres_induktionsschleifen": 0, "gebaeudeinneres_fuehrungsrillen": 0, "gebaeudeinneres_ruhig": 0, "gebaeudeinneres_beleuchtet": 0, "aufzug_vorhanden": 0, "aufzug_tuerbreite": null, "aufzug_tiefe": null, "aufzug_breite": null, "wctuer_typ": null, "wctuer_glasmarkierung": 0, "wctuer_klingel_taster": 0, "wctuer_leichte_fuehrung": 0, "wctuer_radar_schluessel": 0, "wctuer_euro_schluessel": 0, "wctuer_wendekreis": null, "wctuer_breite": null, "wctuer_bemerkung": null, "wc_badewanne": 0, "wc_dusche": 0, "wc_spiegel": 0, "wc_gelaender": 0, "wc_deckenlifter": 0, "wc_standlifter": 0, "wc_liege": 0, "wc_spiegelhoehe": "mind. 100", "wc_handtuchspenderhoehe": null, "wc_seifenspender_hoehe": null, "wc_waschbecken_oberkante": null, "wc_waschbecken_hoehe_unterfahrbar": null, "wc_waschbecken_tiefe_unterfahrbar": null, "wc_buegel_rechts": 0, "wc_buegel_links": 0, "wc_buegel_distanz": null, "wc_buegelhoehe": null, "wc_sitzhoehe": null, "wc_platz_davor": null, "wc_platz_rechts": "mind. 90", "wc_platz_links": "mind. 90", "wc_spuelknopf_hinten": 0, "wc_spuelknopf_rechts": 0, "wc_spuelknopf_links": null, "wc_spuelknopf_hoehe": null, "wc_position_notruf": "in der Nähe des WC-Beckens angebracht", "wc_hoehe_notruf": null, "wc_bermerkung": null, "foto": null }, "geometry": { "type": "Point", "coordinates": [ 11.585257869034409, 48.107563460406269 ] } },
{ "type": "Feature", "id": "wc_finder_opendata.115", "geometry_name": "shape", "properties": { "name": "Öffentliche Toilette \"Im Gefilde\"", "stadt": "München", "plz": 81739, "strasse": null, "hausnr": null, "etage": null, "raumnummer": null, "oeffnungszeiten": "ganzjährig täglich 06:00 -02:00 Uhr", "kategorie": "divers\/unisex und barrierefrei", "preis": 0.0, "wickeln": 1, "standort_beschreibung": null, "zustand": "voll funktionsfähig", "einschraenkungen": null, "mail": "service@hering-sanikonzept.de", "website": "https:\/\/www.wc-fresh.com", "telefon": "+49 2736 27-216", "zustaendiges_referat": "BAU-G", "erzeugt_bearbeitet": "12.09.2023 \/ 27.09.2023", "din_18040_1": 1, "toilette_fuer_alle": 0, "eignung_blindenhunde": 0, "eingangstuer_typ": null, "eingangstuer_glasmarkierung": 0, "eingangstuer_klingel_taster": 0, "eingangstuer_leichte_fuehrung": 0, "eingangstuer_radar_schluessel": 0, "eingangstuer_euro_schluessel": 0, "eingangstuer_wendekreis": null, "eingangstuer_breite": null, "rampe": null, "rampe_steigung": null, "treppe_vorhanden": 0, "treppe_antirutsch": 0, "treppe_blindenschrift": 0, "treppe_gelaender": 0, "treppe_kontrast_visuell": 0, "treppe_kontrast_taktil": 0, "treppe_stufenanzahl": null, "treppe_stufenhoehe": null, "rollstuhllift": 0, "eingangsbereich_beschreibung": null, "gebaeudeinneres_gangbreite": null, "gebaeudeinneres_induktionsschleifen": 0, "gebaeudeinneres_fuehrungsrillen": 0, "gebaeudeinneres_ruhig": 0, "gebaeudeinneres_beleuchtet": 0, "aufzug_vorhanden": 0, "aufzug_tuerbreite": null, "aufzug_tiefe": null, "aufzug_breite": null, "wctuer_typ": null, "wctuer_glasmarkierung": 0, "wctuer_klingel_taster": 0, "wctuer_leichte_fuehrung": 0, "wctuer_radar_schluessel": 0, "wctuer_euro_schluessel": 0, "wctuer_wendekreis": null, "wctuer_breite": null, "wctuer_bemerkung": null, "wc_badewanne": 0, "wc_dusche": 0, "wc_spiegel": 0, "wc_gelaender": 0, "wc_deckenlifter": 0, "wc_standlifter": 0, "wc_liege": 0, "wc_spiegelhoehe": "mind. 100", "wc_handtuchspenderhoehe": null, "wc_seifenspender_hoehe": null, "wc_waschbecken_oberkante": null, "wc_waschbecken_hoehe_unterfahrbar": null, "wc_waschbecken_tiefe_unterfahrbar": null, "wc_buegel_rechts": 0, "wc_buegel_links": 0, "wc_buegel_distanz": null, "wc_buegelhoehe": null, "wc_sitzhoehe": null, "wc_platz_davor": null, "wc_platz_rechts": "mind. 90", "wc_platz_links": "mind. 90", "wc_spuelknopf_hinten": 0, "wc_spuelknopf_rechts": 0, "wc_spuelknopf_links": null, "wc_spuelknopf_hoehe": null, "wc_position_notruf": "in der Nähe des WC-Beckens angebracht", "wc_hoehe_notruf": null, "wc_bermerkung": null, "foto": null }, "geometry": { "type": "Point", "coordinates": [ 11.659156650835367, 48.090949827950865 ] } },
{ "type": "Feature", "id": "wc_finder_opendata.116", "geometry_name": "shape", "properties": { "name": "Öffentliche Toilette \"Walchenseeplatz\"", "stadt": "München", "plz": 81539, "strasse": null, "hausnr": null, "etage": null, "raumnummer": null, "oeffnungszeiten": "ganzjährig täglich 06:00 -02:00 Uhr", "kategorie": "divers\/unisex und barrierefrei", "preis": 0.0, "wickeln": 1, "standort_beschreibung": null, "zustand": "voll funktionsfähig", "einschraenkungen": null, "mail": " service@hering-sanikonzept.de", "website": "https:\/\/www.wc-fresh.com", "telefon": "+49 2736 27-216", "zustaendiges_referat": "BAU-G", "erzeugt_bearbeitet": "12.09.2023 \/ 27.09.2023", "din_18040_1": 1, "toilette_fuer_alle": 0, "eignung_blindenhunde": 0, "eingangstuer_typ": null, "eingangstuer_glasmarkierung": 0, "eingangstuer_klingel_taster": 0, "eingangstuer_leichte_fuehrung": 0, "eingangstuer_radar_schluessel": 0, "eingangstuer_euro_schluessel": 0, "eingangstuer_wendekreis": null, "eingangstuer_breite": null, "rampe": null, "rampe_steigung": null, "treppe_vorhanden": 0, "treppe_antirutsch": 0, "treppe_blindenschrift": 0, "treppe_gelaender": 0, "treppe_kontrast_visuell": 0, "treppe_kontrast_taktil": 0, "treppe_stufenanzahl": null, "treppe_stufenhoehe": null, "rollstuhllift": 0, "eingangsbereich_beschreibung": null, "gebaeudeinneres_gangbreite": null, "gebaeudeinneres_induktionsschleifen": 0, "gebaeudeinneres_fuehrungsrillen": 0, "gebaeudeinneres_ruhig": 0, "gebaeudeinneres_beleuchtet": 0, "aufzug_vorhanden": 0, "aufzug_tuerbreite": null, "aufzug_tiefe": null, "aufzug_breite": null, "wctuer_typ": null, "wctuer_glasmarkierung": 0, "wctuer_klingel_taster": 0, "wctuer_leichte_fuehrung": 0, "wctuer_radar_schluessel": 0, "wctuer_euro_schluessel": 0, "wctuer_wendekreis": null, "wctuer_breite": null, "wctuer_bemerkung": null, "wc_badewanne": 0, "wc_dusche": 0, "wc_spiegel": 0, "wc_gelaender": 0, "wc_deckenlifter": 0, "wc_standlifter": 0, "wc_liege": 0, "wc_spiegelhoehe": "mind. 100", "wc_handtuchspenderhoehe": null, "wc_seifenspender_hoehe": null, "wc_waschbecken_oberkante": null, "wc_waschbecken_hoehe_unterfahrbar": null, "wc_waschbecken_tiefe_unterfahrbar": null, "wc_buegel_rechts": 0, "wc_buegel_links": 0, "wc_buegel_distanz": null, "wc_buegelhoehe": null, "wc_sitzhoehe": null, "wc_platz_davor": null, "wc_platz_rechts": "mind. 90", "wc_platz_links": "mind. 90", "wc_spuelknopf_hinten": 0, "wc_spuelknopf_rechts": 0, "wc_spuelknopf_links": null, "wc_spuelknopf_hoehe": null, "wc_position_notruf": "in der Nähe des WC-Beckens angebracht", "wc_hoehe_notruf": null, "wc_bermerkung": null, "foto": null }, "geometry": { "type": "Point", "coordinates": [ 11.58335091806576, 48.112329500641692 ] } },
{ "type": "Feature", "id": "wc_finder_opendata.117", "geometry_name": "shape", "properties": { "name": "Öffentliche Toilette \"Am Graben\"", "stadt": "München", "plz": 81735, "strasse": null, "hausnr": null, "etage": null, "raumnummer": null, "oeffnungszeiten": "ganzjährig täglich 06:00 -02:00 Uhr", "kategorie": "divers\/unisex und barrierefrei", "preis": 0.0, "wickeln": 1, "standort_beschreibung": null, "zustand": "voll funktionsfähig", "einschraenkungen": null, "mail": "service@hering-sanikonzept.de", "website": "https:\/\/www.wc-fresh.com", "telefon": "+49 2736 27-216", "zustaendiges_referat": "BAU-G", "erzeugt_bearbeitet": "12.09.2023 \/ 27.09.2023", "din_18040_1": 1, "toilette_fuer_alle": 0, "eignung_blindenhunde": 0, "eingangstuer_typ": null, "eingangstuer_glasmarkierung": 0, "eingangstuer_klingel_taster": 0, "eingangstuer_leichte_fuehrung": 0, "eingangstuer_radar_schluessel": 0, "eingangstuer_euro_schluessel": 0, "eingangstuer_wendekreis": null, "eingangstuer_breite": null, "rampe": null, "rampe_steigung": null, "treppe_vorhanden": 0, "treppe_antirutsch": 0, "treppe_blindenschrift": 0, "treppe_gelaender": 0, "treppe_kontrast_visuell": 0, "treppe_kontrast_taktil": 0, "treppe_stufenanzahl": null, "treppe_stufenhoehe": null, "rollstuhllift": 0, "eingangsbereich_beschreibung": null, "gebaeudeinneres_gangbreite": null, "gebaeudeinneres_induktionsschleifen": 0, "gebaeudeinneres_fuehrungsrillen": 0, "gebaeudeinneres_ruhig": 0, "gebaeudeinneres_beleuchtet": 0, "aufzug_vorhanden": 0, "aufzug_tuerbreite": null, "aufzug_tiefe": null, "aufzug_breite": null, "wctuer_typ": null, "wctuer_glasmarkierung": 0, "wctuer_klingel_taster": 0, "wctuer_leichte_fuehrung": 0, "wctuer_radar_schluessel": 0, "wctuer_euro_schluessel": 0, "wctuer_wendekreis": null, "wctuer_breite": null, "wctuer_bemerkung": null, "wc_badewanne": 0, "wc_dusche": 0, "wc_spiegel": 0, "wc_gelaender": 0, "wc_deckenlifter": 0, "wc_standlifter": 0, "wc_liege": 0, "wc_spiegelhoehe": "mind. 100", "wc_handtuchspenderhoehe": null, "wc_seifenspender_hoehe": null, "wc_waschbecken_oberkante": null, "wc_waschbecken_hoehe_unterfahrbar": null, "wc_waschbecken_tiefe_unterfahrbar": null, "wc_buegel_rechts": 0, "wc_buegel_links": 0, "wc_buegel_distanz": null, "wc_buegelhoehe": null, "wc_sitzhoehe": null, "wc_platz_davor": null, "wc_platz_rechts": "mind. 90", "wc_platz_links": "mind. 90", "wc_spuelknopf_hinten": 0, "wc_spuelknopf_rechts": 0, "wc_spuelknopf_links": null, "wc_spuelknopf_hoehe": null, "wc_position_notruf": "in der Nähe des WC-Beckens angebracht", "wc_hoehe_notruf": null, "wc_bermerkung": null, "foto": null }, "geometry": { "type": "Point", "coordinates": [ 11.630263547849843, 48.110034488350564 ] } },
{ "type": "Feature", "id": "wc_finder_opendata.118", "geometry_name": "shape", "properties": { "name": "Öffentliche Toilette \"Nußbaumpark\"", "stadt": "München", "plz": 80336, "strasse": null, "hausnr": null, "etage": null, "raumnummer": null, "oeffnungszeiten": "ganzjährig täglich 06:00 -02:00 Uhr", "kategorie": "divers\/unisex und barrierefrei", "preis": 0.0, "wickeln": 1, "standort_beschreibung": null, "zustand": "voll funktionsfähig", "einschraenkungen": null, "mail": "service@hering-sanikonzept.de", "website": "https:\/\/www.wc-fresh.com", "telefon": "+49 2736 27-216", "zustaendiges_referat": "BAU-G", "erzeugt_bearbeitet": "12.09.2023 \/ 27.09.2023", "din_18040_1": 1, "toilette_fuer_alle": 0, "eignung_blindenhunde": 0, "eingangstuer_typ": null, "eingangstuer_glasmarkierung": 0, "eingangstuer_klingel_taster": 0, "eingangstuer_leichte_fuehrung": 0, "eingangstuer_radar_schluessel": 0, "eingangstuer_euro_schluessel": 0, "eingangstuer_wendekreis": null, "eingangstuer_breite": null, "rampe": null, "rampe_steigung": null, "treppe_vorhanden": 0, "treppe_antirutsch": 0, "treppe_blindenschrift": 0, "treppe_gelaender": 0, "treppe_kontrast_visuell": 0, "treppe_kontrast_taktil": 0, "treppe_stufenanzahl": null, "treppe_stufenhoehe": null, "rollstuhllift": 0, "eingangsbereich_beschreibung": null, "gebaeudeinneres_gangbreite": null, "gebaeudeinneres_induktionsschleifen": 0, "gebaeudeinneres_fuehrungsrillen": 0, "gebaeudeinneres_ruhig": 0, "gebaeudeinneres_beleuchtet": 0, "aufzug_vorhanden": 0, "aufzug_tuerbreite": null, "aufzug_tiefe": null, "aufzug_breite": null, "wctuer_typ": null, "wctuer_glasmarkierung": 0, "wctuer_klingel_taster": 0, "wctuer_leichte_fuehrung": 0, "wctuer_radar_schluessel": 0, "wctuer_euro_schluessel": 0, "wctuer_wendekreis": null, "wctuer_breite": null, "wctuer_bemerkung": null, "wc_badewanne": 0, "wc_dusche": 0, "wc_spiegel": 0, "wc_gelaender": 0, "wc_deckenlifter": 0, "wc_standlifter": 0, "wc_liege": 0, "wc_spiegelhoehe": "mind. 100", "wc_handtuchspenderhoehe": null, "wc_seifenspender_hoehe": null, "wc_waschbecken_oberkante": null, "wc_waschbecken_hoehe_unterfahrbar": null, "wc_waschbecken_tiefe_unterfahrbar": null, "wc_buegel_rechts": 0, "wc_buegel_links": 0, "wc_buegel_distanz": null, "wc_buegelhoehe": null, "wc_sitzhoehe": null, "wc_platz_davor": null, "wc_platz_rechts": "mind. 90", "wc_platz_links": "mind. 90", "wc_spuelknopf_hinten": 0, "wc_spuelknopf_rechts": 0, "wc_spuelknopf_links": null, "wc_spuelknopf_hoehe": null, "wc_position_notruf": "in der Nähe des WC-Beckens angebracht", "wc_hoehe_notruf": null, "wc_bermerkung": null, "foto": null }, "geometry": { "type": "Point", "coordinates": [ 11.562898689897798, 48.132051182067421 ] } },
{ "type": "Feature", "id": "wc_finder_opendata.119", "geometry_name": "shape", "properties": { "name": "Öffentliche Toilette \"Goldschmiedplatz\"", "stadt": "München", "plz": 80933, "strasse": "Schleißheimerstraße", "hausnr": "520", "etage": null, "raumnummer": null, "oeffnungszeiten": "ganzjährig täglich 06:00 -02:00 Uhr", "kategorie": "divers\/unisex und barrierefrei", "preis": 0.0, "wickeln": 1, "standort_beschreibung": null, "zustand": "voll funktionsfähig", "einschraenkungen": null, "mail": "service@hering-sanikonzept.de", "website": "https:\/\/www.wc-fresh.com", "telefon": "+49 2736 27-216", "zustaendiges_referat": "BAU-G", "erzeugt_bearbeitet": "12.09.2023 \/ 27.09.2023", "din_18040_1": 1, "toilette_fuer_alle": 0, "eignung_blindenhunde": 0, "eingangstuer_typ": null, "eingangstuer_glasmarkierung": 0, "eingangstuer_klingel_taster": 0, "eingangstuer_leichte_fuehrung": 0, "eingangstuer_radar_schluessel": 0, "eingangstuer_euro_schluessel": 0, "eingangstuer_wendekreis": null, "eingangstuer_breite": null, "rampe": null, "rampe_steigung": null, "treppe_vorhanden": 0, "treppe_antirutsch": 0, "treppe_blindenschrift": 0, "treppe_gelaender": 0, "treppe_kontrast_visuell": 0, "treppe_kontrast_taktil": 0, "treppe_stufenanzahl": null, "treppe_stufenhoehe": null, "rollstuhllift": 0, "eingangsbereich_beschreibung": null, "gebaeudeinneres_gangbreite": null, "gebaeudeinneres_induktionsschleifen": 0, "gebaeudeinneres_fuehrungsrillen": 0, "gebaeudeinneres_ruhig": 0, "gebaeudeinneres_beleuchtet": 0, "aufzug_vorhanden": 0, "aufzug_tuerbreite": null, "aufzug_tiefe": null, "aufzug_breite": null, "wctuer_typ": null, "wctuer_glasmarkierung": 0, "wctuer_klingel_taster": 0, "wctuer_leichte_fuehrung": 0, "wctuer_radar_schluessel": 0, "wctuer_euro_schluessel": 0, "wctuer_wendekreis": null, "wctuer_breite": null, "wctuer_bemerkung": null, "wc_badewanne": 0, "wc_dusche": 0, "wc_spiegel": 0, "wc_gelaender": 0, "wc_deckenlifter": 0, "wc_standlifter": 0, "wc_liege": 0, "wc_spiegelhoehe": "mind. 100", "wc_handtuchspenderhoehe": null, "wc_seifenspender_hoehe": null, "wc_waschbecken_oberkante": null, "wc_waschbecken_hoehe_unterfahrbar": null, "wc_waschbecken_tiefe_unterfahrbar": null, "wc_buegel_rechts": 0, "wc_buegel_links": 0, "wc_buegel_distanz": null, "wc_buegelhoehe": null, "wc_sitzhoehe": null, "wc_platz_davor": null, "wc_platz_rechts": "mind. 90", "wc_platz_links": "mind. 90", "wc_spuelknopf_hinten": 0, "wc_spuelknopf_rechts": 0, "wc_spuelknopf_links": null, "wc_spuelknopf_hoehe": null, "wc_position_notruf": "in der Nähe des WC-Beckens angebracht", "wc_hoehe_notruf": null, "wc_bermerkung": null, "foto": null }, "geometry": { "type": "Point", "coordinates": [ 11.562286607534107, 48.219354417232459 ] } },
{ "type": "Feature", "id": "wc_finder_opendata.120", "geometry_name": "shape", "properties": { "name": "Öffentliche Toilette \"Partnachplatz\"", "stadt": "München", "plz": 81373, "strasse": null, "hausnr": null, "etage": null, "raumnummer": null, "oeffnungszeiten": "ganzjährig täglich 06:00 -02:00 Uhr", "kategorie": "divers\/unisex und barrierefrei", "preis": 0.0, "wickeln": 1, "standort_beschreibung": null, "zustand": "voll funktionsfähig", "einschraenkungen": null, "mail": "service@hering-sanikonzept.de", "website": "https:\/\/www.wc-fresh.com", "telefon": "+49 2736 27-216", "zustaendiges_referat": "BAU-G", "erzeugt_bearbeitet": "12.09.2023 \/ 27.09.2023", "din_18040_1": 1, "toilette_fuer_alle": 0, "eignung_blindenhunde": 0, "eingangstuer_typ": null, "eingangstuer_glasmarkierung": 0, "eingangstuer_klingel_taster": 0, "eingangstuer_leichte_fuehrung": 0, "eingangstuer_radar_schluessel": 0, "eingangstuer_euro_schluessel": 0, "eingangstuer_wendekreis": null, "eingangstuer_breite": null, "rampe": null, "rampe_steigung": null, "treppe_vorhanden": 0, "treppe_antirutsch": 0, "treppe_blindenschrift": 0, "treppe_gelaender": 0, "treppe_kontrast_visuell": 0, "treppe_kontrast_taktil": 0, "treppe_stufenanzahl": null, "treppe_stufenhoehe": null, "rollstuhllift": 0, "eingangsbereich_beschreibung": null, "gebaeudeinneres_gangbreite": null, "gebaeudeinneres_induktionsschleifen": 0, "gebaeudeinneres_fuehrungsrillen": 0, "gebaeudeinneres_ruhig": 0, "gebaeudeinneres_beleuchtet": 0, "aufzug_vorhanden": 0, "aufzug_tuerbreite": null, "aufzug_tiefe": null, "aufzug_breite": null, "wctuer_typ": null, "wctuer_glasmarkierung": 0, "wctuer_klingel_taster": 0, "wctuer_leichte_fuehrung": 0, "wctuer_radar_schluessel": 0, "wctuer_euro_schluessel": 0, "wctuer_wendekreis": null, "wctuer_breite": null, "wctuer_bemerkung": null, "wc_badewanne": 0, "wc_dusche": 0, "wc_spiegel": 0, "wc_gelaender": 0, "wc_deckenlifter": 0, "wc_standlifter": 0, "wc_liege": 0, "wc_spiegelhoehe": "mind. 100", "wc_handtuchspenderhoehe": null, "wc_seifenspender_hoehe": null, "wc_waschbecken_oberkante": null, "wc_waschbecken_hoehe_unterfahrbar": null, "wc_waschbecken_tiefe_unterfahrbar": null, "wc_buegel_rechts": 0, "wc_buegel_links": 0, "wc_buegel_distanz": null, "wc_buegelhoehe": null, "wc_sitzhoehe": null, "wc_platz_davor": null, "wc_platz_rechts": "mind. 90", "wc_platz_links": "mind. 90", "wc_spuelknopf_hinten": 0, "wc_spuelknopf_rechts": 0, "wc_spuelknopf_links": null, "wc_spuelknopf_hoehe": null, "wc_position_notruf": "in der Nähe des WC-Beckens angebracht", "wc_hoehe_notruf": null, "wc_bermerkung": null, "foto": null }, "geometry": { "type": "Point", "coordinates": [ 11.526273944362476, 48.116823883109411 ] } },
{ "type": "Feature", "id": "wc_finder_opendata.121", "geometry_name": "shape", "properties": { "name": "Öffentliche Toilettenanlage \"Maßmannpark\"", "stadt": "München", "plz": 80797, "strasse": null, "hausnr": null, "etage": null, "raumnummer": null, "oeffnungszeiten": "ganzjährig täglich 06:00 -02:00 Uhr", "kategorie": "divers\/unisex und barrierefrei", "preis": 0.0, "wickeln": 1, "standort_beschreibung": null, "zustand": "voll funktionsfähig", "einschraenkungen": null, "mail": "service@hering-sanikonzept.de", "website": "https:\/\/www.wc-fresh.com", "telefon": "+49 2736 27-216", "zustaendiges_referat": "BAU-G", "erzeugt_bearbeitet": "12.09.2023 \/ 27.09.2023", "din_18040_1": 1, "toilette_fuer_alle": 0, "eignung_blindenhunde": 0, "eingangstuer_typ": null, "eingangstuer_glasmarkierung": 0, "eingangstuer_klingel_taster": 0, "eingangstuer_leichte_fuehrung": 0, "eingangstuer_radar_schluessel": 0, "eingangstuer_euro_schluessel": 0, "eingangstuer_wendekreis": null, "eingangstuer_breite": null, "rampe": null, "rampe_steigung": null, "treppe_vorhanden": 0, "treppe_antirutsch": 0, "treppe_blindenschrift": 0, "treppe_gelaender": 0, "treppe_kontrast_visuell": 0, "treppe_kontrast_taktil": 0, "treppe_stufenanzahl": null, "treppe_stufenhoehe": null, "rollstuhllift": 0, "eingangsbereich_beschreibung": null, "gebaeudeinneres_gangbreite": null, "gebaeudeinneres_induktionsschleifen": 0, "gebaeudeinneres_fuehrungsrillen": 0, "gebaeudeinneres_ruhig": 0, "gebaeudeinneres_beleuchtet": 0, "aufzug_vorhanden": 0, "aufzug_tuerbreite": null, "aufzug_tiefe": null, "aufzug_breite": null, "wctuer_typ": null, "wctuer_glasmarkierung": 0, "wctuer_klingel_taster": 0, "wctuer_leichte_fuehrung": 0, "wctuer_radar_schluessel": 0, "wctuer_euro_schluessel": 0, "wctuer_wendekreis": null, "wctuer_breite": null, "wctuer_bemerkung": null, "wc_badewanne": 0, "wc_dusche": 0, "wc_spiegel": 0, "wc_gelaender": 0, "wc_deckenlifter": 0, "wc_standlifter": 0, "wc_liege": 0, "wc_spiegelhoehe": "mind. 100", "wc_handtuchspenderhoehe": null, "wc_seifenspender_hoehe": null, "wc_waschbecken_oberkante": null, "wc_waschbecken_hoehe_unterfahrbar": null, "wc_waschbecken_tiefe_unterfahrbar": null, "wc_buegel_rechts": 0, "wc_buegel_links": 0, "wc_buegel_distanz": null, "wc_buegelhoehe": null, "wc_sitzhoehe": null, "wc_platz_davor": null, "wc_platz_rechts": "mind. 90", "wc_platz_links": "mind. 90", "wc_spuelknopf_hinten": 0, "wc_spuelknopf_rechts": 0, "wc_spuelknopf_links": null, "wc_spuelknopf_hoehe": null, "wc_position_notruf": "in der Nähe des WC-Beckens angebracht", "wc_hoehe_notruf": null, "wc_bermerkung": null, "foto": null }, "geometry": { "type": "Point", "coordinates": [ 11.559318472867217, 48.152867099855612 ] } },
{ "type": "Feature", "id": "wc_finder_opendata.122", "geometry_name": "shape", "properties": { "name": "Öffentliche Toilette \"Taxispark\"", "stadt": "München", "plz": 80637, "strasse": null, "hausnr": null, "etage": null, "raumnummer": null, "oeffnungszeiten": "ganzjährig täglich 06:00 -02:00 Uhr", "kategorie": "divers\/unisex und barrierefrei", "preis": 0.0, "wickeln": 1, "standort_beschreibung": null, "zustand": "voll funktionsfähig", "einschraenkungen": null, "mail": "service@hering-sanikonzept.de", "website": "https:\/\/www.wc-fresh.com", "telefon": "+49 2736 27-216", "zustaendiges_referat": "BAU-G", "erzeugt_bearbeitet": "12.09.2023 \/ 27.09.2023", "din_18040_1": 1, "toilette_fuer_alle": 0, "eignung_blindenhunde": 0, "eingangstuer_typ": null, "eingangstuer_glasmarkierung": 0, "eingangstuer_klingel_taster": 0, "eingangstuer_leichte_fuehrung": 0, "eingangstuer_radar_schluessel": 0, "eingangstuer_euro_schluessel": 0, "eingangstuer_wendekreis": null, "eingangstuer_breite": null, "rampe": null, "rampe_steigung": null, "treppe_vorhanden": 0, "treppe_antirutsch": 0, "treppe_blindenschrift": 0, "treppe_gelaender": 0, "treppe_kontrast_visuell": 0, "treppe_kontrast_taktil": 0, "treppe_stufenanzahl": null, "treppe_stufenhoehe": null, "rollstuhllift": 0, "eingangsbereich_beschreibung": null, "gebaeudeinneres_gangbreite": null, "gebaeudeinneres_induktionsschleifen": 0, "gebaeudeinneres_fuehrungsrillen": 0, "gebaeudeinneres_ruhig": 0, "gebaeudeinneres_beleuchtet": 0, "aufzug_vorhanden": 0, "aufzug_tuerbreite": null, "aufzug_tiefe": null, "aufzug_breite": null, "wctuer_typ": null, "wctuer_glasmarkierung": 0, "wctuer_klingel_taster": 0, "wctuer_leichte_fuehrung": 0, "wctuer_radar_schluessel": 0, "wctuer_euro_schluessel": 0, "wctuer_wendekreis": null, "wctuer_breite": null, "wctuer_bemerkung": null, "wc_badewanne": 0, "wc_dusche": 0, "wc_spiegel": 0, "wc_gelaender": 0, "wc_deckenlifter": 0, "wc_standlifter": 0, "wc_liege": 0, "wc_spiegelhoehe": "mind. 100", "wc_handtuchspenderhoehe": null, "wc_seifenspender_hoehe": null, "wc_waschbecken_oberkante": null, "wc_waschbecken_hoehe_unterfahrbar": null, "wc_waschbecken_tiefe_unterfahrbar": null, "wc_buegel_rechts": 0, "wc_buegel_links": 0, "wc_buegel_distanz": null, "wc_buegelhoehe": null, "wc_sitzhoehe": null, "wc_platz_davor": null, "wc_platz_rechts": "mind. 90", "wc_platz_links": "mind. 90", "wc_spuelknopf_hinten": 0, "wc_spuelknopf_rechts": 0, "wc_spuelknopf_links": null, "wc_spuelknopf_hoehe": null, "wc_position_notruf": "in der Nähe des WC-Beckens angebracht", "wc_hoehe_notruf": null, "wc_bermerkung": null, "foto": null }, "geometry": { "type": "Point", "coordinates": [ 11.534305482766651, 48.163663834498919 ] } },
{ "type": "Feature", "id": "wc_finder_opendata.123", "geometry_name": "shape", "properties": { "name": "Öffentliches Behinderten WC \"Friedhof Pasing\"", "stadt": "München", "plz": 81241, "strasse": "Lampertstraße", "hausnr": "1", "etage": "EG", "raumnummer": "2.2.2.008", "oeffnungszeiten": "Saisonal abhängig von Öffnungszeiten der städt. Friedhöfe", "kategorie": "barrierefrei", "preis": null, "wickeln": 0, "standort_beschreibung": null, "zustand": "voll funktionsfähig", "einschraenkungen": null, "mail": "im-bfv.kom@muenchen.de", "website": null, "telefon": null, "zustaendiges_referat": "Kommunalreferat", "erzeugt_bearbeitet": "06.09.2023 \/ 06.09.2023", "din_18040_1": null, "toilette_fuer_alle": 1, "eignung_blindenhunde": 1, "eingangstuer_typ": "Öffnet nach innen\/Türanschlag links", "eingangstuer_glasmarkierung": 0, "eingangstuer_klingel_taster": 1, "eingangstuer_leichte_fuehrung": 1, "eingangstuer_radar_schluessel": 0, "eingangstuer_euro_schluessel": 0, "eingangstuer_wendekreis": "140", "eingangstuer_breite": 80, "rampe": "fest", "rampe_steigung": "8,00%", "treppe_vorhanden": 0, "treppe_antirutsch": 0, "treppe_blindenschrift": 0, "treppe_gelaender": 0, "treppe_kontrast_visuell": 0, "treppe_kontrast_taktil": 0, "treppe_stufenanzahl": 2, "treppe_stufenhoehe": 0, "rollstuhllift": 0, "eingangsbereich_beschreibung": null, "gebaeudeinneres_gangbreite": null, "gebaeudeinneres_induktionsschleifen": 0, "gebaeudeinneres_fuehrungsrillen": 0, "gebaeudeinneres_ruhig": 1, "gebaeudeinneres_beleuchtet": 1, "aufzug_vorhanden": 0, "aufzug_tuerbreite": null, "aufzug_tiefe": null, "aufzug_breite": null, "wctuer_typ": "Öffnet nach innen\/Türanschlag rechts", "wctuer_glasmarkierung": 0, "wctuer_klingel_taster": 0, "wctuer_leichte_fuehrung": 1, "wctuer_radar_schluessel": 0, "wctuer_euro_schluessel": 0, "wctuer_wendekreis": "110", "wctuer_breite": 86.0, "wctuer_bemerkung": null, "wc_badewanne": 0, "wc_dusche": 0, "wc_spiegel": 1, "wc_gelaender": 1, "wc_deckenlifter": 0, "wc_standlifter": 0, "wc_liege": 0, "wc_spiegelhoehe": "135", "wc_handtuchspenderhoehe": 130.0, "wc_seifenspender_hoehe": 115, "wc_waschbecken_oberkante": 87.0, "wc_waschbecken_hoehe_unterfahrbar": "75", "wc_waschbecken_tiefe_unterfahrbar": 71, "wc_buegel_rechts": 0, "wc_buegel_links": 1, "wc_buegel_distanz": null, "wc_buegelhoehe": 85, "wc_sitzhoehe": 47, "wc_platz_davor": 200, "wc_platz_rechts": "200", "wc_platz_links": "10", "wc_spuelknopf_hinten": 1, "wc_spuelknopf_rechts": 0, "wc_spuelknopf_links": 0, "wc_spuelknopf_hoehe": 105, "wc_position_notruf": "rechts", "wc_hoehe_notruf": "120\/260", "wc_bermerkung": null, "foto": null }, "geometry": { "type": "Point", "coordinates": [ 11.458141699230342, 48.137021616666324 ] } },
{ "type": "Feature", "id": "wc_finder_opendata.124", "geometry_name": "shape", "properties": { "name": "Öffentliche Toilette \"Friedhof Allach\"", "stadt": "München", "plz": 80999, "strasse": "Eversbuschstraße", "hausnr": "197", "etage": "EG", "raumnummer": null, "oeffnungszeiten": "Saisonal abhängig von Öffnungszeiten der städt. Friedhöfe", "kategorie": "männlich", "preis": null, "wickeln": 0, "standort_beschreibung": null, "zustand": "voll funktionsfähig", "einschraenkungen": null, "mail": "im-bfv.kom@muenchen.de", "website": null, "telefon": "891465590", "zustaendiges_referat": "Kommunalreferat", "erzeugt_bearbeitet": "06.09.2023 \/ 06.09.2023", "din_18040_1": null, "toilette_fuer_alle": null, "eignung_blindenhunde": null, "eingangstuer_typ": null, "eingangstuer_glasmarkierung": null, "eingangstuer_klingel_taster": null, "eingangstuer_leichte_fuehrung": null, "eingangstuer_radar_schluessel": null, "eingangstuer_euro_schluessel": null, "eingangstuer_wendekreis": null, "eingangstuer_breite": null, "rampe": null, "rampe_steigung": null, "treppe_vorhanden": null, "treppe_antirutsch": null, "treppe_blindenschrift": null, "treppe_gelaender": null, "treppe_kontrast_visuell": null, "treppe_kontrast_taktil": null, "treppe_stufenanzahl": null, "treppe_stufenhoehe": null, "rollstuhllift": null, "eingangsbereich_beschreibung": null, "gebaeudeinneres_gangbreite": null, "gebaeudeinneres_induktionsschleifen": null, "gebaeudeinneres_fuehrungsrillen": null, "gebaeudeinneres_ruhig": null, "gebaeudeinneres_beleuchtet": null, "aufzug_vorhanden": null, "aufzug_tuerbreite": null, "aufzug_tiefe": null, "aufzug_breite": null, "wctuer_typ": null, "wctuer_glasmarkierung": null, "wctuer_klingel_taster": null, "wctuer_leichte_fuehrung": null, "wctuer_radar_schluessel": null, "wctuer_euro_schluessel": null, "wctuer_wendekreis": null, "wctuer_breite": null, "wctuer_bemerkung": null, "wc_badewanne": null, "wc_dusche": null, "wc_spiegel": null, "wc_gelaender": null, "wc_deckenlifter": null, "wc_standlifter": null, "wc_liege": null, "wc_spiegelhoehe": null, "wc_handtuchspenderhoehe": null, "wc_seifenspender_hoehe": null, "wc_waschbecken_oberkante": null, "wc_waschbecken_hoehe_unterfahrbar": null, "wc_waschbecken_tiefe_unterfahrbar": null, "wc_buegel_rechts": null, "wc_buegel_links": null, "wc_buegel_distanz": null, "wc_buegelhoehe": null, "wc_sitzhoehe": null, "wc_platz_davor": null, "wc_platz_rechts": null, "wc_platz_links": null, "wc_spuelknopf_hinten": null, "wc_spuelknopf_rechts": null, "wc_spuelknopf_links": null, "wc_spuelknopf_hoehe": null, "wc_position_notruf": null, "wc_hoehe_notruf": null, "wc_bermerkung": null, "foto": null }, "geometry": { "type": "Point", "coordinates": [ 11.457077065726754, 48.200436883172962 ] } },
{ "type": "Feature", "id": "wc_finder_opendata.125", "geometry_name": "shape", "properties": { "name": "Öffentliche Toilette \"Friedhof Untermenzing\"", "stadt": "München", "plz": 81247, "strasse": "Eversbuschstraße", "hausnr": "9a", "etage": "EG", "raumnummer": "0.1.1.005", "oeffnungszeiten": "Saisonal abhängig von Öffnungszeiten der städt. Friedhöfe", "kategorie": "männlich", "preis": null, "wickeln": 0, "standort_beschreibung": null, "zustand": "voll funktionsfähig", "einschraenkungen": null, "mail": "im-bfv.kom@muenchen.de", "website": null, "telefon": "891465590", "zustaendiges_referat": "Kommunalreferat", "erzeugt_bearbeitet": "06.09.2023 \/ 06.09.2023", "din_18040_1": null, "toilette_fuer_alle": null, "eignung_blindenhunde": null, "eingangstuer_typ": null, "eingangstuer_glasmarkierung": null, "eingangstuer_klingel_taster": null, "eingangstuer_leichte_fuehrung": null, "eingangstuer_radar_schluessel": null, "eingangstuer_euro_schluessel": null, "eingangstuer_wendekreis": null, "eingangstuer_breite": null, "rampe": null, "rampe_steigung": null, "treppe_vorhanden": null, "treppe_antirutsch": null, "treppe_blindenschrift": null, "treppe_gelaender": null, "treppe_kontrast_visuell": null, "treppe_kontrast_taktil": null, "treppe_stufenanzahl": null, "treppe_stufenhoehe": null, "rollstuhllift": null, "eingangsbereich_beschreibung": null, "gebaeudeinneres_gangbreite": null, "gebaeudeinneres_induktionsschleifen": null, "gebaeudeinneres_fuehrungsrillen": null, "gebaeudeinneres_ruhig": null, "gebaeudeinneres_beleuchtet": null, "aufzug_vorhanden": null, "aufzug_tuerbreite": null, "aufzug_tiefe": null, "aufzug_breite": null, "wctuer_typ": null, "wctuer_glasmarkierung": null, "wctuer_klingel_taster": null, "wctuer_leichte_fuehrung": null, "wctuer_radar_schluessel": null, "wctuer_euro_schluessel": null, "wctuer_wendekreis": null, "wctuer_breite": null, "wctuer_bemerkung": null, "wc_badewanne": null, "wc_dusche": null, "wc_spiegel": null, "wc_gelaender": null, "wc_deckenlifter": null, "wc_standlifter": null, "wc_liege": null, "wc_spiegelhoehe": null, "wc_handtuchspenderhoehe": null, "wc_seifenspender_hoehe": null, "wc_waschbecken_oberkante": null, "wc_waschbecken_hoehe_unterfahrbar": null, "wc_waschbecken_tiefe_unterfahrbar": null, "wc_buegel_rechts": null, "wc_buegel_links": null, "wc_buegel_distanz": null, "wc_buegelhoehe": null, "wc_sitzhoehe": null, "wc_platz_davor": null, "wc_platz_rechts": null, "wc_platz_links": null, "wc_spuelknopf_hinten": null, "wc_spuelknopf_rechts": null, "wc_spuelknopf_links": null, "wc_spuelknopf_hoehe": null, "wc_position_notruf": null, "wc_hoehe_notruf": null, "wc_bermerkung": null, "foto": null }, "geometry": { "type": "Point", "coordinates": [ 11.460445573465838, 48.177729740056215 ] } },
{ "type": "Feature", "id": "wc_finder_opendata.126", "geometry_name": "shape", "properties": { "name": "Öffentliche Toilette \"Friedhof Pasing\"", "stadt": "München", "plz": 81241, "strasse": "Lampertstraße", "hausnr": "1", "etage": "EG", "raumnummer": "2.2.2.007", "oeffnungszeiten": "Saisonal abhängig von Öffnungszeiten der städt. Friedhöfe", "kategorie": "weiblich", "preis": null, "wickeln": 0, "standort_beschreibung": null, "zustand": "voll funktionsfähig", "einschraenkungen": null, "mail": "im-bfv.kom@muenchen.de", "website": null, "telefon": null, "zustaendiges_referat": "Kommunalreferat", "erzeugt_bearbeitet": "06.09.2023 \/ 06.09.2023", "din_18040_1": null, "toilette_fuer_alle": null, "eignung_blindenhunde": null, "eingangstuer_typ": null, "eingangstuer_glasmarkierung": null, "eingangstuer_klingel_taster": null, "eingangstuer_leichte_fuehrung": null, "eingangstuer_radar_schluessel": null, "eingangstuer_euro_schluessel": null, "eingangstuer_wendekreis": null, "eingangstuer_breite": null, "rampe": null, "rampe_steigung": null, "treppe_vorhanden": null, "treppe_antirutsch": null, "treppe_blindenschrift": null, "treppe_gelaender": null, "treppe_kontrast_visuell": null, "treppe_kontrast_taktil": null, "treppe_stufenanzahl": null, "treppe_stufenhoehe": null, "rollstuhllift": null, "eingangsbereich_beschreibung": null, "gebaeudeinneres_gangbreite": null, "gebaeudeinneres_induktionsschleifen": null, "gebaeudeinneres_fuehrungsrillen": null, "gebaeudeinneres_ruhig": null, "gebaeudeinneres_beleuchtet": null, "aufzug_vorhanden": null, "aufzug_tuerbreite": null, "aufzug_tiefe": null, "aufzug_breite": null, "wctuer_typ": null, "wctuer_glasmarkierung": null, "wctuer_klingel_taster": null, "wctuer_leichte_fuehrung": null, "wctuer_radar_schluessel": null, "wctuer_euro_schluessel": null, "wctuer_wendekreis": null, "wctuer_breite": null, "wctuer_bemerkung": null, "wc_badewanne": null, "wc_dusche": null, "wc_spiegel": null, "wc_gelaender": null, "wc_deckenlifter": null, "wc_standlifter": null, "wc_liege": null, "wc_spiegelhoehe": null, "wc_handtuchspenderhoehe": null, "wc_seifenspender_hoehe": null, "wc_waschbecken_oberkante": null, "wc_waschbecken_hoehe_unterfahrbar": null, "wc_waschbecken_tiefe_unterfahrbar": null, "wc_buegel_rechts": null, "wc_buegel_links": null, "wc_buegel_distanz": null, "wc_buegelhoehe": null, "wc_sitzhoehe": null, "wc_platz_davor": null, "wc_platz_rechts": null, "wc_platz_links": null, "wc_spuelknopf_hinten": null, "wc_spuelknopf_rechts": null, "wc_spuelknopf_links": null, "wc_spuelknopf_hoehe": null, "wc_position_notruf": null, "wc_hoehe_notruf": null, "wc_bermerkung": null, "foto": null }, "geometry": { "type": "Point", "coordinates": [ 11.458186616888201, 48.137150213942711 ] } },
{ "type": "Feature", "id": "wc_finder_opendata.127", "geometry_name": "shape", "properties": { "name": "Öffentliche Toilette \"Friedhof Obermenzing\"", "stadt": "München", "plz": 81245, "strasse": "Bergsonstraße", "hausnr": "34", "etage": "EG", "raumnummer": "1.1.1.005", "oeffnungszeiten": "Saisonal abhängig von Öffnungszeiten der städt. Friedhöfe", "kategorie": "männlich", "preis": null, "wickeln": 0, "standort_beschreibung": null, "zustand": "voll funktionsfähig", "einschraenkungen": null, "mail": "im-bfv.kom@muenchen.de", "website": null, "telefon": null, "zustaendiges_referat": "Kommunalreferat", "erzeugt_bearbeitet": "06.09.2023 \/ 06.09.2023", "din_18040_1": null, "toilette_fuer_alle": null, "eignung_blindenhunde": null, "eingangstuer_typ": null, "eingangstuer_glasmarkierung": null, "eingangstuer_klingel_taster": null, "eingangstuer_leichte_fuehrung": null, "eingangstuer_radar_schluessel": null, "eingangstuer_euro_schluessel": null, "eingangstuer_wendekreis": null, "eingangstuer_breite": null, "rampe": null, "rampe_steigung": null, "treppe_vorhanden": null, "treppe_antirutsch": null, "treppe_blindenschrift": null, "treppe_gelaender": null, "treppe_kontrast_visuell": null, "treppe_kontrast_taktil": null, "treppe_stufenanzahl": null, "treppe_stufenhoehe": null, "rollstuhllift": null, "eingangsbereich_beschreibung": null, "gebaeudeinneres_gangbreite": null, "gebaeudeinneres_induktionsschleifen": null, "gebaeudeinneres_fuehrungsrillen": null, "gebaeudeinneres_ruhig": null, "gebaeudeinneres_beleuchtet": null, "aufzug_vorhanden": null, "aufzug_tuerbreite": null, "aufzug_tiefe": null, "aufzug_breite": null, "wctuer_typ": null, "wctuer_glasmarkierung": null, "wctuer_klingel_taster": null, "wctuer_leichte_fuehrung": null, "wctuer_radar_schluessel": null, "wctuer_euro_schluessel": null, "wctuer_wendekreis": null, "wctuer_breite": null, "wctuer_bemerkung": null, "wc_badewanne": null, "wc_dusche": null, "wc_spiegel": null, "wc_gelaender": null, "wc_deckenlifter": null, "wc_standlifter": null, "wc_liege": null, "wc_spiegelhoehe": null, "wc_handtuchspenderhoehe": null, "wc_seifenspender_hoehe": null, "wc_waschbecken_oberkante": null, "wc_waschbecken_hoehe_unterfahrbar": null, "wc_waschbecken_tiefe_unterfahrbar": null, "wc_buegel_rechts": null, "wc_buegel_links": null, "wc_buegel_distanz": null, "wc_buegelhoehe": null, "wc_sitzhoehe": null, "wc_platz_davor": null, "wc_platz_rechts": null, "wc_platz_links": null, "wc_spuelknopf_hinten": null, "wc_spuelknopf_rechts": null, "wc_spuelknopf_links": null, "wc_spuelknopf_hoehe": null, "wc_position_notruf": null, "wc_hoehe_notruf": null, "wc_bermerkung": null, "foto": null }, "geometry": { "type": "Point", "coordinates": [ 11.448488570655238, 48.164889697361829 ] } },
{ "type": "Feature", "id": "wc_finder_opendata.128", "geometry_name": "shape", "properties": { "name": "Besuchertoilette Westfriedhof", "stadt": "München", "plz": 80637, "strasse": "Baldurstraße", "hausnr": "28", "etage": "EG", "raumnummer": null, "oeffnungszeiten": "Täglich währen der Öffnungszeiten des Friedhofes", "kategorie": "barrierefrei", "preis": null, "wickeln": 0, "standort_beschreibung": "Im Betriebshof Hintergebäude der Damen und Herren WC", "zustand": "voll funktionsfähig", "einschraenkungen": null, "mail": "im-bfv.kom@muenchen.de", "website": null, "telefon": "089\/23326198", "zustaendiges_referat": "Kommunalreferat", "erzeugt_bearbeitet": "06.09.2023 \/ 06.09.2023", "din_18040_1": null, "toilette_fuer_alle": 1, "eignung_blindenhunde": 1, "eingangstuer_typ": "Öffnet nach außen\/Türanschlag rechts", "eingangstuer_glasmarkierung": 0, "eingangstuer_klingel_taster": 1, "eingangstuer_leichte_fuehrung": 1, "eingangstuer_radar_schluessel": 0, "eingangstuer_euro_schluessel": 0, "eingangstuer_wendekreis": "80", "eingangstuer_breite": 80, "rampe": "fest", "rampe_steigung": "3,00%", "treppe_vorhanden": 0, "treppe_antirutsch": 0, "treppe_blindenschrift": 0, "treppe_gelaender": 0, "treppe_kontrast_visuell": 0, "treppe_kontrast_taktil": 0, "treppe_stufenanzahl": 0, "treppe_stufenhoehe": 0, "rollstuhllift": 0, "eingangsbereich_beschreibung": null, "gebaeudeinneres_gangbreite": "105", "gebaeudeinneres_induktionsschleifen": 0, "gebaeudeinneres_fuehrungsrillen": 0, "gebaeudeinneres_ruhig": 1, "gebaeudeinneres_beleuchtet": 1, "aufzug_vorhanden": 0, "aufzug_tuerbreite": 0, "aufzug_tiefe": 0, "aufzug_breite": 0, "wctuer_typ": "Öffnet nach außen\/Türanschlag rechts", "wctuer_glasmarkierung": 0, "wctuer_klingel_taster": 1, "wctuer_leichte_fuehrung": 1, "wctuer_radar_schluessel": 0, "wctuer_euro_schluessel": 0, "wctuer_wendekreis": "80", "wctuer_breite": 80.0, "wctuer_bemerkung": null, "wc_badewanne": 0, "wc_dusche": 0, "wc_spiegel": 1, "wc_gelaender": 1, "wc_deckenlifter": 0, "wc_standlifter": 0, "wc_liege": 0, "wc_spiegelhoehe": "105", "wc_handtuchspenderhoehe": 90.0, "wc_seifenspender_hoehe": 90, "wc_waschbecken_oberkante": 85.0, "wc_waschbecken_hoehe_unterfahrbar": "75", "wc_waschbecken_tiefe_unterfahrbar": 48, "wc_buegel_rechts": 1, "wc_buegel_links": 1, "wc_buegel_distanz": 85.0, "wc_buegelhoehe": 72, "wc_sitzhoehe": 46, "wc_platz_davor": 118, "wc_platz_rechts": "26", "wc_platz_links": "26", "wc_spuelknopf_hinten": 1, "wc_spuelknopf_rechts": 0, "wc_spuelknopf_links": 0, "wc_spuelknopf_hoehe": 100, "wc_position_notruf": "links", "wc_hoehe_notruf": "175", "wc_bermerkung": null, "foto": null }, "geometry": { "type": "Point", "coordinates": [ 11.525673964772094, 48.169335110240851 ] } },
{ "type": "Feature", "id": "wc_finder_opendata.129", "geometry_name": "shape", "properties": { "name": "Öffentliche Toilette \"Friedhof Untermenzing\"", "stadt": "München", "plz": 81247, "strasse": "Eversbuschstraße", "hausnr": "9a", "etage": "EG", "raumnummer": "0.1.1.007", "oeffnungszeiten": "Saisonal abhängig von Öffnungszeiten der städt. Friedhöfe", "kategorie": "weiblich", "preis": null, "wickeln": 0, "standort_beschreibung": null, "zustand": "voll funktionsfähig", "einschraenkungen": null, "mail": "im-bfv.kom@muenchen.de", "website": null, "telefon": null, "zustaendiges_referat": "Kommunalreferat", "erzeugt_bearbeitet": "06.09.2023 \/ 06.09.2023", "din_18040_1": null, "toilette_fuer_alle": null, "eignung_blindenhunde": null, "eingangstuer_typ": null, "eingangstuer_glasmarkierung": null, "eingangstuer_klingel_taster": null, "eingangstuer_leichte_fuehrung": null, "eingangstuer_radar_schluessel": null, "eingangstuer_euro_schluessel": null, "eingangstuer_wendekreis": null, "eingangstuer_breite": null, "rampe": null, "rampe_steigung": null, "treppe_vorhanden": null, "treppe_antirutsch": null, "treppe_blindenschrift": null, "treppe_gelaender": null, "treppe_kontrast_visuell": null, "treppe_kontrast_taktil": null, "treppe_stufenanzahl": null, "treppe_stufenhoehe": null, "rollstuhllift": null, "eingangsbereich_beschreibung": null, "gebaeudeinneres_gangbreite": null, "gebaeudeinneres_induktionsschleifen": null, "gebaeudeinneres_fuehrungsrillen": null, "gebaeudeinneres_ruhig": null, "gebaeudeinneres_beleuchtet": null, "aufzug_vorhanden": null, "aufzug_tuerbreite": null, "aufzug_tiefe": null, "aufzug_breite": null, "wctuer_typ": null, "wctuer_glasmarkierung": null, "wctuer_klingel_taster": null, "wctuer_leichte_fuehrung": null, "wctuer_radar_schluessel": null, "wctuer_euro_schluessel": null, "wctuer_wendekreis": null, "wctuer_breite": null, "wctuer_bemerkung": null, "wc_badewanne": null, "wc_dusche": null, "wc_spiegel": null, "wc_gelaender": null, "wc_deckenlifter": null, "wc_standlifter": null, "wc_liege": null, "wc_spiegelhoehe": null, "wc_handtuchspenderhoehe": null, "wc_seifenspender_hoehe": null, "wc_waschbecken_oberkante": null, "wc_waschbecken_hoehe_unterfahrbar": null, "wc_waschbecken_tiefe_unterfahrbar": null, "wc_buegel_rechts": null, "wc_buegel_links": null, "wc_buegel_distanz": null, "wc_buegelhoehe": null, "wc_sitzhoehe": null, "wc_platz_davor": null, "wc_platz_rechts": null, "wc_platz_links": null, "wc_spuelknopf_hinten": null, "wc_spuelknopf_rechts": null, "wc_spuelknopf_links": null, "wc_spuelknopf_hoehe": null, "wc_position_notruf": null, "wc_hoehe_notruf": null, "wc_bermerkung": null, "foto": null }, "geometry": { "type": "Point", "coordinates": [ 11.460494553438989, 48.177729950753566 ] } },
{ "type": "Feature", "id": "wc_finder_opendata.130", "geometry_name": "shape", "properties": { "name": "Öffentliches Behinderten WC \"Friedhof Aubing\"", "stadt": "München", "plz": 81248, "strasse": "Freihamer Weg", "hausnr": "73", "etage": "EG", "raumnummer": "0.1.2.007", "oeffnungszeiten": "Saisonal abhängig von Öffnungszeiten der städt. Friedhöfe", "kategorie": "barrierefrei", "preis": null, "wickeln": 0, "standort_beschreibung": null, "zustand": "voll funktionsfähig", "einschraenkungen": null, "mail": "im-bfv.kom@muenchen.de", "website": null, "telefon": "891465590", "zustaendiges_referat": "Kommunalreferat", "erzeugt_bearbeitet": "06.09.2023 \/ 06.09.2023", "din_18040_1": null, "toilette_fuer_alle": 1, "eignung_blindenhunde": 1, "eingangstuer_typ": "Öffnet nach innen\/Türanschlag links", "eingangstuer_glasmarkierung": 0, "eingangstuer_klingel_taster": 0, "eingangstuer_leichte_fuehrung": 0, "eingangstuer_radar_schluessel": 0, "eingangstuer_euro_schluessel": 0, "eingangstuer_wendekreis": "200", "eingangstuer_breite": 83, "rampe": null, "rampe_steigung": null, "treppe_vorhanden": 0, "treppe_antirutsch": null, "treppe_blindenschrift": null, "treppe_gelaender": null, "treppe_kontrast_visuell": null, "treppe_kontrast_taktil": null, "treppe_stufenanzahl": null, "treppe_stufenhoehe": null, "rollstuhllift": 0, "eingangsbereich_beschreibung": null, "gebaeudeinneres_gangbreite": null, "gebaeudeinneres_induktionsschleifen": 0, "gebaeudeinneres_fuehrungsrillen": 0, "gebaeudeinneres_ruhig": 1, "gebaeudeinneres_beleuchtet": 1, "aufzug_vorhanden": 0, "aufzug_tuerbreite": null, "aufzug_tiefe": null, "aufzug_breite": null, "wctuer_typ": "Öffnet nach innen\/Türanschlag links", "wctuer_glasmarkierung": 0, "wctuer_klingel_taster": 0, "wctuer_leichte_fuehrung": 0, "wctuer_radar_schluessel": 0, "wctuer_euro_schluessel": 0, "wctuer_wendekreis": "200", "wctuer_breite": 83.0, "wctuer_bemerkung": null, "wc_badewanne": 0, "wc_dusche": 0, "wc_spiegel": 1, "wc_gelaender": 0, "wc_deckenlifter": 0, "wc_standlifter": 0, "wc_liege": 0, "wc_spiegelhoehe": "105", "wc_handtuchspenderhoehe": 105.0, "wc_seifenspender_hoehe": 100, "wc_waschbecken_oberkante": 85.0, "wc_waschbecken_hoehe_unterfahrbar": "75", "wc_waschbecken_tiefe_unterfahrbar": 75, "wc_buegel_rechts": 1, "wc_buegel_links": 1, "wc_buegel_distanz": 87.0, "wc_buegelhoehe": 77, "wc_sitzhoehe": 49, "wc_platz_davor": 200, "wc_platz_rechts": "26", "wc_platz_links": "26", "wc_spuelknopf_hinten": 1, "wc_spuelknopf_rechts": 0, "wc_spuelknopf_links": 0, "wc_spuelknopf_hoehe": 90, "wc_position_notruf": null, "wc_hoehe_notruf": null, "wc_bermerkung": null, "foto": null }, "geometry": { "type": "Point", "coordinates": [ 11.409524210380933, 48.154347505638341 ] } },
{ "type": "Feature", "id": "wc_finder_opendata.131", "geometry_name": "shape", "properties": { "name": "Öffentliche Toilette \"Friedhof Pasing\"", "stadt": "München", "plz": 81241, "strasse": "Lampertstraße", "hausnr": "1", "etage": null, "raumnummer": null, "oeffnungszeiten": "Saisonal abhängig von Öffnungszeiten der städt. Friedhöfe", "kategorie": "männlich", "preis": null, "wickeln": 0, "standort_beschreibung": null, "zustand": "voll funktionsfähig", "einschraenkungen": null, "mail": "im-bfv.kom@muenchen.de", "website": null, "telefon": null, "zustaendiges_referat": "Kommunalreferat", "erzeugt_bearbeitet": "06.09.2023 \/ 06.09.2023", "din_18040_1": null, "toilette_fuer_alle": null, "eignung_blindenhunde": null, "eingangstuer_typ": null, "eingangstuer_glasmarkierung": null, "eingangstuer_klingel_taster": null, "eingangstuer_leichte_fuehrung": null, "eingangstuer_radar_schluessel": null, "eingangstuer_euro_schluessel": null, "eingangstuer_wendekreis": null, "eingangstuer_breite": null, "rampe": null, "rampe_steigung": null, "treppe_vorhanden": null, "treppe_antirutsch": null, "treppe_blindenschrift": null, "treppe_gelaender": null, "treppe_kontrast_visuell": null, "treppe_kontrast_taktil": null, "treppe_stufenanzahl": null, "treppe_stufenhoehe": null, "rollstuhllift": null, "eingangsbereich_beschreibung": null, "gebaeudeinneres_gangbreite": null, "gebaeudeinneres_induktionsschleifen": null, "gebaeudeinneres_fuehrungsrillen": null, "gebaeudeinneres_ruhig": null, "gebaeudeinneres_beleuchtet": null, "aufzug_vorhanden": null, "aufzug_tuerbreite": null, "aufzug_tiefe": null, "aufzug_breite": null, "wctuer_typ": null, "wctuer_glasmarkierung": null, "wctuer_klingel_taster": null, "wctuer_leichte_fuehrung": null, "wctuer_radar_schluessel": null, "wctuer_euro_schluessel": null, "wctuer_wendekreis": null, "wctuer_breite": null, "wctuer_bemerkung": null, "wc_badewanne": null, "wc_dusche": null, "wc_spiegel": null, "wc_gelaender": null, "wc_deckenlifter": null, "wc_standlifter": null, "wc_liege": null, "wc_spiegelhoehe": null, "wc_handtuchspenderhoehe": null, "wc_seifenspender_hoehe": null, "wc_waschbecken_oberkante": null, "wc_waschbecken_hoehe_unterfahrbar": null, "wc_waschbecken_tiefe_unterfahrbar": null, "wc_buegel_rechts": null, "wc_buegel_links": null, "wc_buegel_distanz": null, "wc_buegelhoehe": null, "wc_sitzhoehe": null, "wc_platz_davor": null, "wc_platz_rechts": null, "wc_platz_links": null, "wc_spuelknopf_hinten": null, "wc_spuelknopf_rechts": null, "wc_spuelknopf_links": null, "wc_spuelknopf_hoehe": null, "wc_position_notruf": null, "wc_hoehe_notruf": null, "wc_bermerkung": null, "foto": null }, "geometry": { "type": "Point", "coordinates": [ 11.458188037081928, 48.137179946702673 ] } },
{ "type": "Feature", "id": "wc_finder_opendata.132", "geometry_name": "shape", "properties": { "name": "Öffentliche Toilette \"Friedhof Aubing\"", "stadt": "München", "plz": 81248, "strasse": "Freihamer Weg", "hausnr": "73", "etage": "1.UG", "raumnummer": "0.1.2.074", "oeffnungszeiten": "Saisonal abhängig von Öffnungszeiten der städt. Friedhöfe", "kategorie": "weiblich", "preis": null, "wickeln": 0, "standort_beschreibung": null, "zustand": "voll funktionsfähig", "einschraenkungen": null, "mail": "im-bfv.kom@muenchen.de", "website": null, "telefon": "891465590", "zustaendiges_referat": "Kommunalreferat", "erzeugt_bearbeitet": "06.09.2023 \/ 06.09.2023", "din_18040_1": null, "toilette_fuer_alle": null, "eignung_blindenhunde": null, "eingangstuer_typ": null, "eingangstuer_glasmarkierung": null, "eingangstuer_klingel_taster": null, "eingangstuer_leichte_fuehrung": null, "eingangstuer_radar_schluessel": null, "eingangstuer_euro_schluessel": null, "eingangstuer_wendekreis": null, "eingangstuer_breite": null, "rampe": null, "rampe_steigung": null, "treppe_vorhanden": null, "treppe_antirutsch": null, "treppe_blindenschrift": null, "treppe_gelaender": null, "treppe_kontrast_visuell": null, "treppe_kontrast_taktil": null, "treppe_stufenanzahl": null, "treppe_stufenhoehe": null, "rollstuhllift": null, "eingangsbereich_beschreibung": null, "gebaeudeinneres_gangbreite": null, "gebaeudeinneres_induktionsschleifen": null, "gebaeudeinneres_fuehrungsrillen": null, "gebaeudeinneres_ruhig": null, "gebaeudeinneres_beleuchtet": null, "aufzug_vorhanden": null, "aufzug_tuerbreite": null, "aufzug_tiefe": null, "aufzug_breite": null, "wctuer_typ": null, "wctuer_glasmarkierung": null, "wctuer_klingel_taster": null, "wctuer_leichte_fuehrung": null, "wctuer_radar_schluessel": null, "wctuer_euro_schluessel": null, "wctuer_wendekreis": null, "wctuer_breite": null, "wctuer_bemerkung": null, "wc_badewanne": null, "wc_dusche": null, "wc_spiegel": null, "wc_gelaender": null, "wc_deckenlifter": null, "wc_standlifter": null, "wc_liege": null, "wc_spiegelhoehe": null, "wc_handtuchspenderhoehe": null, "wc_seifenspender_hoehe": null, "wc_waschbecken_oberkante": null, "wc_waschbecken_hoehe_unterfahrbar": null, "wc_waschbecken_tiefe_unterfahrbar": null, "wc_buegel_rechts": null, "wc_buegel_links": null, "wc_buegel_distanz": null, "wc_buegelhoehe": null, "wc_sitzhoehe": null, "wc_platz_davor": null, "wc_platz_rechts": null, "wc_platz_links": null, "wc_spuelknopf_hinten": null, "wc_spuelknopf_rechts": null, "wc_spuelknopf_links": null, "wc_spuelknopf_hoehe": null, "wc_position_notruf": null, "wc_hoehe_notruf": null, "wc_bermerkung": null, "foto": null }, "geometry": { "type": "Point", "coordinates": [ 11.409378854239018, 48.154310334148818 ] } },
{ "type": "Feature", "id": "wc_finder_opendata.133", "geometry_name": "shape", "properties": { "name": "Öffentliche Toilette \"Friedhof Aubing\"", "stadt": "München", "plz": 81248, "strasse": "Freihamer Weg", "hausnr": "73", "etage": "1.UG", "raumnummer": "0.1.2.072", "oeffnungszeiten": "Saisonal abhängig von Öffnungszeiten der städt. Friedhöfe", "kategorie": "männlich", "preis": null, "wickeln": 0, "standort_beschreibung": null, "zustand": "voll funktionsfähig", "einschraenkungen": null, "mail": "im-bfv.kom@muenchen.de", "website": null, "telefon": null, "zustaendiges_referat": "Kommunalreferat", "erzeugt_bearbeitet": "06.09.2023 \/ 06.09.2023", "din_18040_1": null, "toilette_fuer_alle": null, "eignung_blindenhunde": null, "eingangstuer_typ": null, "eingangstuer_glasmarkierung": null, "eingangstuer_klingel_taster": null, "eingangstuer_leichte_fuehrung": null, "eingangstuer_radar_schluessel": null, "eingangstuer_euro_schluessel": null, "eingangstuer_wendekreis": null, "eingangstuer_breite": null, "rampe": null, "rampe_steigung": null, "treppe_vorhanden": null, "treppe_antirutsch": null, "treppe_blindenschrift": null, "treppe_gelaender": null, "treppe_kontrast_visuell": null, "treppe_kontrast_taktil": null, "treppe_stufenanzahl": null, "treppe_stufenhoehe": null, "rollstuhllift": null, "eingangsbereich_beschreibung": null, "gebaeudeinneres_gangbreite": null, "gebaeudeinneres_induktionsschleifen": null, "gebaeudeinneres_fuehrungsrillen": null, "gebaeudeinneres_ruhig": null, "gebaeudeinneres_beleuchtet": null, "aufzug_vorhanden": null, "aufzug_tuerbreite": null, "aufzug_tiefe": null, "aufzug_breite": null, "wctuer_typ": null, "wctuer_glasmarkierung": null, "wctuer_klingel_taster": null, "wctuer_leichte_fuehrung": null, "wctuer_radar_schluessel": null, "wctuer_euro_schluessel": null, "wctuer_wendekreis": null, "wctuer_breite": null, "wctuer_bemerkung": null, "wc_badewanne": null, "wc_dusche": null, "wc_spiegel": null, "wc_gelaender": null, "wc_deckenlifter": null, "wc_standlifter": null, "wc_liege": null, "wc_spiegelhoehe": null, "wc_handtuchspenderhoehe": null, "wc_seifenspender_hoehe": null, "wc_waschbecken_oberkante": null, "wc_waschbecken_hoehe_unterfahrbar": null, "wc_waschbecken_tiefe_unterfahrbar": null, "wc_buegel_rechts": null, "wc_buegel_links": null, "wc_buegel_distanz": null, "wc_buegelhoehe": null, "wc_sitzhoehe": null, "wc_platz_davor": null, "wc_platz_rechts": null, "wc_platz_links": null, "wc_spuelknopf_hinten": null, "wc_spuelknopf_rechts": null, "wc_spuelknopf_links": null, "wc_spuelknopf_hoehe": null, "wc_position_notruf": null, "wc_hoehe_notruf": null, "wc_bermerkung": null, "foto": null }, "geometry": { "type": "Point", "coordinates": [ 11.409354756663351, 48.154306880521347 ] } },
{ "type": "Feature", "id": "wc_finder_opendata.134", "geometry_name": "shape", "properties": { "name": "Waldfriedhof", "stadt": "München", "plz": 81377, "strasse": "Fürstenrieder Str.", "hausnr": "288", "etage": "EG", "raumnummer": null, "oeffnungszeiten": "Öffnungszeiten: Nov.-Feb.: 8-17 Uhr | Mrz.: 8-18 Uhr | Apr.-Aug.: 8-20 Uhr | Sep.-Okt.: 8-19 Uhr", "kategorie": "männlich", "preis": null, "wickeln": 0, "standort_beschreibung": null, "zustand": "voll funktionsfähig", "einschraenkungen": null, "mail": "waldfriedhof-alter-teil@muenchen.de", "website": null, "telefon": null, "zustaendiges_referat": "GSR-SFM", "erzeugt_bearbeitet": "07.07.2023 \/ 17.07.2023", "din_18040_1": null, "toilette_fuer_alle": null, "eignung_blindenhunde": null, "eingangstuer_typ": null, "eingangstuer_glasmarkierung": null, "eingangstuer_klingel_taster": null, "eingangstuer_leichte_fuehrung": null, "eingangstuer_radar_schluessel": null, "eingangstuer_euro_schluessel": null, "eingangstuer_wendekreis": null, "eingangstuer_breite": null, "rampe": null, "rampe_steigung": null, "treppe_vorhanden": null, "treppe_antirutsch": null, "treppe_blindenschrift": null, "treppe_gelaender": null, "treppe_kontrast_visuell": null, "treppe_kontrast_taktil": null, "treppe_stufenanzahl": null, "treppe_stufenhoehe": null, "rollstuhllift": null, "eingangsbereich_beschreibung": null, "gebaeudeinneres_gangbreite": null, "gebaeudeinneres_induktionsschleifen": null, "gebaeudeinneres_fuehrungsrillen": null, "gebaeudeinneres_ruhig": null, "gebaeudeinneres_beleuchtet": null, "aufzug_vorhanden": null, "aufzug_tuerbreite": null, "aufzug_tiefe": null, "aufzug_breite": null, "wctuer_typ": null, "wctuer_glasmarkierung": null, "wctuer_klingel_taster": null, "wctuer_leichte_fuehrung": null, "wctuer_radar_schluessel": null, "wctuer_euro_schluessel": null, "wctuer_wendekreis": null, "wctuer_breite": null, "wctuer_bemerkung": null, "wc_badewanne": null, "wc_dusche": null, "wc_spiegel": null, "wc_gelaender": null, "wc_deckenlifter": null, "wc_standlifter": null, "wc_liege": null, "wc_spiegelhoehe": null, "wc_handtuchspenderhoehe": null, "wc_seifenspender_hoehe": null, "wc_waschbecken_oberkante": null, "wc_waschbecken_hoehe_unterfahrbar": null, "wc_waschbecken_tiefe_unterfahrbar": null, "wc_buegel_rechts": null, "wc_buegel_links": null, "wc_buegel_distanz": null, "wc_buegelhoehe": null, "wc_sitzhoehe": null, "wc_platz_davor": null, "wc_platz_rechts": null, "wc_platz_links": null, "wc_spuelknopf_hinten": null, "wc_spuelknopf_rechts": null, "wc_spuelknopf_links": null, "wc_spuelknopf_hoehe": null, "wc_position_notruf": null, "wc_hoehe_notruf": null, "wc_bermerkung": null, "foto": null }, "geometry": { "type": "Point", "coordinates": [ 11.500432836886795, 48.10895919210229 ] } },
{ "type": "Feature", "id": "wc_finder_opendata.135", "geometry_name": "shape", "properties": { "name": "Waldfriedhof", "stadt": "München", "plz": 81377, "strasse": "Fürstenrieder Str.", "hausnr": "288", "etage": "EG", "raumnummer": null, "oeffnungszeiten": "Öffnungszeiten: Nov.-Feb.: 8-17 Uhr | Mrz.: 8-18 Uhr | Apr.-Aug.: 8-20 Uhr | Sep.-Okt.: 8-19 Uhr", "kategorie": "weiblich", "preis": null, "wickeln": 0, "standort_beschreibung": null, "zustand": "voll funktionsfähig", "einschraenkungen": null, "mail": "waldfriedhof-alter-teil@muenchen.de", "website": null, "telefon": null, "zustaendiges_referat": "GSR-SFM", "erzeugt_bearbeitet": "07.07.2023 \/ 17.07.2023", "din_18040_1": null, "toilette_fuer_alle": null, "eignung_blindenhunde": null, "eingangstuer_typ": null, "eingangstuer_glasmarkierung": null, "eingangstuer_klingel_taster": null, "eingangstuer_leichte_fuehrung": null, "eingangstuer_radar_schluessel": null, "eingangstuer_euro_schluessel": null, "eingangstuer_wendekreis": null, "eingangstuer_breite": null, "rampe": null, "rampe_steigung": null, "treppe_vorhanden": null, "treppe_antirutsch": null, "treppe_blindenschrift": null, "treppe_gelaender": null, "treppe_kontrast_visuell": null, "treppe_kontrast_taktil": null, "treppe_stufenanzahl": null, "treppe_stufenhoehe": null, "rollstuhllift": null, "eingangsbereich_beschreibung": null, "gebaeudeinneres_gangbreite": null, "gebaeudeinneres_induktionsschleifen": null, "gebaeudeinneres_fuehrungsrillen": null, "gebaeudeinneres_ruhig": null, "gebaeudeinneres_beleuchtet": null, "aufzug_vorhanden": null, "aufzug_tuerbreite": null, "aufzug_tiefe": null, "aufzug_breite": null, "wctuer_typ": null, "wctuer_glasmarkierung": null, "wctuer_klingel_taster": null, "wctuer_leichte_fuehrung": null, "wctuer_radar_schluessel": null, "wctuer_euro_schluessel": null, "wctuer_wendekreis": null, "wctuer_breite": null, "wctuer_bemerkung": null, "wc_badewanne": null, "wc_dusche": null, "wc_spiegel": null, "wc_gelaender": null, "wc_deckenlifter": null, "wc_standlifter": null, "wc_liege": null, "wc_spiegelhoehe": null, "wc_handtuchspenderhoehe": null, "wc_seifenspender_hoehe": null, "wc_waschbecken_oberkante": null, "wc_waschbecken_hoehe_unterfahrbar": null, "wc_waschbecken_tiefe_unterfahrbar": null, "wc_buegel_rechts": null, "wc_buegel_links": null, "wc_buegel_distanz": null, "wc_buegelhoehe": null, "wc_sitzhoehe": null, "wc_platz_davor": null, "wc_platz_rechts": null, "wc_platz_links": null, "wc_spuelknopf_hinten": null, "wc_spuelknopf_rechts": null, "wc_spuelknopf_links": null, "wc_spuelknopf_hoehe": null, "wc_position_notruf": null, "wc_hoehe_notruf": null, "wc_bermerkung": null, "foto": null }, "geometry": { "type": "Point", "coordinates": [ 11.500428029902807, 48.10897369975276 ] } },
{ "type": "Feature", "id": "wc_finder_opendata.136", "geometry_name": "shape", "properties": { "name": "Waldfriedhof Neuer Teil - barrierefreie Toilette", "stadt": "München", "plz": 81377, "strasse": "Lorettoplatz", "hausnr": "3", "etage": "EG", "raumnummer": null, "oeffnungszeiten": "Öffnungszeiten: Nov.-Feb.: 8-17 Uhr | Mrz.: 8-18 Uhr | Apr.-Aug.: 8-20 Uhr | Sep.-Okt.: 8-19 Uhr", "kategorie": "barrierefrei", "preis": null, "wickeln": 0, "standort_beschreibung": null, "zustand": "teilweise Beeinträchtigung", "einschraenkungen": "muss derzeit manuell von Außen geöffnet werden", "mail": "waldfriedhof-neuer-teil@muenchen.de", "website": "https:\/\/www.muenchen.de", "telefon": null, "zustaendiges_referat": "Kommunalreferat", "erzeugt_bearbeitet": "28.03.2023 \/ 17.07.2023", "din_18040_1": 0, "toilette_fuer_alle": 1, "eignung_blindenhunde": 0, "eingangstuer_typ": null, "eingangstuer_glasmarkierung": 0, "eingangstuer_klingel_taster": 0, "eingangstuer_leichte_fuehrung": 0, "eingangstuer_radar_schluessel": 0, "eingangstuer_euro_schluessel": 0, "eingangstuer_wendekreis": null, "eingangstuer_breite": null, "rampe": null, "rampe_steigung": "2%", "treppe_vorhanden": 0, "treppe_antirutsch": 0, "treppe_blindenschrift": 0, "treppe_gelaender": 0, "treppe_kontrast_visuell": 0, "treppe_kontrast_taktil": 0, "treppe_stufenanzahl": null, "treppe_stufenhoehe": null, "rollstuhllift": 0, "eingangsbereich_beschreibung": null, "gebaeudeinneres_gangbreite": null, "gebaeudeinneres_induktionsschleifen": 0, "gebaeudeinneres_fuehrungsrillen": 0, "gebaeudeinneres_ruhig": 0, "gebaeudeinneres_beleuchtet": 0, "aufzug_vorhanden": 0, "aufzug_tuerbreite": null, "aufzug_tiefe": null, "aufzug_breite": null, "wctuer_typ": null, "wctuer_glasmarkierung": 0, "wctuer_klingel_taster": 0, "wctuer_leichte_fuehrung": 0, "wctuer_radar_schluessel": 0, "wctuer_euro_schluessel": 0, "wctuer_wendekreis": null, "wctuer_breite": null, "wctuer_bemerkung": null, "wc_badewanne": 0, "wc_dusche": 0, "wc_spiegel": 0, "wc_gelaender": 0, "wc_deckenlifter": 0, "wc_standlifter": 0, "wc_liege": 0, "wc_spiegelhoehe": null, "wc_handtuchspenderhoehe": null, "wc_seifenspender_hoehe": null, "wc_waschbecken_oberkante": null, "wc_waschbecken_hoehe_unterfahrbar": null, "wc_waschbecken_tiefe_unterfahrbar": null, "wc_buegel_rechts": 0, "wc_buegel_links": 0, "wc_buegel_distanz": null, "wc_buegelhoehe": null, "wc_sitzhoehe": null, "wc_platz_davor": null, "wc_platz_rechts": null, "wc_platz_links": null, "wc_spuelknopf_hinten": 0, "wc_spuelknopf_rechts": 0, "wc_spuelknopf_links": 0, "wc_spuelknopf_hoehe": null, "wc_position_notruf": null, "wc_hoehe_notruf": null, "wc_bermerkung": null, "foto": null }, "geometry": { "type": "Point", "coordinates": [ 11.48633020040411, 48.100390399595341 ] } },
{ "type": "Feature", "id": "wc_finder_opendata.137", "geometry_name": "shape", "properties": { "name": "Waldfriedhof ", "stadt": "München", "plz": 81377, "strasse": "Lorettoplatz ", "hausnr": "3", "etage": "EG", "raumnummer": null, "oeffnungszeiten": "Öffnungszeiten: Nov.-Feb.: 8-17 Uhr | Mrz.: 8-18 Uhr | Apr.-Aug.: 8-20 Uhr | Sep.-Okt.: 8-19 Uhr", "kategorie": "weiblich", "preis": null, "wickeln": 0, "standort_beschreibung": null, "zustand": "voll funktionsfähig", "einschraenkungen": null, "mail": "Waldfriedhof-neuer-teil@muenchen.de", "website": "https:\/\/www.muenchen.de", "telefon": null, "zustaendiges_referat": "Kommunalreferat", "erzeugt_bearbeitet": "14.07.2023 \/ 17.07.2023", "din_18040_1": null, "toilette_fuer_alle": null, "eignung_blindenhunde": null, "eingangstuer_typ": null, "eingangstuer_glasmarkierung": null, "eingangstuer_klingel_taster": null, "eingangstuer_leichte_fuehrung": null, "eingangstuer_radar_schluessel": null, "eingangstuer_euro_schluessel": null, "eingangstuer_wendekreis": null, "eingangstuer_breite": null, "rampe": null, "rampe_steigung": null, "treppe_vorhanden": null, "treppe_antirutsch": null, "treppe_blindenschrift": null, "treppe_gelaender": null, "treppe_kontrast_visuell": null, "treppe_kontrast_taktil": null, "treppe_stufenanzahl": null, "treppe_stufenhoehe": null, "rollstuhllift": null, "eingangsbereich_beschreibung": null, "gebaeudeinneres_gangbreite": null, "gebaeudeinneres_induktionsschleifen": null, "gebaeudeinneres_fuehrungsrillen": null, "gebaeudeinneres_ruhig": null, "gebaeudeinneres_beleuchtet": null, "aufzug_vorhanden": null, "aufzug_tuerbreite": null, "aufzug_tiefe": null, "aufzug_breite": null, "wctuer_typ": null, "wctuer_glasmarkierung": null, "wctuer_klingel_taster": null, "wctuer_leichte_fuehrung": null, "wctuer_radar_schluessel": null, "wctuer_euro_schluessel": null, "wctuer_wendekreis": null, "wctuer_breite": null, "wctuer_bemerkung": null, "wc_badewanne": null, "wc_dusche": null, "wc_spiegel": null, "wc_gelaender": null, "wc_deckenlifter": null, "wc_standlifter": null, "wc_liege": null, "wc_spiegelhoehe": null, "wc_handtuchspenderhoehe": null, "wc_seifenspender_hoehe": null, "wc_waschbecken_oberkante": null, "wc_waschbecken_hoehe_unterfahrbar": null, "wc_waschbecken_tiefe_unterfahrbar": null, "wc_buegel_rechts": null, "wc_buegel_links": null, "wc_buegel_distanz": null, "wc_buegelhoehe": null, "wc_sitzhoehe": null, "wc_platz_davor": null, "wc_platz_rechts": null, "wc_platz_links": null, "wc_spuelknopf_hinten": null, "wc_spuelknopf_rechts": null, "wc_spuelknopf_links": null, "wc_spuelknopf_hoehe": null, "wc_position_notruf": null, "wc_hoehe_notruf": null, "wc_bermerkung": null, "foto": null }, "geometry": { "type": "Point", "coordinates": [ 11.486363675022277, 48.100403861950717 ] } },
{ "type": "Feature", "id": "wc_finder_opendata.138", "geometry_name": "shape", "properties": { "name": "Waldfriedhof", "stadt": "München", "plz": 81377, "strasse": "Lorettoplatz", "hausnr": "3", "etage": "EG", "raumnummer": null, "oeffnungszeiten": "Öffnungszeiten: Nov.-Feb.: 8-17 Uhr | Mrz.: 8-18 Uhr | Apr.-Aug.: 8-20 Uhr | Sep.-Okt.: 8-19 Uhr", "kategorie": "männlich", "preis": null, "wickeln": 0, "standort_beschreibung": null, "zustand": "voll funktionsfähig", "einschraenkungen": null, "mail": "waldfriedhof-neuer-teil@muenchen.de", "website": "https:\/\/www.muenchen.de", "telefon": null, "zustaendiges_referat": "Kommunalreferat", "erzeugt_bearbeitet": "14.07.2023 \/ 17.07.2023", "din_18040_1": null, "toilette_fuer_alle": null, "eignung_blindenhunde": null, "eingangstuer_typ": null, "eingangstuer_glasmarkierung": null, "eingangstuer_klingel_taster": null, "eingangstuer_leichte_fuehrung": null, "eingangstuer_radar_schluessel": null, "eingangstuer_euro_schluessel": null, "eingangstuer_wendekreis": null, "eingangstuer_breite": null, "rampe": null, "rampe_steigung": null, "treppe_vorhanden": null, "treppe_antirutsch": null, "treppe_blindenschrift": null, "treppe_gelaender": null, "treppe_kontrast_visuell": null, "treppe_kontrast_taktil": null, "treppe_stufenanzahl": null, "treppe_stufenhoehe": null, "rollstuhllift": null, "eingangsbereich_beschreibung": null, "gebaeudeinneres_gangbreite": null, "gebaeudeinneres_induktionsschleifen": null, "gebaeudeinneres_fuehrungsrillen": null, "gebaeudeinneres_ruhig": null, "gebaeudeinneres_beleuchtet": null, "aufzug_vorhanden": null, "aufzug_tuerbreite": null, "aufzug_tiefe": null, "aufzug_breite": null, "wctuer_typ": null, "wctuer_glasmarkierung": null, "wctuer_klingel_taster": null, "wctuer_leichte_fuehrung": null, "wctuer_radar_schluessel": null, "wctuer_euro_schluessel": null, "wctuer_wendekreis": null, "wctuer_breite": null, "wctuer_bemerkung": null, "wc_badewanne": null, "wc_dusche": null, "wc_spiegel": null, "wc_gelaender": null, "wc_deckenlifter": null, "wc_standlifter": null, "wc_liege": null, "wc_spiegelhoehe": null, "wc_handtuchspenderhoehe": null, "wc_seifenspender_hoehe": null, "wc_waschbecken_oberkante": null, "wc_waschbecken_hoehe_unterfahrbar": null, "wc_waschbecken_tiefe_unterfahrbar": null, "wc_buegel_rechts": null, "wc_buegel_links": null, "wc_buegel_distanz": null, "wc_buegelhoehe": null, "wc_sitzhoehe": null, "wc_platz_davor": null, "wc_platz_rechts": null, "wc_platz_links": null, "wc_spuelknopf_hinten": null, "wc_spuelknopf_rechts": null, "wc_spuelknopf_links": null, "wc_spuelknopf_hoehe": null, "wc_position_notruf": null, "wc_hoehe_notruf": null, "wc_bermerkung": null, "foto": null }, "geometry": { "type": "Point", "coordinates": [ 11.486340660034815, 48.100405669403322 ] } },
{ "type": "Feature", "id": "wc_finder_opendata.139", "geometry_name": "shape", "properties": { "name": "Waldfriedhof", "stadt": "München", "plz": 81377, "strasse": "Fürstenrieder Str.", "hausnr": "288", "etage": "EG", "raumnummer": null, "oeffnungszeiten": "Öffnungszeiten: Nov.-Feb.: 8-17 Uhr | Mrz.: 8-18 Uhr | Apr.-Aug.: 8-20 Uhr | Sep.-Okt.: 8-19 Uhr", "kategorie": "weiblich", "preis": null, "wickeln": 0, "standort_beschreibung": null, "zustand": "voll funktionsfähig", "einschraenkungen": null, "mail": "waldfriedhof-alter-teil@muenchen.de", "website": "https:\/\/www.muenchen.de", "telefon": null, "zustaendiges_referat": "Kommunalreferat", "erzeugt_bearbeitet": "14.07.2023 \/ 14.07.2023", "din_18040_1": null, "toilette_fuer_alle": null, "eignung_blindenhunde": null, "eingangstuer_typ": null, "eingangstuer_glasmarkierung": null, "eingangstuer_klingel_taster": null, "eingangstuer_leichte_fuehrung": null, "eingangstuer_radar_schluessel": null, "eingangstuer_euro_schluessel": null, "eingangstuer_wendekreis": null, "eingangstuer_breite": null, "rampe": null, "rampe_steigung": null, "treppe_vorhanden": null, "treppe_antirutsch": null, "treppe_blindenschrift": null, "treppe_gelaender": null, "treppe_kontrast_visuell": null, "treppe_kontrast_taktil": null, "treppe_stufenanzahl": null, "treppe_stufenhoehe": null, "rollstuhllift": null, "eingangsbereich_beschreibung": null, "gebaeudeinneres_gangbreite": null, "gebaeudeinneres_induktionsschleifen": null, "gebaeudeinneres_fuehrungsrillen": null, "gebaeudeinneres_ruhig": null, "gebaeudeinneres_beleuchtet": null, "aufzug_vorhanden": null, "aufzug_tuerbreite": null, "aufzug_tiefe": null, "aufzug_breite": null, "wctuer_typ": null, "wctuer_glasmarkierung": null, "wctuer_klingel_taster": null, "wctuer_leichte_fuehrung": null, "wctuer_radar_schluessel": null, "wctuer_euro_schluessel": null, "wctuer_wendekreis": null, "wctuer_breite": null, "wctuer_bemerkung": null, "wc_badewanne": null, "wc_dusche": null, "wc_spiegel": null, "wc_gelaender": null, "wc_deckenlifter": null, "wc_standlifter": null, "wc_liege": null, "wc_spiegelhoehe": null, "wc_handtuchspenderhoehe": null, "wc_seifenspender_hoehe": null, "wc_waschbecken_oberkante": null, "wc_waschbecken_hoehe_unterfahrbar": null, "wc_waschbecken_tiefe_unterfahrbar": null, "wc_buegel_rechts": null, "wc_buegel_links": null, "wc_buegel_distanz": null, "wc_buegelhoehe": null, "wc_sitzhoehe": null, "wc_platz_davor": null, "wc_platz_rechts": null, "wc_platz_links": null, "wc_spuelknopf_hinten": null, "wc_spuelknopf_rechts": null, "wc_spuelknopf_links": null, "wc_spuelknopf_hoehe": null, "wc_position_notruf": null, "wc_hoehe_notruf": null, "wc_bermerkung": null, "foto": null }, "geometry": { "type": "Point", "coordinates": [ 11.501777676334731, 48.10860206933225 ] } },
{ "type": "Feature", "id": "wc_finder_opendata.140", "geometry_name": "shape", "properties": { "name": "Waldfriedhof", "stadt": "München", "plz": 81377, "strasse": "Fürstenrieder Str. ", "hausnr": "288", "etage": "EG", "raumnummer": null, "oeffnungszeiten": "Öffnungszeiten: Nov.-Feb.: 8-17 Uhr | Mrz.: 8-18 Uhr | Apr.-Aug.: 8-20 Uhr | Sep.-Okt.: 8-19 Uhr", "kategorie": "männlich", "preis": null, "wickeln": 0, "standort_beschreibung": null, "zustand": "voll funktionsfähig", "einschraenkungen": null, "mail": "waldfriedhof-alter-teil@muenchen.de", "website": "https:\/\/www.muenchen.de", "telefon": null, "zustaendiges_referat": "Kommunalreferat", "erzeugt_bearbeitet": "14.07.2023 \/ 14.07.2023", "din_18040_1": null, "toilette_fuer_alle": null, "eignung_blindenhunde": null, "eingangstuer_typ": null, "eingangstuer_glasmarkierung": null, "eingangstuer_klingel_taster": null, "eingangstuer_leichte_fuehrung": null, "eingangstuer_radar_schluessel": null, "eingangstuer_euro_schluessel": null, "eingangstuer_wendekreis": null, "eingangstuer_breite": null, "rampe": null, "rampe_steigung": null, "treppe_vorhanden": null, "treppe_antirutsch": null, "treppe_blindenschrift": null, "treppe_gelaender": null, "treppe_kontrast_visuell": null, "treppe_kontrast_taktil": null, "treppe_stufenanzahl": null, "treppe_stufenhoehe": null, "rollstuhllift": null, "eingangsbereich_beschreibung": null, "gebaeudeinneres_gangbreite": null, "gebaeudeinneres_induktionsschleifen": null, "gebaeudeinneres_fuehrungsrillen": null, "gebaeudeinneres_ruhig": null, "gebaeudeinneres_beleuchtet": null, "aufzug_vorhanden": null, "aufzug_tuerbreite": null, "aufzug_tiefe": null, "aufzug_breite": null, "wctuer_typ": null, "wctuer_glasmarkierung": null, "wctuer_klingel_taster": null, "wctuer_leichte_fuehrung": null, "wctuer_radar_schluessel": null, "wctuer_euro_schluessel": null, "wctuer_wendekreis": null, "wctuer_breite": null, "wctuer_bemerkung": null, "wc_badewanne": null, "wc_dusche": null, "wc_spiegel": null, "wc_gelaender": null, "wc_deckenlifter": null, "wc_standlifter": null, "wc_liege": null, "wc_spiegelhoehe": null, "wc_handtuchspenderhoehe": null, "wc_seifenspender_hoehe": null, "wc_waschbecken_oberkante": null, "wc_waschbecken_hoehe_unterfahrbar": null, "wc_waschbecken_tiefe_unterfahrbar": null, "wc_buegel_rechts": null, "wc_buegel_links": null, "wc_buegel_distanz": null, "wc_buegelhoehe": null, "wc_sitzhoehe": null, "wc_platz_davor": null, "wc_platz_rechts": null, "wc_platz_links": null, "wc_spuelknopf_hinten": null, "wc_spuelknopf_rechts": null, "wc_spuelknopf_links": null, "wc_spuelknopf_hoehe": null, "wc_position_notruf": null, "wc_hoehe_notruf": null, "wc_bermerkung": null, "foto": null }, "geometry": { "type": "Point", "coordinates": [ 11.501775889189863, 48.108543304035642 ] } },
{ "type": "Feature", "id": "wc_finder_opendata.141", "geometry_name": "shape", "properties": { "name": "Besuchertoiletten Friedhof Allach", "stadt": "München", "plz": 80999, "strasse": "Eversbuschstraße", "hausnr": "197", "etage": "EG", "raumnummer": null, "oeffnungszeiten": "Saisonal abhängig von Öffnungszeiten der Friedhöfe", "kategorie": "weiblich", "preis": null, "wickeln": 0, "standort_beschreibung": null, "zustand": "voll funktionsfähig", "einschraenkungen": null, "mail": "im-bfv.kom@muenchen.de", "website": null, "telefon": null, "zustaendiges_referat": "Kommunalreferat", "erzeugt_bearbeitet": "12.07.2023 \/ 12.07.2023", "din_18040_1": null, "toilette_fuer_alle": null, "eignung_blindenhunde": null, "eingangstuer_typ": null, "eingangstuer_glasmarkierung": null, "eingangstuer_klingel_taster": null, "eingangstuer_leichte_fuehrung": null, "eingangstuer_radar_schluessel": null, "eingangstuer_euro_schluessel": null, "eingangstuer_wendekreis": null, "eingangstuer_breite": null, "rampe": null, "rampe_steigung": null, "treppe_vorhanden": null, "treppe_antirutsch": null, "treppe_blindenschrift": null, "treppe_gelaender": null, "treppe_kontrast_visuell": null, "treppe_kontrast_taktil": null, "treppe_stufenanzahl": null, "treppe_stufenhoehe": null, "rollstuhllift": null, "eingangsbereich_beschreibung": null, "gebaeudeinneres_gangbreite": null, "gebaeudeinneres_induktionsschleifen": null, "gebaeudeinneres_fuehrungsrillen": null, "gebaeudeinneres_ruhig": null, "gebaeudeinneres_beleuchtet": null, "aufzug_vorhanden": null, "aufzug_tuerbreite": null, "aufzug_tiefe": null, "aufzug_breite": null, "wctuer_typ": null, "wctuer_glasmarkierung": null, "wctuer_klingel_taster": null, "wctuer_leichte_fuehrung": null, "wctuer_radar_schluessel": null, "wctuer_euro_schluessel": null, "wctuer_wendekreis": null, "wctuer_breite": null, "wctuer_bemerkung": null, "wc_badewanne": null, "wc_dusche": null, "wc_spiegel": null, "wc_gelaender": null, "wc_deckenlifter": null, "wc_standlifter": null, "wc_liege": null, "wc_spiegelhoehe": null, "wc_handtuchspenderhoehe": null, "wc_seifenspender_hoehe": null, "wc_waschbecken_oberkante": null, "wc_waschbecken_hoehe_unterfahrbar": null, "wc_waschbecken_tiefe_unterfahrbar": null, "wc_buegel_rechts": null, "wc_buegel_links": null, "wc_buegel_distanz": null, "wc_buegelhoehe": null, "wc_sitzhoehe": null, "wc_platz_davor": null, "wc_platz_rechts": null, "wc_platz_links": null, "wc_spuelknopf_hinten": null, "wc_spuelknopf_rechts": null, "wc_spuelknopf_links": null, "wc_spuelknopf_hoehe": null, "wc_position_notruf": null, "wc_hoehe_notruf": null, "wc_bermerkung": null, "foto": null }, "geometry": { "type": "Point", "coordinates": [ 11.457078280765799, 48.200447311718065 ] } },
{ "type": "Feature", "id": "wc_finder_opendata.142", "geometry_name": "shape", "properties": { "name": "Aussegnungshalle FH Obermenzing", "stadt": "München", "plz": 81245, "strasse": "Bergsonstraße", "hausnr": "34", "etage": "EG", "raumnummer": null, "oeffnungszeiten": "Abhängig von saisonalen Öffnungszeiten des Friedhofs", "kategorie": "weiblich", "preis": null, "wickeln": 0, "standort_beschreibung": null, "zustand": "voll funktionsfähig", "einschraenkungen": null, "mail": "im-bfv.kom@muenchen.de", "website": null, "telefon": null, "zustaendiges_referat": "Baureferat", "erzeugt_bearbeitet": "12.07.2023 \/ 12.07.2023", "din_18040_1": null, "toilette_fuer_alle": null, "eignung_blindenhunde": null, "eingangstuer_typ": null, "eingangstuer_glasmarkierung": null, "eingangstuer_klingel_taster": null, "eingangstuer_leichte_fuehrung": null, "eingangstuer_radar_schluessel": null, "eingangstuer_euro_schluessel": null, "eingangstuer_wendekreis": null, "eingangstuer_breite": null, "rampe": null, "rampe_steigung": null, "treppe_vorhanden": null, "treppe_antirutsch": null, "treppe_blindenschrift": null, "treppe_gelaender": null, "treppe_kontrast_visuell": null, "treppe_kontrast_taktil": null, "treppe_stufenanzahl": null, "treppe_stufenhoehe": null, "rollstuhllift": null, "eingangsbereich_beschreibung": null, "gebaeudeinneres_gangbreite": null, "gebaeudeinneres_induktionsschleifen": null, "gebaeudeinneres_fuehrungsrillen": null, "gebaeudeinneres_ruhig": null, "gebaeudeinneres_beleuchtet": null, "aufzug_vorhanden": null, "aufzug_tuerbreite": null, "aufzug_tiefe": null, "aufzug_breite": null, "wctuer_typ": null, "wctuer_glasmarkierung": null, "wctuer_klingel_taster": null, "wctuer_leichte_fuehrung": null, "wctuer_radar_schluessel": null, "wctuer_euro_schluessel": null, "wctuer_wendekreis": null, "wctuer_breite": null, "wctuer_bemerkung": null, "wc_badewanne": null, "wc_dusche": null, "wc_spiegel": null, "wc_gelaender": null, "wc_deckenlifter": null, "wc_standlifter": null, "wc_liege": null, "wc_spiegelhoehe": null, "wc_handtuchspenderhoehe": null, "wc_seifenspender_hoehe": null, "wc_waschbecken_oberkante": null, "wc_waschbecken_hoehe_unterfahrbar": null, "wc_waschbecken_tiefe_unterfahrbar": null, "wc_buegel_rechts": null, "wc_buegel_links": null, "wc_buegel_distanz": null, "wc_buegelhoehe": null, "wc_sitzhoehe": null, "wc_platz_davor": null, "wc_platz_rechts": null, "wc_platz_links": null, "wc_spuelknopf_hinten": null, "wc_spuelknopf_rechts": null, "wc_spuelknopf_links": null, "wc_spuelknopf_hoehe": null, "wc_position_notruf": null, "wc_hoehe_notruf": null, "wc_bermerkung": null, "foto": null }, "geometry": { "type": "Point", "coordinates": [ 11.448340992351302, 48.164873610727859 ] } }
]
}
